Format Version,1.23,Take Name,Take 2025-07-31 09.20.23 AM,Take Notes,,Capture Frame Rate,60.000000,Export Frame Rate,60.000000,Capture Start Time,2025-07-31 09.20.24.047 AM,Total Frames in Take,2141,Total Exported Frames,2141,Rotation Type,XYZ,Length Units,Meters,Coordinate Space,Global

,Type,Rigid Body,Rigid Body,Rigid Body,Rigid Body,Rigid Body,Rigid Body
,Name,Ball,Ball,Ball,Ball,Ball,Ball
,ID,"CF199A9F6DD111F05A805CBF6EB0E395","CF199A9F6DD111F05A805CBF6EB0E395","CF199A9F6DD111F05A805CBF6EB0E395","CF199A9F6DD111F05A805CBF6EB0E395","CF199A9F6DD111F05A805CBF6EB0E395","CF199A9F6DD111F05A805CBF6EB0E395"
,,Rotation,Rotation,Rotation,Position,Position,Position
Frame,Time (Seconds),X,Y,Z,X,Y,Z
0,0.000000,165.153473,-72.594963,170.649963,0.819460,0.819779,0.331846
1,0.016667,163.540756,-72.886810,168.611862,0.820808,0.829014,0.332299
2,0.033333,164.837616,-72.712143,170.998123,0.820174,0.838263,0.334911
3,0.050000,164.256882,-72.894516,170.311752,0.820946,0.846359,0.335856
4,0.066667,161.585739,-72.646019,168.532822,0.821602,0.856507,0.338436
5,0.083333,162.417130,-72.501137,169.097076,0.821659,0.864531,0.339146
6,0.100000,161.537476,-72.622932,168.617828,0.822415,0.873189,0.340749
7,0.116667,161.563080,-72.811447,168.217087,0.822236,0.882486,0.341312
8,0.133333,161.278549,-72.410614,168.490097,0.822871,0.889711,0.343207
9,0.150000,162.093521,-72.557518,169.946106,0.822558,0.898454,0.344880
10,0.166667,162.093582,-72.491035,169.301605,0.823182,0.905807,0.345031
11,0.183333,162.607666,-72.446548,170.337219,0.823236,0.913673,0.346565
12,0.200000,162.970505,-72.692284,170.870300,0.823106,0.921060,0.347953
13,0.216667,161.583923,-72.392860,169.317474,0.824277,0.927857,0.347989
14,0.233333,161.980362,-72.896858,170.201492,0.823573,0.935575,0.349295
15,0.250000,161.642807,-72.563606,169.790222,0.824419,0.942122,0.349665
16,0.266667,160.704681,-72.384460,168.613586,0.824977,0.949589,0.349437
17,0.283333,160.831497,-72.430122,169.153946,0.825510,0.955407,0.350701
18,0.300000,161.047836,-72.387360,169.459625,0.824943,0.961871,0.351022
19,0.316667,159.569382,-72.015129,168.404358,0.826123,0.967920,0.351643
20,0.333333,160.842850,-72.518089,169.409515,0.826086,0.974520,0.351102
21,0.350000,161.833939,-72.475655,170.258545,0.825955,0.980745,0.350889
22,0.366667,162.243408,-72.309708,170.690384,0.826191,0.987400,0.350489
23,0.383333,162.674789,-72.692528,171.216339,0.825843,0.993325,0.349775
24,0.400000,160.634460,-72.704819,168.496704,0.827486,0.999434,0.348852
25,0.416667,162.939102,-72.348900,171.459259,0.826337,1.006496,0.349006
26,0.433333,,,,,,
27,0.450000,160.394836,-72.004814,167.931778,0.828155,1.018945,0.345955
28,0.466667,159.604340,-72.340942,167.878067,0.827360,1.024917,0.346145
29,0.483333,158.063644,-71.877251,165.854538,0.828127,1.031451,0.344531
30,0.500000,158.847656,-72.048347,165.934769,0.828361,1.036465,0.342043
31,0.516667,158.220551,-71.805321,165.243576,0.829414,1.042530,0.340922
32,0.533333,160.721451,-71.921707,168.119339,0.827848,1.048422,0.339912
33,0.550000,159.786560,-72.013489,167.485428,0.828177,1.053560,0.339060
34,0.566667,161.636902,-72.008080,168.616943,0.827884,1.058748,0.336376
35,0.583333,162.069366,-72.216003,169.973648,0.827337,1.064157,0.336069
36,0.600000,160.746399,-71.967979,167.818863,0.828008,1.068498,0.332620
37,0.616667,163.637665,-72.110252,171.218262,0.826791,1.072976,0.332093
38,0.633333,160.844727,-71.915878,167.198380,0.828178,1.077419,0.328470
39,0.650000,161.256729,-71.740425,168.414108,0.827457,1.081020,0.327507
40,0.666667,159.196732,-71.713165,165.784943,0.828143,1.086161,0.325024
41,0.683333,159.646255,-71.487900,166.254120,0.827625,1.090598,0.322901
42,0.700000,161.323410,-71.690369,167.567963,0.827177,1.094399,0.320433
43,0.716667,161.553680,-72.053467,167.891617,0.826894,1.098828,0.317924
44,0.733333,162.694305,-71.919449,169.138107,0.825881,1.103258,0.315793
45,0.750000,163.712006,-71.787201,170.781219,0.825558,1.107878,0.313899
46,0.766667,164.175079,-71.891357,171.825760,0.824663,1.111837,0.312804
47,0.783333,162.864319,-71.712479,168.901810,0.825662,1.115719,0.307877
48,0.800000,162.688858,-71.822678,168.265671,0.824797,1.119532,0.305511
49,0.816667,162.215790,-71.366943,168.362228,0.825056,1.123312,0.303540
50,0.833333,163.424118,-71.241814,169.545700,0.823954,1.125808,0.301377
51,0.850000,161.849777,-70.999924,167.787140,0.824127,1.128412,0.298665
52,0.866667,161.600784,-71.018265,166.784073,0.824227,1.130820,0.295310
53,0.883333,161.618500,-70.843407,166.627090,0.823866,1.133044,0.292675
54,0.900000,163.443512,-71.180489,168.576569,0.822838,1.132618,0.290043
55,0.916667,163.162735,-71.088554,168.330872,0.822545,1.133817,0.287658
56,0.933333,164.857544,-71.038841,170.018982,0.821743,1.133413,0.285154
57,0.950000,166.013489,-71.186333,170.939178,0.820835,1.132362,0.282214
58,0.966667,166.205826,-71.119247,171.567078,0.820261,1.130747,0.280246
59,0.983333,164.224731,-70.699440,169.524170,0.820566,1.129119,0.277615
60,1.000000,167.176361,-71.063072,171.979736,0.819119,1.125475,0.274812
61,1.016667,166.838745,-71.020912,171.223907,0.819124,1.122378,0.272001
62,1.033333,167.137894,-70.608925,171.622040,0.818334,1.118460,0.269973
63,1.050000,167.910416,-70.424431,172.194763,0.817308,1.113339,0.267988
64,1.066667,166.708694,-70.172600,170.057785,0.817835,1.108356,0.265029
65,1.083333,166.032181,-69.942368,168.288467,0.817571,1.103788,0.261250
66,1.100000,167.372818,-69.962997,169.984085,0.816675,1.097496,0.260219
67,1.116667,167.449738,-69.983772,169.657211,0.816033,1.091763,0.257695
68,1.133333,168.801468,-70.326637,170.026749,0.815096,1.085473,0.255056
69,1.150000,170.643738,-69.949127,172.930710,0.813895,1.077878,0.254718
70,1.166667,169.630325,-70.133446,171.128738,0.814347,1.071262,0.252436
71,1.183333,171.444199,-70.109924,173.809082,0.812238,1.063811,0.252556
72,1.200000,172.385574,-70.061394,174.232864,0.811627,1.056660,0.250420
73,1.216667,172.186539,-69.828705,173.883133,0.811418,1.048457,0.249285
74,1.233333,170.467575,-69.982880,172.162079,0.811556,1.041788,0.249053
75,1.250000,173.027740,-69.976929,174.027069,0.810032,1.033626,0.247409
76,1.266667,172.775284,-69.738281,174.647141,0.809234,1.025322,0.248296
77,1.283333,173.192505,-69.746521,174.341705,0.809024,1.017326,0.247052
78,1.300000,172.574280,-69.780663,174.812637,0.808722,1.010304,0.248543
79,1.316667,175.224319,-69.890572,177.635544,0.807127,1.001666,0.248739
80,1.333333,175.393585,-69.809097,178.254532,0.806826,0.993549,0.249624
81,1.350000,174.073914,-70.096046,176.204559,0.807678,0.985909,0.249220
82,1.366667,176.290451,-69.865341,179.348236,0.805991,0.978832,0.251160
83,1.383333,174.518951,-70.010262,177.715912,0.806731,0.971560,0.252061
84,1.400000,174.632523,-69.797089,178.250626,0.806017,0.964948,0.253606
85,1.416667,174.609787,-69.788208,177.947708,0.806640,0.957404,0.254536
86,1.433333,173.257935,-69.478813,177.226089,0.807108,0.951009,0.256629
87,1.450000,174.420242,-69.662415,179.650314,0.806334,0.945163,0.259611
88,1.466667,173.205154,-69.662155,177.306229,0.807870,0.938637,0.259584
89,1.483333,174.598038,-69.728806,-179.923630,0.807136,0.932927,0.263196
90,1.500000,175.335022,-69.859383,-178.652008,0.807067,0.928138,0.265148
91,1.516667,172.695145,-69.654915,177.346451,0.809890,0.923016,0.265181
92,1.533333,173.975708,-69.760208,-179.629517,0.809646,0.919004,0.269018
93,1.550000,172.221466,-69.771095,177.943115,0.811870,0.914923,0.270137
94,1.566667,172.180786,-69.536095,178.947769,0.812022,0.911784,0.273314
95,1.583333,171.040329,-69.521866,177.587799,0.813658,0.908348,0.275081
96,1.600000,169.003143,-69.622932,175.246399,0.816274,0.905273,0.276745
97,1.616667,168.931534,-69.463150,176.158386,0.816728,0.902160,0.279921
98,1.633333,166.947983,-69.455589,172.971497,0.819651,0.898412,0.280137
99,1.650000,167.254364,-69.504181,173.544037,0.820414,0.895603,0.282327
100,1.666667,165.882492,-69.418808,172.299286,0.822747,0.893028,0.284208
101,1.683333,165.366409,-69.073288,172.648544,0.823672,0.890188,0.287148
102,1.700000,164.574829,-69.357162,171.456787,0.825794,0.886685,0.288347
103,1.716667,165.483017,-69.493828,171.730408,0.826934,0.883208,0.289204
104,1.733333,164.112350,-69.490944,170.981583,0.828505,0.880471,0.291859
105,1.750000,163.665787,-69.485275,170.147888,0.830298,0.877728,0.292483
106,1.766667,162.716507,-69.189598,169.340576,0.831821,0.874987,0.294628
107,1.783333,161.418762,-69.010170,168.309708,0.833627,0.872185,0.296577
108,1.800000,160.437439,-69.010902,167.933334,0.835195,0.869317,0.298804
109,1.816667,160.693924,-68.794724,168.705048,0.835965,0.867108,0.300918
110,1.833333,161.181122,-69.190300,168.691406,0.837156,0.865252,0.300878
111,1.850000,161.814224,-69.580132,169.765945,0.838019,0.862292,0.302722
112,1.866667,161.085007,-69.501854,169.649948,0.839362,0.859857,0.304412
113,1.883333,161.847717,-69.971916,169.487640,0.840623,0.856370,0.304038
114,1.900000,161.499283,-69.719200,168.983475,0.841771,0.853886,0.304775
115,1.916667,160.424271,-69.811996,167.951691,0.843217,0.850888,0.305884
116,1.933333,161.085434,-70.115692,168.681244,0.843008,0.847861,0.307038
117,1.950000,160.276505,-69.877190,167.513611,0.844637,0.845051,0.307129
118,1.966667,160.488663,-70.190361,166.991394,0.845742,0.842207,0.307124
119,1.983333,159.954605,-70.235718,166.805145,0.846654,0.839955,0.308114
120,2.000000,161.123779,-70.634239,167.622192,0.846743,0.837332,0.308259
121,2.016667,161.090179,-71.004593,167.288254,0.847330,0.835684,0.308382
122,2.033333,163.403931,-71.307190,169.730408,0.846993,0.834067,0.308827
123,2.050000,163.857193,-71.521820,169.786682,0.847326,0.832954,0.308665
124,2.066667,163.981873,-71.634476,169.852768,0.847733,0.832347,0.308800
125,2.083333,162.643295,-71.546257,167.981400,0.849252,0.831690,0.308544
126,2.100000,163.809814,-71.847008,169.399841,0.848975,0.831060,0.309027
127,2.116667,162.544876,-71.640732,167.744125,0.849621,0.831871,0.309308
128,2.133333,162.691345,-71.962334,166.923477,0.849959,0.832809,0.308786
129,2.150000,161.862198,-71.719757,166.162354,0.849726,0.835337,0.309851
130,2.166667,160.741470,-72.293419,164.061569,0.851233,0.836582,0.309383
131,2.183333,161.160385,-72.286362,164.647781,0.851059,0.838977,0.309523
132,2.200000,163.154510,-72.478645,167.847260,0.850298,0.841302,0.311742
133,2.216667,164.701752,-72.870750,169.204285,0.849335,0.845200,0.311782
134,2.233333,163.138443,-72.969093,168.171997,0.849987,0.848602,0.313340
135,2.250000,162.874252,-73.271141,167.271149,0.850300,0.852547,0.313067
136,2.266667,164.017838,-73.499535,168.438217,0.849220,0.857358,0.314203
137,2.283333,164.272202,-73.789597,169.055374,0.848718,0.861974,0.315566
138,2.300000,161.841202,-73.582932,166.381729,0.849372,0.867561,0.316456
139,2.316667,161.011108,-73.620224,165.595779,0.849616,0.873291,0.317269
140,2.333333,161.163101,-74.227173,166.028839,0.848838,0.879503,0.318665
141,2.350000,161.555069,-74.491135,166.955978,0.848434,0.885440,0.320609
142,2.366667,162.101120,-74.722816,167.549377,0.848115,0.892685,0.321293
143,2.383333,162.919357,-74.876297,168.957748,0.847264,0.900200,0.323100
144,2.400000,162.440826,-75.228172,168.684204,0.847073,0.907395,0.324545
145,2.416667,164.624725,-75.429596,171.230713,0.846067,0.915501,0.325851
146,2.433333,161.432404,-75.285896,167.388519,0.846987,0.923149,0.326330
147,2.450000,160.546707,-75.552315,166.979446,0.846849,0.931433,0.328263
148,2.466667,160.826340,-75.988365,167.112717,0.846256,0.939531,0.329413
149,2.483333,158.301743,-75.465195,164.987381,0.847105,0.948084,0.331221
150,2.500000,158.084671,-76.106491,163.982864,0.846228,0.955851,0.331259
151,2.516667,157.014343,-75.861786,163.865265,0.846400,0.964141,0.333521
152,2.533333,156.894684,-76.250481,163.103683,0.846296,0.972317,0.333627
153,2.550000,157.555573,-76.627609,164.633835,0.845939,0.979771,0.335695
154,2.566667,158.170410,-76.780251,164.848862,0.845472,0.987825,0.335872
155,2.583333,157.220627,-77.028900,164.334183,0.845730,0.996020,0.337468
156,2.600000,157.885803,-77.315811,164.329178,0.845600,1.003324,0.337336
157,2.616667,157.926178,-77.367584,163.895584,0.844795,1.011126,0.337762
158,2.633333,155.019562,-77.747795,161.921707,0.845036,1.018271,0.339830
159,2.650000,155.229263,-77.531960,161.689560,0.844759,1.024811,0.339935
160,2.666667,155.832397,-77.962799,162.436768,0.843725,1.032179,0.340974
161,2.683333,153.586685,-77.576485,160.013794,0.844297,1.038462,0.341262
162,2.700000,153.207855,-77.703812,158.843277,0.844104,1.045384,0.340934
163,2.716667,153.946335,-78.300026,160.979904,0.843487,1.051777,0.343395
164,2.733333,155.332703,-78.493187,162.612183,0.842100,1.057345,0.343894
165,2.750000,153.921722,-79.052925,161.023102,0.842684,1.063851,0.343392
166,2.766667,154.523941,-79.150787,162.401413,0.841877,1.070047,0.344446
167,2.783333,155.214844,-79.334412,163.662674,0.841700,1.075446,0.345733
168,2.800000,155.894379,-79.676170,164.220947,0.841049,1.080074,0.345360
169,2.816667,154.176407,-79.392670,162.138260,0.841605,1.085669,0.344821
170,2.833333,155.306030,-80.061996,163.558929,0.840442,1.090703,0.345256
171,2.850000,152.620056,-79.952339,160.801987,0.840813,1.095183,0.345006
172,2.866667,153.355560,-79.814476,161.308945,0.840797,1.099585,0.344465
173,2.883333,154.379974,-80.387047,162.240219,0.840350,1.104165,0.343645
174,2.900000,149.545029,-80.008430,157.299728,0.841683,1.107984,0.342981
175,2.916667,153.148941,-80.460449,160.876846,0.840637,1.112491,0.342524
176,2.933333,152.053894,-80.570396,159.998077,0.840419,1.117105,0.342029
177,2.950000,150.681458,-80.746521,158.976410,0.840895,1.121420,0.341572
178,2.966667,153.448654,-81.079117,161.685486,0.839964,1.124684,0.340309
179,2.983333,152.686417,-81.175491,161.222809,0.840394,1.128601,0.339137
180,3.000000,150.809280,-80.878235,158.891418,0.841109,1.130901,0.337830
181,3.016667,152.525589,-81.126144,160.694641,0.840489,1.133808,0.337038
182,3.033333,148.032486,-80.857170,155.640411,0.841479,1.135615,0.334865
183,3.050000,146.837479,-80.739967,154.273941,0.841581,1.137242,0.333439
184,3.066667,145.839584,-80.588005,153.156525,0.841882,1.137234,0.331852
185,3.083333,147.279999,-80.598122,154.813660,0.841899,1.136057,0.330703
186,3.100000,143.002747,-80.428314,149.325348,0.843283,1.135032,0.327960
187,3.116667,143.703430,-80.571793,150.142624,0.843065,1.133937,0.326564
188,3.133333,144.043152,-80.735619,150.303741,0.842739,1.131826,0.324895
189,3.150000,145.153580,-81.121017,151.497467,0.842556,1.128588,0.323320
190,3.166667,142.372025,-80.766693,148.027664,0.843620,1.125555,0.320594
191,3.183333,143.405853,-80.797852,148.766739,0.843254,1.121294,0.318832
192,3.200000,142.598984,-80.741478,147.304855,0.843913,1.117363,0.316230
193,3.216667,147.896896,-81.137665,151.892563,0.842296,1.112221,0.314150
194,3.233333,142.701843,-80.597404,146.999191,0.843008,1.108811,0.312910
195,3.250000,141.631561,-80.519180,144.859879,0.843245,1.104577,0.310290
196,3.266667,142.390579,-80.502983,145.894547,0.842794,1.099341,0.309530
197,3.283333,142.237701,-80.776482,145.181900,0.842646,1.094528,0.307062
198,3.300000,139.314926,-80.412621,142.118057,0.843339,1.089694,0.305691
199,3.316667,139.067764,-80.406616,141.888351,0.843123,1.084982,0.304416
200,3.333333,141.743942,-80.844513,144.302719,0.841883,1.079121,0.302824
201,3.350000,143.533508,-80.971497,146.663498,0.841286,1.073431,0.302548
202,3.366667,143.593536,-81.022285,146.834152,0.840661,1.067873,0.301547
203,3.383333,143.920212,-81.153015,146.861938,0.839697,1.061885,0.300219
204,3.400000,144.744247,-81.329414,147.785843,0.839113,1.055074,0.299341
205,3.416667,144.593842,-81.320702,147.795654,0.838741,1.048287,0.298619
206,3.433333,145.164413,-81.345482,148.684464,0.838006,1.041587,0.298590
207,3.450000,143.969116,-81.405174,147.016281,0.837618,1.034816,0.296989
208,3.466667,147.575485,-81.594986,151.182632,0.836341,1.028554,0.297397
209,3.483333,150.202209,-81.935677,154.520523,0.833793,1.022249,0.298001
210,3.500000,146.404541,-81.876320,149.944702,0.834891,1.015501,0.296163
211,3.516667,146.903625,-81.888542,151.937500,0.833978,1.009382,0.298081
212,3.533333,147.846542,-81.994987,152.821289,0.833534,1.002691,0.297545
213,3.550000,149.597107,-82.007736,153.877548,0.832244,0.997558,0.296337
214,3.566667,147.418167,-82.030373,152.221832,0.832076,0.992266,0.296597
215,3.583333,147.230637,-82.192108,152.337173,0.831753,0.987147,0.296791
216,3.600000,145.168259,-81.988091,150.640610,0.830995,0.982601,0.297593
217,3.616667,145.194458,-82.175179,149.822708,0.830561,0.978010,0.296217
218,3.633333,145.446686,-81.925385,150.546188,0.829738,0.973869,0.297139
219,3.650000,143.687012,-82.089981,148.782394,0.829764,0.968872,0.297474
220,3.666667,142.530685,-82.430542,147.085709,0.828885,0.964598,0.296460
221,3.683333,145.257568,-82.200066,150.386993,0.828125,0.960256,0.296935
222,3.700000,148.918594,-82.342972,153.244141,0.827472,0.955128,0.295880
223,3.716667,146.599014,-82.668869,151.947800,0.827009,0.950104,0.297556
224,3.733333,147.202515,-82.639061,152.301422,0.826612,0.945299,0.296929
225,3.750000,145.338776,-82.767075,150.848663,0.826491,0.940816,0.297815
226,3.766667,149.229462,-83.186180,154.777390,0.825409,0.935847,0.297475
227,3.783333,148.722351,-83.291130,154.640610,0.824784,0.931556,0.298664
228,3.800000,147.278580,-82.798553,152.778122,0.824786,0.927716,0.297663
229,3.816667,145.415405,-82.922417,150.473251,0.824985,0.922926,0.297427
230,3.833333,145.606674,-82.972107,150.726639,0.824362,0.918634,0.297620
231,3.850000,143.762115,-82.769814,149.008774,0.824361,0.914905,0.297924
232,3.866667,141.246414,-82.378059,145.594376,0.825061,0.910917,0.296812
233,3.883333,145.483093,-82.701195,151.153381,0.824046,0.906945,0.298884
234,3.900000,143.935913,-83.010666,148.901276,0.823727,0.904109,0.297984
235,3.916667,143.346970,-83.013023,148.722305,0.823784,0.899892,0.298964
236,3.933333,143.914963,-83.139885,149.173157,0.823753,0.896644,0.298892
237,3.950000,144.337631,-82.859497,149.554138,0.824015,0.892536,0.298749
238,3.966667,145.592590,-83.295326,150.665115,0.822877,0.889933,0.298900
239,3.983333,144.012894,-83.187447,149.024231,0.823190,0.886711,0.299169
240,4.000000,142.123077,-83.260033,146.536667,0.823373,0.884163,0.299032
241,4.016667,141.527130,-82.805473,146.772247,0.823877,0.881268,0.300536
242,4.033333,138.537949,-83.311035,143.115631,0.823822,0.878550,0.299885
243,4.050000,141.257599,-83.412048,145.747711,0.823280,0.876519,0.300146
244,4.066667,141.457703,-83.700325,145.712006,0.823081,0.874278,0.300418
245,4.083333,138.981995,-83.587097,143.476532,0.823944,0.872544,0.300995
246,4.100000,139.789642,-83.832169,144.648941,0.823786,0.870889,0.301976
247,4.116667,143.072418,-83.837708,148.968735,0.823631,0.869443,0.303838
248,4.133333,142.035248,-83.692703,147.501144,0.823883,0.868404,0.303796
249,4.150000,140.765396,-83.676140,146.277985,0.824053,0.867724,0.304456
250,4.166667,137.786560,-83.331100,142.982178,0.824774,0.867253,0.304740
251,4.183333,133.879059,-83.218002,138.361023,0.825752,0.866848,0.304538
252,4.200000,134.322495,-83.438805,138.757095,0.825759,0.867416,0.305147
253,4.216667,136.746964,-83.598686,141.735779,0.825808,0.868746,0.306757
254,4.233333,133.087708,-83.130219,137.566360,0.826913,0.870098,0.306448
255,4.250000,133.622894,-83.299141,138.888687,0.826700,0.872680,0.308277
256,4.266667,134.306442,-83.506416,139.815475,0.826616,0.876238,0.309096
257,4.283333,137.288193,-84.165810,142.667725,0.825956,0.879573,0.309608
258,4.300000,133.676743,-84.013313,139.114990,0.827113,0.883604,0.310460
259,4.316667,134.775269,-84.067680,140.270691,0.826940,0.888465,0.311740
260,4.333333,132.612823,-83.878349,137.823196,0.827663,0.893625,0.311861
261,4.350000,131.215225,-84.318466,135.937592,0.827451,0.900135,0.312400
262,4.366667,131.459671,-83.784592,135.958939,0.828243,0.906754,0.313274
263,4.383333,132.338104,-84.066704,138.018799,0.828252,0.914041,0.315597
264,4.400000,127.471848,-83.638062,131.844940,0.829537,0.921829,0.314789
265,4.416667,131.152847,-83.966019,136.796280,0.829283,0.929270,0.317529
266,4.433333,130.142288,-83.964706,134.815140,0.830188,0.936808,0.316896
267,4.450000,130.045868,-84.426033,135.062668,0.829586,0.945058,0.318844
268,4.466667,129.351196,-84.172264,134.748230,0.830255,0.952692,0.320358
269,4.483333,130.773193,-84.357338,135.703278,0.830218,0.960463,0.320859
270,4.500000,132.056580,-84.624466,136.609421,0.830320,0.968964,0.320864
271,4.516667,132.411499,-84.378670,137.941086,0.831266,0.975679,0.323864
272,4.533333,130.060669,-83.656425,135.675812,0.832822,0.982495,0.324812
273,4.550000,130.756271,-84.533905,136.209610,0.831618,0.990557,0.326071
274,4.566667,128.570206,-84.625641,133.606018,0.832258,0.997527,0.326367
275,4.583333,130.434296,-84.511429,135.912933,0.832631,1.004769,0.328178
276,4.600000,127.683479,-85.025864,132.643555,0.833227,1.011426,0.328510
277,4.616667,128.679749,-84.842430,134.285370,0.833712,1.018740,0.330323
278,4.633333,129.495697,-84.757652,135.155243,0.834698,1.025922,0.331550
279,4.650000,129.328629,-84.947502,135.515274,0.834726,1.033043,0.333362
280,4.666667,131.897583,-84.830841,138.562347,0.834953,1.039990,0.334712
281,4.683333,125.797371,-84.668755,132.307739,0.836459,1.047122,0.335307
282,4.700000,126.055611,-84.458412,133.276001,0.837041,1.053759,0.337074
283,4.716667,129.914124,-84.741776,136.912140,0.836794,1.060721,0.337549
284,4.733333,125.118996,-84.013283,131.554245,0.838736,1.067006,0.337772
285,4.750000,120.968254,-84.303223,127.707001,0.839709,1.073176,0.338729
286,4.766667,120.227493,-83.805580,126.586327,0.840891,1.079256,0.338333
287,4.783333,125.378960,-84.311317,132.419037,0.840079,1.084931,0.340515
288,4.800000,122.000885,-83.954735,128.568939,0.841830,1.089891,0.340126
289,4.816667,122.262474,-84.127945,129.766113,0.842048,1.095324,0.341245
290,4.833333,120.483963,-84.035271,127.756393,0.843178,1.100413,0.341836
291,4.850000,122.526352,-84.245430,130.021484,0.843552,1.103361,0.342071
292,4.866667,122.874397,-84.101044,130.007065,0.844289,1.106342,0.342136
293,4.883333,121.979858,-84.136528,129.231537,0.845029,1.109370,0.342560
294,4.900000,121.544533,-83.702553,128.996170,0.846192,1.111207,0.343046
295,4.916667,121.135307,-83.249138,127.898460,0.846869,1.113584,0.341920
296,4.933333,122.069221,-83.153702,128.470505,0.847343,1.114358,0.341964
297,4.950000,122.021126,-83.262459,128.376755,0.847639,1.115055,0.342042
298,4.966667,124.970200,-83.228806,132.067017,0.848123,1.115208,0.342883
299,4.983333,122.894066,-83.450745,128.974518,0.848552,1.115988,0.341286
300,5.000000,125.431450,-83.659454,132.207596,0.848829,1.115939,0.341899
301,5.016667,123.880402,-83.701469,130.488602,0.849486,1.116140,0.340923
302,5.033333,125.561020,-83.810661,132.142090,0.849904,1.115490,0.340628
303,5.050000,126.785088,-83.921692,133.311996,0.849908,1.115168,0.340189
304,5.066667,126.155457,-83.679192,132.628952,0.850525,1.114647,0.339691
305,5.083333,126.256195,-83.455780,132.427521,0.850973,1.114067,0.338795
306,5.100000,123.324883,-82.892662,128.941711,0.851584,1.113236,0.337566
307,5.116667,126.138374,-83.028152,131.834183,0.851255,1.111799,0.337273
308,5.133333,120.727226,-81.753693,125.710274,0.853202,1.111759,0.335824
309,5.150000,125.646179,-82.287331,131.199402,0.852076,1.110023,0.336396
310,5.166667,126.230583,-82.316696,131.428528,0.852066,1.108286,0.335126
311,5.183333,127.338783,-82.277809,132.525787,0.852076,1.107133,0.334048
312,5.200000,128.021790,-82.248817,133.403915,0.852138,1.105314,0.333578
313,5.216667,126.483818,-82.079880,131.953079,0.852787,1.103164,0.332943
314,5.233333,127.133629,-82.445343,132.963440,0.852019,1.100446,0.332719
315,5.250000,128.055603,-82.648354,134.023621,0.851284,1.097371,0.331842
316,5.266667,130.127991,-82.135017,135.790298,0.851250,1.094359,0.330756
317,5.283333,128.101089,-81.940605,134.192352,0.850995,1.091118,0.330655
318,5.300000,128.274597,-82.559326,133.887863,0.850239,1.086268,0.328850
319,5.316667,131.742264,-82.278641,138.073029,0.849626,1.082152,0.329251
320,5.333333,131.034866,-81.835930,137.560516,0.849776,1.077460,0.328102
321,5.350000,129.172958,-81.802818,136.256775,0.849360,1.073180,0.327960
322,5.366667,135.014313,-82.441429,142.106110,0.847077,1.068361,0.327110
323,5.383333,131.820007,-82.103165,138.597885,0.847520,1.063810,0.324729
324,5.400000,131.972870,-82.154503,138.493439,0.846584,1.059632,0.323433
325,5.416667,132.910889,-82.440552,139.694199,0.845483,1.054982,0.322627
326,5.433333,135.380707,-82.179016,142.812698,0.844569,1.050761,0.322058
327,5.450000,136.747253,-82.227402,144.261292,0.843172,1.047170,0.321000
328,5.466667,133.929611,-81.999985,140.916412,0.843068,1.042887,0.318842
329,5.483333,136.051117,-81.907715,142.856689,0.841990,1.039873,0.317024
330,5.500000,136.759018,-82.392105,144.034149,0.840312,1.036282,0.315840
331,5.516667,140.819122,-81.999863,147.610580,0.839021,1.032432,0.313943
332,5.533333,141.313446,-82.026024,148.046310,0.838451,1.028896,0.311674
333,5.550000,144.675507,-82.478302,151.415009,0.837381,1.024995,0.309910
334,5.566667,148.644623,-82.876442,155.588135,0.835117,1.021257,0.308139
335,5.583333,149.970673,-83.156372,156.646637,0.834288,1.017664,0.305811
336,5.600000,153.145035,-83.011116,160.566895,0.832850,1.014045,0.304481
337,5.616667,154.069519,-82.954041,161.131271,0.832393,1.011032,0.301574
338,5.633333,153.888580,-82.850830,161.476715,0.831386,1.007758,0.300292
339,5.650000,157.179703,-83.380508,164.047333,0.830487,1.005168,0.296453
340,5.666667,157.832611,-82.996056,164.756561,0.830052,1.002276,0.294565
341,5.683333,160.588776,-83.161255,167.512680,0.829526,0.999735,0.292157
342,5.700000,159.051483,-83.142059,165.862198,0.829915,0.996918,0.289352
343,5.716667,164.030472,-83.445938,171.537506,0.828682,0.995162,0.287527
344,5.733333,166.769226,-83.375916,173.500031,0.829061,0.992977,0.283696
345,5.750000,175.333054,-83.173210,-177.356110,0.827635,0.991220,0.281799
346,5.766667,172.621170,-82.955338,179.488678,0.828938,0.988979,0.278456
347,5.783333,166.974060,-83.387093,172.954346,0.830416,0.986794,0.274623
348,5.800000,173.130173,-83.202354,178.879105,0.830404,0.985329,0.271491
349,5.816667,176.311813,-83.396385,-177.748962,0.830814,0.982689,0.268984
350,5.833333,177.241806,-83.372665,-177.911209,0.831768,0.981300,0.264498
351,5.850000,175.504974,-83.052597,-179.971802,0.833711,0.978936,0.261777
352,5.866667,-178.668045,-83.121864,-173.533783,0.834478,0.977040,0.259879
353,5.883333,-176.044418,-83.395752,-171.974411,0.836108,0.975438,0.255539
354,5.900000,-165.745621,-83.082138,-160.637421,0.836430,0.973820,0.254274
355,5.916667,-175.836487,-83.593666,-173.083420,0.840971,0.971854,0.248542
356,5.933333,-167.311554,-83.261681,-163.799026,0.841963,0.970566,0.247088
357,5.950000,-166.109924,-83.250229,-162.645172,0.844302,0.968301,0.244762
358,5.966667,-172.072525,-83.171074,-169.823273,0.848726,0.966784,0.241058
359,5.983333,-176.250702,-83.267540,-173.822800,0.852291,0.965709,0.239687
360,6.000000,-179.464859,-83.204407,-177.200577,0.856122,0.963945,0.237474
361,6.016667,-179.293961,-83.296165,-177.383820,0.859741,0.962384,0.235484
362,6.033333,-174.283585,-83.335129,-172.757828,0.862770,0.960911,0.233044
363,6.050000,-177.485535,-83.255035,-176.620941,0.867789,0.959322,0.230936
364,6.066667,177.590790,-83.531425,177.916260,0.873048,0.957641,0.228955
365,6.083333,-178.879532,-83.316353,-178.049850,0.876785,0.955776,0.228727
366,6.100000,176.366486,-83.425163,176.876190,0.882534,0.955099,0.227580
367,6.116667,175.461670,-83.264122,176.395264,0.887050,0.953837,0.227711
368,6.133333,170.245834,-83.302834,170.673828,0.892848,0.952337,0.226607
369,6.150000,166.906860,-83.304764,166.123291,0.898185,0.951553,0.225317
370,6.166667,156.363403,-82.793037,156.183502,0.904894,0.950347,0.226653
371,6.183333,154.921371,-82.811546,153.948593,0.910118,0.949750,0.226296
372,6.200000,152.930283,-82.100998,152.046478,0.916312,0.948607,0.227639
373,6.216667,144.302002,-81.894501,142.402115,0.922590,0.948972,0.227707
374,6.233333,143.533112,-81.903625,142.130768,0.927723,0.948669,0.229622
375,6.250000,141.836624,-81.551743,140.355164,0.933691,0.948019,0.231680
376,6.266667,138.596512,-81.624016,136.878952,0.939167,0.948318,0.233503
377,6.283333,135.419281,-81.505699,133.459213,0.945199,0.948738,0.235444
378,6.300000,131.334061,-80.587082,129.585632,0.951186,0.949523,0.238459
379,6.316667,130.087997,-80.375900,128.742737,0.956521,0.949942,0.242464
380,6.333333,129.267532,-79.917328,128.280777,0.961677,0.950511,0.246650
381,6.350000,126.085785,-79.728600,124.646446,0.966893,0.951481,0.249690
382,6.366667,123.998985,-79.341034,122.692398,0.971473,0.952367,0.253903
383,6.383333,123.303886,-79.281921,121.864975,0.975656,0.952968,0.258112
384,6.400000,122.174942,-79.330200,121.400360,0.980276,0.953634,0.263625
385,6.416667,120.374657,-79.301697,120.000633,0.983643,0.954112,0.268890
386,6.433333,117.580276,-78.704834,116.879593,0.988390,0.955012,0.273356
387,6.450000,118.744904,-78.880234,119.144630,0.991491,0.954553,0.280366
388,6.466667,116.478729,-78.540657,116.668358,0.994457,0.955521,0.285305
389,6.483333,114.017670,-78.159904,114.683495,0.997885,0.955671,0.291766
390,6.500000,112.255714,-78.049744,113.054970,1.000853,0.955011,0.298126
391,6.516667,110.721756,-77.912567,111.767471,1.002505,0.955701,0.304400
392,6.533333,109.919296,-77.536469,111.746788,1.004977,0.955318,0.311725
393,6.550000,108.708504,-77.110153,110.850288,1.006784,0.955810,0.318799
394,6.566667,107.017670,-77.138100,109.025352,1.007843,0.955731,0.325074
395,6.583333,106.485367,-77.139664,108.679024,1.008817,0.955523,0.331786
396,6.600000,105.162628,-77.435150,108.725754,1.008248,0.955709,0.339981
397,6.616667,104.536606,-77.159386,107.919205,1.009119,0.955577,0.346673
398,6.633333,101.192085,-77.602272,105.479080,1.008540,0.955248,0.354499
399,6.650000,101.096809,-77.318901,105.771095,1.008191,0.955039,0.362476
400,6.666667,99.362579,-77.100784,104.307114,1.007312,0.954426,0.369362
401,6.683333,97.611946,-77.385605,102.786674,1.005352,0.954767,0.376547
402,6.700000,97.333656,-76.776375,103.243843,1.003888,0.954900,0.384269
403,6.716667,96.409470,-77.612480,103.309029,1.001081,0.954986,0.392055
404,6.733333,95.266129,-77.848404,102.033859,0.997898,0.954263,0.398845
405,6.750000,94.743698,-77.606392,102.263512,0.995350,0.954848,0.406543
406,6.766667,92.641823,-77.809639,100.340279,0.991600,0.955077,0.412464
407,6.783333,92.408852,-78.124611,101.139336,0.987939,0.955792,0.420469
408,6.800000,91.142166,-78.300903,100.078812,0.983623,0.955991,0.426457
409,6.816667,89.609100,-78.791100,98.967964,0.978372,0.957476,0.432992
410,6.833333,88.881462,-79.089294,99.164932,0.973027,0.958161,0.439686
411,6.850000,87.387589,-78.867691,98.281013,0.968315,0.959858,0.445985
412,6.866667,86.421875,-79.139069,97.382774,0.962869,0.960631,0.451485
413,6.883333,85.147263,-79.215721,96.556053,0.956714,0.961683,0.456414
414,6.900000,84.011894,-79.782455,96.342148,0.950399,0.963167,0.462376
415,6.916667,83.099495,-80.001648,95.720711,0.943656,0.964116,0.466675
416,6.933333,81.584671,-80.509026,94.388657,0.936516,0.965058,0.470833
417,6.950000,78.743378,-80.177391,91.649460,0.930540,0.966611,0.473863
418,6.966667,77.014580,-81.664940,90.582329,0.921688,0.967073,0.478038
419,6.983333,77.131012,-81.706253,90.330650,0.915196,0.967993,0.480410
420,7.000000,74.164146,-82.014221,88.485435,0.907334,0.968351,0.484653
421,7.016667,74.272354,-82.575111,88.742943,0.899385,0.969195,0.486076
422,7.033333,71.331779,-82.260712,85.398819,0.892330,0.969464,0.487510
423,7.050000,71.591049,-82.710999,86.331543,0.883619,0.970141,0.489505
424,7.066667,66.608353,-83.256752,81.301880,0.875120,0.970881,0.489975
425,7.083333,64.590332,-83.725426,79.377846,0.866712,0.971291,0.490460
426,7.100000,61.391140,-84.353203,76.015266,0.857666,0.971482,0.490093
427,7.116667,55.795006,-84.922226,70.863098,0.849270,0.971554,0.490277
428,7.133333,51.331337,-85.535103,66.779747,0.840382,0.971477,0.489990
429,7.150000,49.522160,-85.582840,64.465233,0.832442,0.970922,0.487385
430,7.166667,45.506931,-85.882919,60.106499,0.823974,0.970663,0.484959
431,7.183333,38.895481,-86.399933,54.186615,0.815543,0.969825,0.483678
432,7.200000,28.069574,-87.000427,42.895126,0.806848,0.969441,0.480109
433,7.216667,20.762310,-86.701599,34.934780,0.798956,0.968662,0.475956
434,7.233333,7.714539,-87.290977,21.116327,0.791094,0.967629,0.471280
435,7.250000,5.034864,-87.105415,19.384773,0.783268,0.967395,0.468404
436,7.266667,-8.855924,-87.299911,4.964588,0.775988,0.966135,0.463286
437,7.283333,-16.824066,-87.064148,-4.023499,0.768510,0.965353,0.456686
438,7.300000,-27.976068,-86.758598,-14.842580,0.761376,0.964624,0.451974
439,7.316667,-46.856327,-86.063995,-33.502346,0.753521,0.964338,0.446175
440,7.333333,-51.694054,-85.604446,-39.267014,0.746843,0.963334,0.439168
441,7.350000,-52.740620,-85.556664,-40.740776,0.741941,0.962676,0.431947
442,7.366667,-56.596741,-85.040413,-44.652073,0.736137,0.962329,0.425370
443,7.383333,-60.014721,-84.833099,-48.405056,0.730846,0.961970,0.417272
444,7.400000,-63.740379,-84.428551,-51.766525,0.725955,0.962153,0.410338
445,7.416667,-65.971626,-84.541084,-55.559635,0.721924,0.961445,0.400674
446,7.433333,-65.844398,-84.165367,-55.535679,0.718350,0.961001,0.392240
447,7.450000,-66.389175,-83.829628,-56.808750,0.715080,0.961260,0.383001
448,7.466667,-68.593140,-83.888779,-59.791313,0.712859,0.961092,0.372907
449,7.483333,-71.347679,-83.316345,-62.567326,0.710293,0.961398,0.364170
450,7.500000,-70.787483,-82.985832,-62.024612,0.708409,0.962700,0.354689
451,7.516667,-71.831024,-82.701004,-63.748260,0.707629,0.962550,0.345006
452,7.533333,-70.233307,-83.026108,-62.838142,0.708277,0.962342,0.335013
453,7.550000,-72.086006,-83.055092,-65.017082,0.708207,0.962949,0.325104
454,7.566667,-73.218407,-83.388397,-66.653732,0.709077,0.963119,0.315008
455,7.583333,-74.264709,-83.643188,-68.576271,0.711076,0.962673,0.304011
456,7.600000,-73.526581,-83.278038,-68.894981,0.711957,0.962400,0.293402
457,7.616667,-74.501488,-84.009407,-70.421471,0.714820,0.962828,0.283025
458,7.633333,-75.937820,-84.349052,-72.760536,0.718153,0.962531,0.272130
459,7.650000,-77.277252,-84.717033,-74.828186,0.721893,0.962458,0.261441
460,7.666667,-75.283836,-84.759972,-73.025551,0.725605,0.962911,0.252022
461,7.683333,-73.980721,-85.253899,-72.105644,0.730791,0.962649,0.242256
462,7.700000,-73.756760,-85.766342,-72.266899,0.736212,0.962732,0.232525
463,7.716667,-79.639114,-85.664856,-79.052010,0.741064,0.962699,0.222439
464,7.733333,-81.135468,-85.743851,-80.997551,0.746342,0.962768,0.212961
465,7.750000,-83.407410,-86.599266,-84.288849,0.753695,0.963083,0.203243
466,7.766667,-80.051865,-87.650955,-81.227539,0.761022,0.963559,0.194742
467,7.783333,-84.292183,-87.873550,-86.174622,0.768379,0.963348,0.185620
468,7.800000,-84.705345,-87.957199,-86.719650,0.775184,0.963656,0.177519
469,7.816667,-106.128502,-88.743286,-108.466049,0.783202,0.963940,0.169473
470,7.833333,-108.484329,-89.191002,-110.809776,0.791685,0.965069,0.162268
471,7.850000,-142.125839,-89.339066,-145.275879,0.800246,0.965411,0.154697
472,7.866667,-174.803879,-89.421776,-178.256012,0.808503,0.965183,0.148152
473,7.883333,-166.054672,-89.079056,-169.889236,0.816898,0.965462,0.141505
474,7.900000,149.170929,-88.684845,145.078888,0.826882,0.965922,0.135183
475,7.916667,136.120102,-88.384293,131.103455,0.836328,0.966595,0.129353
476,7.933333,135.132462,-87.810677,130.358490,0.845678,0.967638,0.124672
477,7.950000,132.185455,-87.574043,127.308746,0.855189,0.967388,0.120800
478,7.966667,119.455376,-86.353371,114.003593,0.866410,0.968425,0.116309
479,7.983333,120.833191,-86.109825,115.341652,0.875803,0.968543,0.112902
480,8.000000,120.850174,-86.046715,115.234962,0.885028,0.969521,0.110039
481,8.016667,116.261459,-85.106491,110.510353,0.896003,0.970032,0.107466
482,8.033333,119.975197,-85.138367,114.887703,0.905193,0.970306,0.106437
483,8.050000,116.911758,-84.927780,111.116570,0.915172,0.971442,0.104195
484,8.066667,116.540993,-83.849403,110.384750,0.926086,0.971620,0.102826
485,8.083333,114.940880,-83.390923,108.340279,0.935698,0.972320,0.102058
486,8.100000,115.888664,-83.230675,109.092583,0.945279,0.972208,0.102228
487,8.116667,113.333565,-82.331268,106.912727,0.955209,0.973448,0.103386
488,8.133333,114.391357,-82.114914,108.052170,0.964468,0.974086,0.104605
489,8.150000,112.023582,-81.522972,105.589027,0.974302,0.974073,0.106301
490,8.166667,110.223724,-80.708168,103.942650,0.983917,0.974418,0.108821
491,8.183333,110.048424,-80.819397,104.126221,0.992659,0.974991,0.111937
492,8.200000,110.837509,-80.179733,105.369019,1.001296,0.975116,0.115318
493,8.216667,108.415756,-80.195564,104.008186,1.010313,0.975660,0.120352
494,8.233333,107.641068,-79.879234,103.047638,1.018177,0.976115,0.124149
495,8.250000,107.596313,-79.506615,103.891907,1.026924,0.976099,0.129697
496,8.266667,106.430565,-79.252625,102.611176,1.034277,0.976434,0.134298
497,8.283333,105.408615,-78.891899,102.549835,1.042218,0.976610,0.140663
498,8.300000,105.838188,-78.733818,103.394493,1.049284,0.975970,0.146842
499,8.316667,104.181099,-78.589241,101.628067,1.055507,0.976444,0.152299
500,8.333333,103.856079,-78.109619,101.848381,1.062581,0.976142,0.159842
501,8.350000,103.967720,-77.400024,103.464546,1.069378,0.976406,0.168148
502,8.366667,103.148155,-77.367226,102.226952,1.074941,0.976446,0.174320
503,8.383333,100.933540,-77.355415,101.161606,1.080330,0.976337,0.182951
504,8.400000,101.122299,-77.262901,101.871918,1.085706,0.976241,0.190748
505,8.416667,99.988731,-77.089424,101.068054,1.090289,0.975660,0.198571
506,8.433333,98.739479,-77.159767,100.145042,1.094647,0.976135,0.206567
507,8.450000,98.606087,-77.411301,100.477318,1.097887,0.975617,0.215177
508,8.466667,96.817360,-76.842331,99.333679,1.101827,0.975742,0.223870
509,8.483333,95.279907,-77.071121,98.247467,1.105098,0.975043,0.232468
510,8.500000,94.985329,-76.713295,98.820549,1.107796,0.974709,0.241844
511,8.516667,95.319695,-76.760788,98.862434,1.109916,0.974366,0.250348
512,8.533333,94.339882,-76.479935,98.558151,1.112366,0.974187,0.259390
513,8.550000,92.864372,-76.560722,97.647415,1.113549,0.974020,0.268352
514,8.566667,91.662491,-76.697083,97.036613,1.114887,0.973293,0.277415
515,8.583333,91.794434,-76.574654,97.193932,1.115629,0.972781,0.286331
516,8.600000,91.112442,-76.272385,96.505814,1.116356,0.972951,0.294268
517,8.616667,89.481903,-76.777870,95.768402,1.115618,0.973276,0.303495
518,8.633333,88.202049,-76.950500,95.493767,1.115042,0.973405,0.313041
519,8.650000,87.198936,-76.730377,94.332283,1.114076,0.973608,0.321295
520,8.666667,86.015656,-76.642616,93.384537,1.112085,0.974783,0.329790
521,8.683333,86.299347,-76.412148,93.876785,1.110709,0.975494,0.337976
522,8.700000,84.422104,-76.630516,92.879654,1.108040,0.976604,0.347148
523,8.716667,84.928925,-76.514305,93.356522,1.105794,0.977745,0.354792
524,8.733333,82.908707,-76.865997,91.858971,1.101902,0.978634,0.363354
525,8.750000,81.297096,-76.923828,91.010185,1.098269,0.980677,0.371396
526,8.766667,80.316620,-77.635223,89.739120,1.093769,0.980911,0.377614
527,8.783333,80.610725,-77.977440,91.603806,1.088932,0.983251,0.386504
528,8.800000,79.013405,-77.988953,89.862839,1.084364,0.984957,0.392630
529,8.816667,76.124550,-78.222229,87.514297,1.078815,0.986846,0.399289
530,8.833333,76.652634,-78.449127,87.869507,1.073386,0.988593,0.404766
531,8.850000,75.257980,-78.646408,86.940437,1.067655,0.990441,0.411692
532,8.866667,73.717918,-79.207397,85.997475,1.060585,0.992406,0.417704
533,8.883333,73.552071,-79.336861,85.936157,1.054070,0.994965,0.422630
534,8.900000,72.487381,-79.553604,85.090904,1.047545,0.996773,0.427807
535,8.916667,65.207809,-80.264854,78.537201,1.039545,0.999790,0.432109
536,8.933333,66.637550,-80.985855,80.085434,1.032379,1.002059,0.436722
537,8.950000,64.751060,-81.397797,78.355667,1.024583,1.005172,0.439605
538,8.966667,59.628685,-82.365677,74.039452,1.015538,1.008242,0.443901
539,8.983333,59.310070,-82.513390,73.889488,1.008277,1.011431,0.446223
540,9.000000,56.124207,-82.994354,71.225975,0.999704,1.014183,0.448973
541,9.016667,51.694317,-83.418091,66.776672,0.991072,1.017552,0.450546
542,9.033333,50.628201,-83.147629,64.955719,0.983424,1.019827,0.450664
543,9.050000,51.559563,-83.871178,65.836830,0.975272,1.022336,0.451818
544,9.066667,49.156425,-83.701744,63.493958,0.966899,1.024715,0.452072
545,9.083333,48.606892,-84.056221,63.447636,0.957851,1.026951,0.452629
546,9.100000,46.320557,-84.232216,60.021751,0.950122,1.027840,0.450962
547,9.116667,39.983238,-84.647102,54.328037,0.941093,1.030192,0.450807
548,9.133333,35.025478,-85.095383,49.571949,0.932390,1.030282,0.450321
549,9.150000,34.249245,-84.775528,48.021374,0.925186,1.031373,0.446811
550,9.166667,29.163620,-84.988182,43.204872,0.916304,1.031985,0.445159
551,9.183333,21.198915,-84.950760,35.242062,0.908098,1.032408,0.442744
552,9.200000,18.588028,-85.320618,32.445000,0.899777,1.032574,0.439997
553,9.216667,24.685369,-85.203506,37.878014,0.892451,1.032519,0.436018
554,9.233333,26.349909,-84.863129,39.162266,0.884652,1.032705,0.431612
555,9.250000,23.918676,-85.180573,35.652004,0.876582,1.031689,0.426351
556,9.266667,22.011013,-85.219193,33.988411,0.869207,1.030881,0.422653
557,9.283333,18.015388,-85.181717,29.774168,0.861312,1.030337,0.417490
558,9.300000,16.027525,-85.472427,27.121502,0.854243,1.029128,0.412292
559,9.316667,10.722482,-85.531601,22.087542,0.846612,1.027518,0.406988
560,9.333333,3.309018,-85.866020,13.393490,0.839342,1.025221,0.400067
561,9.350000,-4.049708,-85.841530,6.288703,0.832339,1.023009,0.394891
562,9.366667,-15.339030,-85.730385,-5.152490,0.824813,1.021008,0.388877
563,9.383333,-19.288769,-85.702271,-10.061924,0.818549,1.018507,0.381471
564,9.400000,-22.439880,-85.622307,-13.689865,0.812808,1.016253,0.374271
565,9.416667,-24.688963,-85.953598,-16.682978,0.806843,1.013671,0.367008
566,9.433333,-24.761875,-85.725372,-16.917307,0.801758,1.011591,0.360389
567,9.450000,-33.531631,-85.882271,-25.743486,0.795772,1.009191,0.353391
568,9.466667,-35.892975,-85.521484,-29.983707,0.790702,1.007127,0.344136
569,9.483333,-44.023483,-85.524994,-37.329151,0.786463,1.004436,0.338265
570,9.500000,-48.788071,-85.266129,-43.545742,0.782043,1.002720,0.328918
571,9.516667,-51.072517,-84.711784,-45.875927,0.777755,1.000850,0.322090
572,9.533333,-51.649067,-85.069771,-46.585667,0.775962,0.999039,0.314530
573,9.550000,-58.248013,-84.296333,-53.997498,0.771303,0.997589,0.306312
574,9.566667,-59.918667,-84.811378,-56.821602,0.769995,0.995895,0.297834
575,9.583333,-61.801731,-84.502411,-58.654354,0.767990,0.995087,0.290741
576,9.600000,-61.874260,-84.942963,-59.968796,0.767223,0.994302,0.282070
577,9.616667,-65.702629,-84.880051,-63.625877,0.766087,0.993583,0.275664
578,9.633333,-67.759514,-84.572716,-66.088463,0.765541,0.992986,0.268485
579,9.650000,-67.676018,-85.247116,-66.599564,0.766374,0.993589,0.260896
580,9.666667,-68.322807,-85.484924,-67.011978,0.767836,0.993151,0.254743
581,9.683333,-69.981041,-85.776421,-70.065659,0.769454,0.993935,0.246879
582,9.700000,-72.004524,-86.411278,-72.922318,0.771778,0.994018,0.239486
583,9.716667,-71.848198,-86.323662,-72.610909,0.773586,0.994902,0.234336
584,9.733333,-74.669296,-86.502945,-75.616943,0.776486,0.995482,0.228515
585,9.750000,-79.905800,-86.977715,-81.449547,0.779607,0.996979,0.222662
586,9.766667,-83.426781,-87.699837,-85.586479,0.784058,0.997855,0.217056
587,9.783333,-90.789963,-88.055649,-92.830154,0.787522,0.998819,0.212814
588,9.800000,-98.402405,-88.311661,-100.905350,0.792095,0.999735,0.207898
589,9.816667,-108.973557,-87.977219,-110.956070,0.795614,1.000292,0.204696
590,9.833333,-122.813316,-88.685295,-125.401062,0.801604,1.000836,0.200077
591,9.850000,-134.065201,-88.441353,-136.485840,0.806483,1.001625,0.197139
592,9.866667,-130.416260,-88.085602,-133.279648,0.811063,1.001982,0.193261
593,9.883333,-162.082932,-88.436737,-165.611298,0.818397,1.003091,0.189518
594,9.900000,-165.424759,-88.556091,-167.327927,0.823516,1.003783,0.189511
595,9.916667,-175.358337,-88.059982,-178.124130,0.829498,1.004904,0.186546
596,9.933333,175.028976,-87.689148,172.139206,0.836524,1.004550,0.184718
597,9.950000,158.246033,-87.473495,155.364517,0.843624,1.004537,0.183689
598,9.966667,159.304001,-87.119431,156.589874,0.850214,1.004855,0.182775
599,9.983333,162.605789,-86.682381,159.761169,0.856836,1.004301,0.182128
600,10.000000,152.093185,-86.277405,149.047226,0.864333,1.004115,0.181808
601,10.016667,150.448318,-85.886444,147.553558,0.871999,1.003121,0.181876
602,10.033333,152.080597,-85.770050,148.572510,0.879146,1.002059,0.181256
603,10.050000,150.847748,-85.657448,147.218201,0.886340,1.001536,0.182030
604,10.066667,154.095551,-85.131660,150.903229,0.893866,1.000098,0.183757
605,10.083333,158.635590,-84.982376,156.205475,0.900923,0.999492,0.186343
606,10.100000,153.904007,-84.315414,151.759613,0.909084,0.998452,0.189252
607,10.116667,147.681442,-84.019676,146.081604,0.917683,0.997919,0.191942
608,10.133333,146.184006,-83.481575,144.238495,0.925539,0.997171,0.193934
609,10.150000,146.032135,-83.309372,143.265045,0.933024,0.996158,0.195932
610,10.166667,145.748871,-83.022934,143.394394,0.940939,0.995137,0.200355
611,10.183333,146.027527,-82.438995,144.445892,0.948471,0.995051,0.204861
612,10.200000,143.865662,-81.892998,141.823364,0.956989,0.994285,0.207922
613,10.216667,141.678986,-81.034203,140.790085,0.965357,0.993699,0.214155
614,10.233333,141.789902,-80.912842,140.436569,0.972359,0.993311,0.218189
615,10.250000,139.496170,-80.208046,138.714951,0.980687,0.992762,0.223979
616,10.266667,138.195404,-80.017105,137.076004,0.987980,0.992829,0.228741
617,10.283333,136.145905,-79.214256,135.379379,0.995657,0.992196,0.234965
618,10.300000,134.664551,-78.934975,134.171234,1.002401,0.992809,0.241015
619,10.316667,133.857422,-78.148972,133.736084,1.010318,0.992172,0.248066
620,10.333333,131.481247,-77.457031,132.189194,1.017455,0.992260,0.255429
621,10.350000,131.908310,-76.735817,132.533920,1.024065,0.992405,0.262007
622,10.366667,131.264526,-76.520981,132.832565,1.030020,0.992895,0.269964
623,10.383333,129.789612,-76.261009,131.296341,1.035711,0.993180,0.276691
624,10.400000,128.936752,-75.109413,130.443466,1.042326,0.993489,0.283706
625,10.416667,129.295395,-75.430840,132.355606,1.046469,0.993810,0.293163
626,10.433333,128.446365,-74.481888,131.124435,1.052240,0.993992,0.300125
627,10.450000,127.974548,-73.991638,131.212463,1.056962,0.994644,0.308331
628,10.466667,126.718246,-73.622566,131.620193,1.061063,0.995359,0.317440
629,10.483333,126.884575,-73.391426,131.325607,1.064399,0.995691,0.324241
630,10.500000,124.955147,-72.458038,129.603806,1.068202,0.996643,0.332493
631,10.516667,124.914474,-72.319305,129.997406,1.070913,0.997201,0.340121
632,10.533333,125.084755,-71.985329,130.359131,1.072935,0.998086,0.347729
633,10.550000,125.081924,-71.737305,131.466812,1.075024,0.998758,0.356923
634,10.566667,124.259804,-71.281937,130.680618,1.076630,0.999751,0.363853
635,10.583333,126.208534,-71.463982,133.040359,1.075943,1.000183,0.371700
636,10.600000,125.155502,-70.815598,133.276184,1.077243,1.000827,0.380547
637,10.616667,124.211555,-70.761406,131.959061,1.077055,1.001687,0.386682
638,10.633333,123.829445,-70.706627,132.257278,1.076245,1.003022,0.394403
639,10.650000,124.599060,-70.434631,133.190247,1.074752,1.003691,0.400940
640,10.666667,123.961845,-70.130585,132.938858,1.073354,1.005266,0.407727
641,10.683333,124.996178,-70.056038,134.715744,1.070661,1.005197,0.415397
642,10.700000,123.997658,-70.040085,133.715408,1.068261,1.006218,0.420928
643,10.716667,124.636047,-69.981720,134.091812,1.064548,1.006607,0.425678
644,10.733333,124.977776,-70.240990,135.603317,1.060619,1.007387,0.432585
645,10.750000,126.197678,-70.187988,136.803299,1.056182,1.007883,0.437918
646,10.766667,126.586449,-70.186302,138.076859,1.051043,1.009051,0.443988
647,10.783333,127.088921,-70.275131,138.298035,1.046478,1.009206,0.447820
648,10.800000,127.187813,-70.500610,138.627945,1.040091,1.009919,0.451889
649,10.816667,128.739990,-70.751366,140.450760,1.033391,1.010155,0.456333
650,10.833333,131.048737,-71.128075,143.271530,1.025629,1.010124,0.460094
651,10.850000,131.427963,-71.074356,143.602219,1.018757,1.011155,0.463207
652,10.866667,132.464523,-71.522926,145.225464,1.012142,1.011151,0.466755
653,10.883333,134.166885,-71.658852,147.069061,1.003777,1.010827,0.469575
654,10.900000,134.071396,-72.125511,147.221390,0.996261,1.010717,0.471526
655,10.916667,137.100632,-72.674377,149.918594,0.986891,1.010103,0.472540
656,10.933333,140.177536,-72.898338,154.039368,0.977309,1.009503,0.475554
657,10.950000,142.257111,-73.341629,156.276062,0.968252,1.009243,0.476657
658,10.966667,144.834579,-73.445206,158.891129,0.959395,1.007959,0.476714
659,10.983333,147.427170,-73.869873,160.647812,0.950786,1.006202,0.475674
660,11.000000,149.428040,-73.905876,163.120773,0.940902,1.005710,0.476017
661,11.016667,152.331375,-74.224152,166.142105,0.931604,1.004527,0.475902
662,11.033333,155.772308,-74.371071,169.546616,0.921874,1.003374,0.474681
663,11.050000,157.507339,-74.411484,171.468018,0.912709,1.001997,0.473422
664,11.066667,159.977081,-74.347725,173.888580,0.903311,1.000375,0.471620
665,11.083333,162.320267,-74.637993,176.047287,0.894133,0.999630,0.469007
666,11.100000,165.221558,-74.716202,179.071960,0.884814,0.998599,0.466822
667,11.116667,169.575378,-74.595123,-176.328186,0.875347,0.997376,0.463807
668,11.133333,176.480804,-74.503998,-168.968277,0.864823,0.996444,0.460878
669,11.150000,174.045837,-74.627113,-173.058441,0.858929,0.995163,0.455113
670,11.166667,176.738480,-74.520279,-170.403366,0.849865,0.994418,0.451156
671,11.183333,178.983749,-74.317688,-168.180267,0.842134,0.993633,0.447068
672,11.200000,-178.937714,-73.959671,-166.027679,0.834604,0.993300,0.442647
673,11.216667,-177.778076,-74.001572,-165.140793,0.827421,0.991856,0.437269
674,11.233333,-176.221420,-73.803108,-163.733932,0.820539,0.991303,0.431562
675,11.250000,-174.170135,-73.590286,-161.926910,0.814123,0.990755,0.425743
676,11.266667,-172.757492,-73.405159,-160.162781,0.807317,0.991329,0.420334
677,11.283333,-170.670792,-73.250832,-159.632950,0.802369,0.990715,0.412517
678,11.300000,-169.914917,-72.960167,-158.746750,0.797221,0.990572,0.406203
679,11.316667,-169.832062,-72.692368,-158.565536,0.793053,0.989729,0.400196
680,11.333333,-167.457794,-72.566536,-156.706665,0.788365,0.989725,0.392246
681,11.350000,-168.208847,-72.509682,-157.336243,0.785140,0.989402,0.385772
682,11.366667,-166.509094,-72.225410,-155.829346,0.781538,0.989206,0.378390
683,11.383333,-165.314484,-71.912643,-155.742035,0.779051,0.988902,0.369991
684,11.400000,-165.030899,-72.045685,-155.719498,0.777101,0.988256,0.362553
685,11.416667,-164.469406,-71.602463,-155.095612,0.775318,0.988457,0.355147
686,11.433333,-164.354416,-71.513031,-154.622284,0.773773,0.987857,0.348193
687,11.450000,-164.850952,-71.694298,-156.455627,0.774622,0.987265,0.338687
688,11.466667,-161.988556,-71.040314,-153.381638,0.773048,0.988257,0.331366
689,11.483333,-163.108170,-70.761703,-154.480179,0.774362,0.989554,0.323370
690,11.500000,-162.686218,-71.136230,-155.595383,0.776139,0.989674,0.314124
691,11.516667,-162.669128,-70.895073,-155.851227,0.778199,0.990857,0.306122
692,11.533333,-161.660233,-70.557388,-155.664078,0.780328,0.992499,0.297318
693,11.550000,-161.528366,-70.526451,-155.363922,0.783164,0.994005,0.290071
694,11.566667,-162.655502,-70.679893,-157.745789,0.787422,0.995650,0.280420
695,11.583333,-162.877975,-70.347443,-158.306473,0.791393,0.997610,0.273776
696,11.600000,-163.645767,-70.313469,-158.666229,0.795642,0.998895,0.265931
697,11.616667,-164.555511,-70.221138,-160.332870,0.801119,1.000697,0.257398
698,11.633333,-165.900055,-69.910835,-161.663208,0.806600,1.002232,0.251017
699,11.650000,-166.160751,-70.022156,-162.187820,0.812500,1.003592,0.243905
700,11.666667,-166.836365,-69.906441,-163.996063,0.819259,1.005734,0.235755
701,11.683333,-168.460602,-70.118782,-166.413101,0.826298,1.007696,0.228259
702,11.700000,-168.293625,-69.824814,-167.552399,0.833750,1.009091,0.220787
703,11.716667,-169.379364,-69.845619,-169.120697,0.841212,1.010603,0.214359
704,11.733333,-171.345352,-69.823494,-171.106659,0.849252,1.012113,0.208629
705,11.750000,-172.445190,-69.553551,-172.398331,0.857384,1.013474,0.203004
706,11.766667,-173.230576,-69.734718,-175.134750,0.866210,1.014893,0.195655
707,11.783333,-173.890442,-69.451439,-175.070969,0.874294,1.015785,0.191600
708,11.800000,-175.701065,-69.563713,-177.518311,0.883612,1.016572,0.186492
709,11.816667,-176.957855,-69.006660,-179.790573,0.893421,1.017347,0.181274
710,11.833333,-177.804413,-68.806915,179.746338,0.901754,1.017900,0.178278
711,11.850000,-176.962799,-68.842316,179.345337,0.910317,1.018583,0.173797
712,11.866667,-176.469696,-69.060143,179.616745,0.919096,1.019344,0.170746
713,11.883333,179.418533,-68.684814,175.738235,0.929095,1.021384,0.169410
714,11.900000,178.274811,-68.529167,173.828400,0.939159,1.022173,0.166832
715,11.916667,177.419815,-68.439415,173.248154,0.948190,1.023387,0.166057
716,11.933333,175.563614,-68.376617,169.767120,0.958558,1.025069,0.163421
717,11.950000,173.625748,-68.214478,168.286240,0.967928,1.027282,0.163722
718,11.966667,171.862930,-67.969887,166.577011,0.977855,1.028903,0.164406
719,11.983333,171.862625,-68.056786,166.255417,0.985856,1.031287,0.164564
720,12.000000,169.650177,-67.803703,164.185974,0.995131,1.033710,0.166452
721,12.016667,167.160965,-67.466080,161.673248,1.004830,1.037012,0.168582
722,12.033333,165.878174,-67.318169,160.616760,1.013398,1.039903,0.171460
723,12.050000,164.519608,-67.181152,159.164246,1.021860,1.043047,0.174008
724,12.066667,162.680832,-66.752701,157.200455,1.030647,1.045616,0.177383
725,12.083333,161.363876,-66.393463,156.688080,1.038761,1.048911,0.182296
726,12.100000,160.293976,-66.350716,155.563080,1.045911,1.052057,0.186520
727,12.116667,159.351425,-65.819176,154.656647,1.053393,1.054537,0.191075
728,12.133333,157.203354,-65.750908,153.351852,1.060398,1.057306,0.197233
729,12.150000,156.184570,-65.559258,152.578949,1.066889,1.059578,0.202635
730,12.166667,155.112137,-65.392357,151.529373,1.073057,1.061704,0.208185
731,12.183333,153.638962,-65.078087,151.011353,1.078932,1.063729,0.215780
732,12.200000,150.894760,-64.786163,148.472672,1.085261,1.066013,0.222131
733,12.216667,150.966370,-64.926910,148.837860,1.089713,1.067417,0.229042
734,12.233333,150.759537,-64.517769,149.387039,1.093448,1.068985,0.236962
735,12.250000,148.789658,-64.476357,147.283417,1.098418,1.070122,0.243796
736,12.266667,149.205917,-64.521095,148.101898,1.101628,1.071363,0.251650
737,12.283333,148.393051,-64.660995,148.446548,1.103690,1.072770,0.259912
738,12.300000,147.278763,-64.656120,147.660583,1.106627,1.072636,0.268486
739,12.316667,146.372406,-64.413094,147.148682,1.109080,1.073586,0.276458
740,12.333333,145.238602,-64.486465,146.468430,1.111170,1.074065,0.285012
741,12.350000,144.514145,-64.810020,147.258804,1.111539,1.074193,0.294325
742,12.366667,144.425751,-64.463081,146.020248,1.112929,1.073640,0.301277
743,12.383333,142.899734,-64.396301,145.670303,1.112940,1.072750,0.310781
744,12.400000,143.276138,-64.903473,146.883484,1.111585,1.072296,0.319984
745,12.416667,143.219833,-65.386795,147.549545,1.110754,1.071433,0.328974
746,12.433333,141.959518,-65.225433,146.383255,1.110633,1.070569,0.336870
747,12.450000,142.350464,-65.988670,147.861633,1.107502,1.069080,0.346142
748,12.466667,141.915436,-66.158691,148.087021,1.105315,1.067797,0.354793
749,12.483333,141.569794,-66.255623,148.424377,1.102276,1.066562,0.363344
750,12.500000,140.803238,-66.728111,148.355850,1.098712,1.066033,0.371807
751,12.516667,140.261658,-66.728867,148.005463,1.095920,1.064824,0.379864
752,12.533333,139.890457,-66.909615,147.891495,1.091760,1.063837,0.387381
753,12.550000,139.147034,-67.141586,147.443985,1.087120,1.063646,0.395058
754,12.566667,140.425247,-67.955994,149.428619,1.081182,1.062759,0.403078
755,12.583333,139.358765,-67.508713,148.582275,1.075870,1.063155,0.410074
756,12.600000,138.303619,-67.637093,148.148438,1.070902,1.063795,0.417396
757,12.616667,139.204422,-68.358368,149.696701,1.063694,1.063673,0.424083
758,12.633333,139.442062,-69.168312,149.917847,1.056790,1.063951,0.429829
759,12.650000,139.793350,-69.228546,150.739914,1.049468,1.064123,0.435646
760,12.666667,138.862991,-69.514107,150.604599,1.042508,1.065222,0.442110
761,12.683333,139.259918,-70.283737,151.304062,1.033450,1.065793,0.447111
762,12.700000,138.370270,-70.313202,150.758209,1.026612,1.065662,0.452722
763,12.716667,140.811127,-71.204155,154.443665,1.016680,1.066082,0.457634
764,12.733333,140.472580,-70.994484,154.214371,1.008293,1.066335,0.462039
765,12.750000,140.938446,-71.520103,154.660812,0.999519,1.066391,0.465206
766,12.766667,140.808182,-72.533348,154.687332,0.990180,1.065820,0.468551
767,12.783333,144.174057,-72.774414,158.753693,0.980100,1.065114,0.472147
768,12.800000,144.506989,-73.133713,159.365738,0.970487,1.064603,0.475158
769,12.816667,144.989716,-73.633263,160.049728,0.961182,1.063744,0.476257
770,12.833333,145.789871,-73.863579,161.078339,0.951595,1.062891,0.478680
771,12.850000,145.965988,-74.159439,160.987747,0.942092,1.062322,0.478759
772,12.866667,147.912292,-74.866364,162.632004,0.932448,1.061749,0.479074
773,12.883333,149.747879,-75.430481,165.260376,0.921736,1.060321,0.479839
774,12.900000,151.488922,-75.680656,166.942856,0.911675,1.059082,0.479727
775,12.916667,151.443207,-75.574799,166.281036,0.902351,1.057488,0.478245
776,12.933333,153.141449,-76.105637,168.692398,0.891979,1.055573,0.478048
777,12.950000,156.484970,-76.642082,171.743347,0.881919,1.053524,0.476149
778,12.966667,159.246170,-77.032532,174.197739,0.871578,1.051463,0.474146
779,12.983333,158.696167,-77.183403,172.798859,0.862639,1.048233,0.470678
780,13.000000,159.534882,-77.367661,173.566711,0.853524,1.046044,0.467990
781,13.016667,164.451508,-77.775566,179.201294,0.842766,1.044555,0.465570
782,13.033333,169.367172,-78.249260,-176.215652,0.832581,1.041034,0.461542
783,13.050000,169.992630,-78.200417,-176.183197,0.824431,1.038179,0.456966
784,13.066667,171.101974,-78.818878,-174.755814,0.815532,1.034700,0.453177
785,13.083333,172.340881,-78.552780,-174.912842,0.806995,1.032371,0.446797
786,13.100000,172.572174,-78.892311,-174.478653,0.799227,1.029076,0.441894
787,13.116667,176.750763,-79.099068,-170.397736,0.790221,1.026754,0.436981
788,13.133333,178.599030,-79.201576,-168.832581,0.781891,1.023513,0.430981
789,13.150000,-179.636093,-79.446274,-168.377594,0.774873,1.019897,0.423388
790,13.166667,-178.337830,-79.262039,-166.708725,0.767240,1.016391,0.418055
791,13.183333,-174.046753,-79.211136,-163.893784,0.760548,1.013792,0.409486
792,13.200000,-170.990372,-79.741669,-161.169647,0.753841,1.010274,0.402483
793,13.216667,-168.158188,-79.398674,-157.541916,0.746736,1.008392,0.396518
794,13.233333,-167.619263,-79.882668,-157.908356,0.741114,1.005601,0.388229
795,13.250000,-165.099396,-79.270317,-156.108154,0.735596,1.003378,0.380413
796,13.266667,-166.839401,-79.429962,-156.836487,0.731013,1.000975,0.374206
797,13.283333,-165.164581,-79.372108,-156.727463,0.726555,0.998959,0.364979
798,13.300000,-163.909653,-79.565201,-156.094681,0.722145,0.996837,0.356378
799,13.316667,-162.728638,-79.485146,-155.049240,0.718159,0.995630,0.348723
800,13.333333,-159.670197,-79.466629,-153.469864,0.714838,0.993798,0.338814
801,13.350000,-157.041061,-79.281609,-151.138138,0.711716,0.993231,0.331087
802,13.366667,-156.896790,-79.133385,-151.477722,0.709495,0.992476,0.322669
803,13.383333,-153.321198,-79.068993,-147.774200,0.707561,0.991568,0.315348
804,13.400000,-153.300949,-79.080566,-148.859894,0.706571,0.990836,0.305775
805,13.416667,-152.038071,-78.997772,-147.394745,0.705371,0.990843,0.298602
806,13.433333,-150.976379,-78.745003,-146.656448,0.704533,0.991744,0.290600
807,13.450000,-151.417603,-79.273529,-148.543900,0.705688,0.991135,0.280895
808,13.466667,-152.317459,-79.422874,-149.297836,0.706575,0.991416,0.274037
809,13.483333,-148.310532,-78.809494,-145.217819,0.706098,0.992155,0.267345
810,13.500000,-153.939026,-79.263275,-151.869812,0.709583,0.991600,0.259155
811,13.516667,-153.411774,-79.400864,-151.625214,0.711335,0.992815,0.251902
812,13.533333,-151.095230,-79.269241,-149.318680,0.713868,0.991802,0.245142
813,13.550000,-152.127960,-79.281876,-150.550674,0.717035,0.992371,0.238629
814,13.566667,-149.902039,-79.122513,-148.819839,0.719969,0.992633,0.231958
815,13.583333,-150.398880,-79.313904,-148.958633,0.723285,0.993216,0.226665
816,13.600000,-153.642609,-79.339821,-152.428192,0.728977,0.991775,0.220063
817,13.616667,-153.010620,-79.546219,-152.888657,0.733575,0.991719,0.213517
818,13.633333,-155.980576,-79.571655,-156.394760,0.739327,0.991175,0.207815
819,13.650000,-156.656845,-80.070572,-156.148697,0.744664,0.990638,0.204147
820,13.666667,-157.578384,-79.867821,-158.056244,0.750513,0.989532,0.198397
821,13.683333,-157.954453,-79.960159,-158.308807,0.756674,0.988880,0.194191
822,13.700000,-160.109222,-80.055336,-160.824387,0.763747,0.988066,0.189533
823,13.716667,-160.194901,-79.865181,-161.305038,0.770536,0.987602,0.185396
824,13.733333,-159.053925,-79.778923,-159.648438,0.777339,0.986662,0.182163
825,13.750000,-162.346664,-80.197739,-163.503891,0.785359,0.986518,0.178419
826,13.766667,-162.549744,-80.122528,-163.479858,0.793628,0.984589,0.175769
827,13.783333,-163.841614,-79.885078,-164.278641,0.801784,0.983311,0.174012
828,13.800000,-170.110886,-80.536888,-171.078033,0.811355,0.983227,0.171113
829,13.816667,-169.918686,-80.501686,-170.833176,0.819920,0.981338,0.169179
830,13.833333,-175.968246,-80.378502,-177.555801,0.829728,0.981136,0.167034
831,13.850000,178.939957,-80.379623,177.938126,0.839516,0.980070,0.167058
832,13.866667,178.992386,-80.229118,177.520065,0.849138,0.979299,0.165452
833,13.883333,177.368515,-80.199173,175.848679,0.858767,0.978351,0.164485
834,13.900000,173.556458,-80.306404,172.084885,0.869073,0.978059,0.164473
835,13.916667,171.650986,-79.985558,170.432312,0.879324,0.977909,0.165388
836,13.933333,167.118210,-79.837532,165.872696,0.890232,0.977962,0.165592
837,13.950000,164.365967,-79.716003,163.270325,0.900736,0.977763,0.166574
838,13.966667,162.783829,-79.752777,161.824799,0.910943,0.979094,0.168091
839,13.983333,160.829941,-79.610924,160.006714,0.920988,0.979078,0.170011
840,14.000000,155.305923,-79.190155,154.738953,0.932099,0.980156,0.172048
841,14.016667,152.512161,-78.633568,151.901474,0.942716,0.981143,0.174063
842,14.033333,150.405518,-78.275734,149.543655,0.953310,0.981781,0.176207
843,14.050000,148.084534,-78.228790,147.171936,0.963955,0.982332,0.178667
844,14.066667,144.693481,-77.942162,145.017014,0.974162,0.983681,0.183632
845,14.083333,142.428391,-77.804161,141.753250,0.984460,0.985279,0.185164
846,14.100000,140.279007,-77.194267,140.310989,0.994717,0.986296,0.189581
847,14.116667,138.702209,-76.951805,138.873932,1.003675,0.987837,0.193327
848,14.133333,135.788361,-76.545540,135.778214,1.013853,0.988982,0.196856
849,14.150000,136.126389,-76.700974,137.037048,1.021914,0.989870,0.202052
850,14.166667,132.423203,-75.642548,133.140091,1.032158,0.991311,0.206595
851,14.183333,131.169968,-75.858871,131.965820,1.040143,0.992092,0.210800
852,14.200000,130.042999,-74.919693,131.330200,1.048753,0.993034,0.216737
853,14.216667,128.663177,-74.841118,129.216003,1.056500,0.994264,0.220912
854,14.233333,125.831909,-74.016235,126.804352,1.064857,0.996107,0.226360
855,14.250000,125.734467,-74.236298,126.704407,1.071454,0.996452,0.231541
856,14.266667,125.321419,-74.291809,126.365288,1.077805,0.997270,0.237022
857,14.283333,124.117790,-73.976509,125.623489,1.084599,0.998562,0.243347
858,14.300000,124.013260,-73.989357,126.559746,1.089793,0.998568,0.250139
859,14.316667,122.638824,-74.001343,125.197945,1.094872,0.999584,0.255574
860,14.333333,120.811035,-73.589935,123.450478,1.100598,1.000582,0.261844
861,14.350000,120.117157,-73.208008,122.727585,1.105420,1.000978,0.267722
862,14.366667,119.080307,-73.299835,122.498749,1.108868,1.001228,0.275123
863,14.383333,118.680702,-73.354202,121.650902,1.112629,1.000910,0.280394
864,14.400000,118.243538,-73.622894,122.010391,1.115650,1.000035,0.287725
865,14.416667,118.070084,-73.284653,122.164833,1.118409,1.000785,0.294477
866,14.433333,117.875145,-73.480019,121.457237,1.120228,1.000556,0.300090
867,14.450000,116.335144,-73.611343,120.584793,1.122217,0.999645,0.307114
868,14.466667,114.961098,-73.923622,119.573982,1.122988,1.000041,0.313528
869,14.483333,115.594803,-73.976410,120.630798,1.123535,0.999641,0.320846
870,14.500000,115.200188,-74.763992,120.546814,1.123203,0.999070,0.327418
871,14.516667,114.734245,-74.896645,119.854332,1.123113,0.998495,0.333503
872,14.533333,113.489372,-74.741776,119.837936,1.122644,0.998425,0.341442
873,14.550000,112.734772,-75.020409,118.568466,1.121200,0.998104,0.347092
874,14.566667,112.349930,-75.194504,118.164230,1.119624,0.997944,0.353337
875,14.583333,112.825325,-75.422752,118.941513,1.117767,0.998307,0.359978
876,14.600000,111.426117,-76.036087,117.985634,1.115029,0.997991,0.366679
877,14.616667,112.501091,-76.387527,119.636024,1.111925,0.998080,0.373586
878,14.633333,111.440834,-76.861740,119.331367,1.108512,0.997991,0.379824
879,14.650000,109.209068,-77.163429,117.376160,1.105336,0.998466,0.386284
880,14.666667,110.216293,-77.760735,118.224686,1.101089,0.998329,0.391659
881,14.683333,110.232079,-78.124924,118.049347,1.096377,0.998280,0.396734
882,14.700000,107.513008,-78.017944,116.528671,1.092173,0.999151,0.403281
883,14.716667,107.186043,-78.243690,115.562195,1.087556,0.998889,0.407619
884,14.733333,107.789375,-78.464119,117.110397,1.082080,0.999789,0.414301
885,14.750000,107.931549,-79.404160,117.073433,1.075638,0.999724,0.418468
886,14.766667,107.948883,-79.138107,116.865631,1.070734,0.999671,0.423067
887,14.783333,105.687798,-79.843704,115.042419,1.064268,1.000159,0.427474
888,14.800000,105.880882,-80.301575,116.046120,1.058110,1.000349,0.433234
889,14.816667,104.250092,-80.322670,113.728813,1.052075,1.000425,0.435937
890,14.833333,103.519783,-80.580376,113.700859,1.045298,1.000453,0.440246
891,14.850000,103.641991,-80.697525,114.056412,1.038863,0.999989,0.444123
892,14.866667,101.735207,-80.922729,111.569466,1.031775,0.999689,0.446579
893,14.883333,103.728844,-80.988602,114.308975,1.024245,0.999793,0.450998
894,14.900000,101.347275,-80.959557,111.823753,1.017031,0.999269,0.453610
895,14.916667,100.516853,-80.979851,110.783508,1.009937,0.998469,0.456027
896,14.933333,99.539299,-81.053299,109.387192,1.002174,0.997524,0.458033
897,14.950000,99.513039,-81.225883,109.613182,0.994092,0.997351,0.460509
898,14.966667,101.065399,-81.688004,111.214233,0.985824,0.996470,0.462578
899,14.983333,100.272026,-81.795891,110.571381,0.977958,0.996014,0.464120
900,15.000000,99.153481,-81.979607,109.214775,0.969491,0.995372,0.465251
901,15.016667,98.395302,-82.233101,108.262497,0.960779,0.994575,0.465885
902,15.033333,99.683487,-82.310234,109.826683,0.952387,0.994552,0.467571
903,15.050000,101.209419,-82.475052,111.599113,0.943234,0.993846,0.468405
904,15.066667,99.775345,-82.577965,110.030998,0.934021,0.993023,0.468758
905,15.083333,100.472885,-82.649040,110.247910,0.925433,0.992631,0.468158
906,15.100000,99.314636,-82.940331,109.673141,0.915660,0.992288,0.468597
907,15.116667,95.713387,-83.544991,105.629532,0.906261,0.991016,0.467577
908,15.133333,95.236168,-84.427299,104.893806,0.896064,0.989563,0.466573
909,15.150000,98.157745,-84.127220,107.949104,0.887125,0.989297,0.465939
910,15.166667,101.760315,-84.526871,111.682816,0.878142,0.988401,0.465352
911,15.183333,101.827171,-84.969711,111.882645,0.868329,0.987707,0.463870
912,15.200000,101.898712,-85.681389,111.808289,0.858646,0.986737,0.462192
913,15.216667,106.676186,-85.848755,116.634583,0.849422,0.986238,0.460596
914,15.233333,104.908287,-86.244957,114.663033,0.839528,0.985500,0.458141
915,15.250000,108.418266,-87.021492,118.341194,0.829670,0.984285,0.455897
916,15.266667,114.731117,-87.446419,124.648575,0.820091,0.983731,0.453468
917,15.283333,121.414917,-87.535454,130.711700,0.811134,0.982469,0.450126
918,15.300000,126.093147,-87.960472,134.416412,0.802354,0.980903,0.445740
919,15.316667,141.873550,-88.348816,151.825409,0.792771,0.981324,0.444817
920,15.333333,168.880005,-88.377075,177.689957,0.783879,0.980719,0.439668
921,15.350000,175.520721,-88.431580,-174.976501,0.775994,0.980129,0.437320
922,15.366667,-139.265411,-88.212357,-129.357727,0.767092,0.978937,0.433463
923,15.383333,-140.902435,-87.603851,-131.454788,0.759489,0.978615,0.429369
924,15.400000,-132.164032,-87.134216,-122.295494,0.751060,0.978815,0.425465
925,15.416667,-130.654861,-86.777908,-121.372925,0.744048,0.977654,0.420313
926,15.433333,-137.042664,-86.790611,-128.075714,0.737518,0.976609,0.415332
927,15.450000,-133.159439,-86.363487,-124.924370,0.730716,0.976681,0.409573
928,15.466667,-127.801285,-86.014236,-119.305412,0.724333,0.975980,0.405385
929,15.483333,-137.054184,-85.792168,-128.235977,0.719311,0.975000,0.400307
930,15.500000,-130.156219,-85.595421,-122.028206,0.713731,0.975242,0.394165
931,15.516667,-123.432816,-84.820908,-115.185776,0.708008,0.974544,0.388337
932,15.533333,-133.509995,-84.941849,-124.495018,0.704236,0.975852,0.384124
933,15.550000,-129.022720,-84.895012,-121.528793,0.700874,0.975765,0.376284
934,15.566667,-132.957504,-84.599258,-123.915314,0.697100,0.976160,0.372346
935,15.583333,-130.315491,-83.978943,-122.634079,0.694251,0.976187,0.364671
936,15.600000,-129.821014,-83.532364,-121.797668,0.691025,0.977300,0.359332
937,15.616667,-139.548813,-84.023666,-132.198853,0.690443,0.977413,0.352467
938,15.633333,-138.591797,-83.744919,-131.121429,0.688686,0.978000,0.346145
939,15.650000,-141.703766,-83.877724,-134.755905,0.687943,0.978962,0.339075
940,15.666667,-144.943420,-83.379776,-138.049576,0.687112,0.979554,0.332674
941,15.683333,-144.829300,-83.049271,-137.585556,0.686406,0.981106,0.326243
942,15.700000,-147.486710,-83.105270,-140.473312,0.687344,0.980978,0.319643
943,15.716667,-147.655807,-83.000175,-141.029083,0.688374,0.981487,0.312272
944,15.733333,-144.450668,-82.144997,-137.722626,0.688655,0.983094,0.306081
945,15.750000,-145.203415,-82.071953,-139.285583,0.690633,0.983515,0.298405
946,15.766667,-148.059372,-82.168198,-142.547394,0.693010,0.983809,0.291365
947,15.783333,-150.807343,-81.720032,-145.436340,0.695829,0.985004,0.284341
948,15.800000,-156.994980,-81.726997,-152.064987,0.699474,0.985928,0.277295
949,15.816667,-157.739807,-81.213150,-152.744461,0.702006,0.986870,0.270974
950,15.833333,-158.493744,-80.866142,-153.747208,0.705620,0.987356,0.264505
951,15.850000,-162.685181,-80.744499,-158.650528,0.710296,0.987912,0.257512
952,15.866667,-168.423935,-80.682167,-164.965836,0.716148,0.988179,0.250292
953,15.883333,-168.180222,-80.232224,-164.525726,0.720532,0.988609,0.244227
954,15.900000,-166.256027,-79.925285,-162.659912,0.725073,0.988364,0.237760
955,15.916667,-165.996384,-79.671120,-162.860611,0.730239,0.988649,0.231413
956,15.933333,-168.952896,-79.237572,-166.009781,0.736673,0.988348,0.225440
957,15.950000,-170.320541,-79.072060,-168.272415,0.743054,0.988944,0.218638
958,15.966667,-172.215179,-78.657242,-169.778183,0.749491,0.988789,0.214068
959,15.983333,-171.284592,-78.327950,-169.987015,0.755563,0.988137,0.207169
960,16.000000,-174.781708,-77.913071,-173.413925,0.763183,0.988182,0.202077
961,16.016667,-176.963150,-77.728867,-176.312134,0.770017,0.988489,0.196573
962,16.033333,-176.993530,-77.252907,-176.194870,0.777463,0.987555,0.191913
963,16.050000,177.177094,-76.816917,177.528641,0.786170,0.988222,0.187157
964,16.066667,179.173065,-76.170624,179.282257,0.793304,0.987579,0.182685
965,16.083333,177.564590,-75.929184,178.119370,0.801277,0.988073,0.179506
966,16.100000,177.222290,-75.407059,177.216614,0.809414,0.987744,0.175267
967,16.116667,176.153229,-75.190109,175.355286,0.817883,0.988028,0.170229
968,16.133333,176.613846,-74.811371,176.477280,0.825911,0.987717,0.167987
969,16.150000,177.148102,-74.275795,176.761703,0.833336,0.987638,0.165299
970,16.166667,175.431396,-73.887871,174.202225,0.842724,0.987790,0.161977
971,16.183333,173.796555,-73.439194,172.946899,0.850948,0.988422,0.160683
972,16.200000,171.110703,-72.909164,169.694122,0.860486,0.988776,0.157819
973,16.216667,170.081421,-72.566544,168.615967,0.869105,0.989154,0.156689
974,16.233333,170.014282,-72.099037,168.393188,0.877720,0.989510,0.154967
975,16.250000,169.946747,-71.796730,168.872040,0.886022,0.989797,0.155031
976,16.266667,169.408768,-71.433113,167.833237,0.895011,0.990371,0.153848
977,16.283333,169.231598,-71.115028,167.830307,0.903436,0.990657,0.153925
978,16.300000,168.737991,-70.654373,167.119995,0.912527,0.990368,0.153841
979,16.316667,167.812439,-70.248306,165.887268,0.921033,0.990897,0.154032
980,16.333333,166.914642,-69.964119,164.930191,0.929338,0.991414,0.154681
981,16.350000,166.380020,-69.443466,164.459656,0.937343,0.991682,0.155928
982,16.366667,166.284042,-68.984352,164.255188,0.945540,0.991904,0.157321
983,16.383333,165.252258,-68.448624,163.450424,0.953946,0.991665,0.159600
984,16.400000,165.450104,-68.278198,163.540268,0.961274,0.992281,0.161864
985,16.416667,163.458664,-67.888023,161.390671,0.969916,0.992032,0.164131
986,16.433333,163.820419,-67.344246,161.930313,0.977194,0.992291,0.166864
987,16.450000,162.894318,-67.086716,160.637589,0.985049,0.992613,0.169820
988,16.466667,164.352127,-67.111816,162.244186,0.990886,0.992775,0.172925
989,16.483333,163.529526,-66.712280,162.214478,0.997776,0.993103,0.177687
990,16.500000,162.394089,-66.448608,161.633728,1.004870,0.993419,0.182454
991,16.516667,161.975616,-65.883163,161.540710,1.011234,0.993997,0.186956
992,16.533333,160.904175,-65.459770,161.091385,1.017639,0.994643,0.192255
993,16.550000,160.355072,-65.221184,160.749969,1.023612,0.995329,0.197355
994,16.566667,160.869308,-64.927994,160.999054,1.028597,0.995449,0.202162
995,16.583333,158.189346,-64.067818,158.253128,1.035386,0.996966,0.207324
996,16.600000,158.455856,-63.896935,158.617477,1.040022,0.997701,0.213356
997,16.616667,157.929428,-63.878765,158.637360,1.044255,0.999089,0.219277
998,16.633333,158.217270,-63.651066,159.510178,1.048406,1.000555,0.225912
999,16.650000,158.017990,-63.632782,159.569473,1.052260,1.001701,0.232090
1000,16.666667,156.963562,-63.274155,158.792938,1.056280,1.003148,0.238828
1001,16.683333,156.520859,-62.883614,158.874680,1.059754,1.004406,0.245539
1002,16.700000,155.537582,-62.772827,158.431686,1.062533,1.005787,0.252583
1003,16.716667,155.793686,-62.404728,158.865250,1.064877,1.007217,0.259253
1004,16.733333,156.188553,-62.469616,159.263428,1.066717,1.007539,0.265544
1005,16.750000,154.953079,-61.855682,158.541718,1.069003,1.009560,0.273337
1006,16.766667,154.057190,-61.455067,157.084412,1.071799,1.011126,0.279449
1007,16.783333,154.564133,-61.590672,158.421890,1.071916,1.012432,0.286962
1008,16.800000,154.230103,-61.557087,158.625916,1.072534,1.014141,0.293954
1009,16.816667,154.209915,-61.435238,159.325790,1.072810,1.015530,0.301593
1010,16.833333,154.936539,-61.647888,160.236710,1.072130,1.016794,0.308478
1011,16.850000,154.020660,-61.432266,159.231079,1.072695,1.018585,0.314863
1012,16.866667,154.806519,-61.442047,160.610489,1.070775,1.020093,0.321812
1013,16.883333,154.124374,-61.335789,160.297348,1.070092,1.021913,0.328914
1014,16.900000,153.426971,-61.049694,159.553482,1.068829,1.023286,0.335383
1015,16.916667,153.358521,-61.170879,160.018692,1.066837,1.025021,0.342377
1016,16.933333,153.696533,-60.935780,160.412033,1.064544,1.026161,0.348634
1017,16.950000,152.295502,-60.773903,159.158493,1.062836,1.028056,0.355050
1018,16.966667,153.942368,-60.996185,160.970016,1.059488,1.028996,0.361289
1019,16.983333,152.892624,-60.883247,159.903946,1.057009,1.030638,0.367174
1020,17.000000,153.548706,-60.943054,160.940140,1.052552,1.031471,0.373216
1021,17.016667,152.892487,-60.776363,160.474625,1.048984,1.032892,0.378860
1022,17.033333,154.619141,-61.002235,162.975540,1.043230,1.033637,0.385150
1023,17.050000,153.246811,-60.692726,161.300247,1.040041,1.034335,0.389863
1024,17.066667,153.342606,-60.866199,162.233841,1.034761,1.034660,0.396001
1025,17.083333,154.022720,-61.139462,162.786972,1.029699,1.034818,0.400517
1026,17.100000,153.431137,-60.877731,162.705994,1.024189,1.035558,0.405431
1027,17.116667,153.857224,-60.642834,163.316635,1.019120,1.035156,0.410447
1028,17.133333,154.534744,-61.040813,163.963486,1.012566,1.034711,0.414288
1029,17.150000,154.237213,-60.930664,164.045090,1.006634,1.034503,0.418812
1030,17.166667,155.005142,-61.230999,165.589447,0.999764,1.034541,0.423733
1031,17.183333,156.736649,-61.570927,167.400986,0.991854,1.034396,0.427052
1032,17.200000,156.544113,-61.936497,167.174271,0.984914,1.034316,0.430156
1033,17.216667,158.418198,-62.062466,169.060959,0.977276,1.033128,0.432885
1034,17.233333,158.139587,-62.070923,168.661819,0.970495,1.033355,0.435684
1035,17.250000,158.439743,-61.847679,169.034103,0.963594,1.031916,0.438699
1036,17.266667,158.097244,-61.847343,168.800186,0.956229,1.031412,0.441049
1037,17.283333,157.842178,-61.776096,168.741882,0.948552,1.030495,0.443064
1038,17.300000,158.583221,-62.360851,169.437973,0.940472,1.028741,0.445062
1039,17.316667,159.510620,-62.102943,170.644791,0.932041,1.027538,0.447194
1040,17.333333,159.593307,-62.124397,170.402115,0.924589,1.026435,0.447711
1041,17.350000,160.018143,-62.279037,170.762756,0.916221,1.024626,0.448638
1042,17.366667,161.367386,-62.148170,172.467209,0.907746,1.022785,0.449577
1043,17.383333,162.700363,-62.707870,174.076813,0.898491,1.021174,0.450603
1044,17.400000,163.718750,-62.837673,174.729416,0.890112,1.019470,0.450078
1045,17.416667,163.193405,-62.466618,173.854263,0.881967,1.017691,0.450281
1046,17.433333,163.895676,-62.765053,175.024750,0.873199,1.015708,0.450073
1047,17.450000,164.591812,-62.768341,175.418488,0.864999,1.013366,0.449396
1048,17.466667,164.659958,-62.646938,175.973480,0.856030,1.012196,0.449348
1049,17.483333,165.664810,-62.763218,176.506439,0.847495,1.009414,0.447939
1050,17.500000,166.496384,-62.666595,177.132660,0.839156,1.008084,0.446510
1051,17.516667,167.403900,-62.904205,177.951859,0.830384,1.006589,0.444862
1052,17.533333,168.893753,-63.005238,179.935791,0.821431,1.004221,0.443469
1053,17.550000,169.029617,-63.099644,-179.813049,0.813915,1.002701,0.441676
1054,17.566667,170.136383,-62.869904,-178.472061,0.804918,1.000585,0.439417
1055,17.583333,171.577408,-63.229145,-177.075623,0.796615,0.999091,0.437057
1056,17.600000,173.258850,-63.180386,-175.491165,0.788182,0.998089,0.433975
1057,17.616667,172.968124,-63.159565,-175.448608,0.780771,0.997119,0.431951
1058,17.633333,173.749146,-63.160244,-174.983170,0.773679,0.995774,0.427702
1059,17.650000,172.928497,-62.950390,-174.751709,0.766352,0.995907,0.425799
1060,17.666667,175.626251,-63.249477,-173.900330,0.759069,0.995427,0.419839
1061,17.683333,175.845108,-63.034840,-172.173294,0.751694,0.995642,0.417745
1062,17.700000,176.805344,-63.046211,-171.686813,0.745571,0.994813,0.413248
1063,17.716667,178.054169,-62.972622,-171.242157,0.739784,0.995518,0.408236
1064,17.733333,179.506149,-62.773441,-168.082657,0.732039,0.996178,0.405607
1065,17.750000,179.975204,-62.358616,-169.966476,0.728283,0.995735,0.397930
1066,17.766667,179.207535,-62.996216,-170.627747,0.723662,0.995330,0.394034
1067,17.783333,-179.233917,-62.483521,-168.038116,0.717114,0.996754,0.389774
1068,17.800000,-178.557281,-62.396564,-168.542160,0.713629,0.996498,0.383729
1069,17.816667,-177.716782,-62.540306,-166.628799,0.708925,0.998071,0.379355
1070,17.833333,-177.792252,-62.453236,-167.632385,0.706390,0.998875,0.372925
1071,17.850000,-176.759476,-62.739326,-166.175034,0.702064,0.999904,0.367837
1072,17.866667,-175.179840,-62.128822,-163.065826,0.697899,1.001043,0.363942
1073,17.883333,-175.677917,-62.208023,-164.638092,0.696881,1.001908,0.356805
1074,17.900000,-175.240707,-62.326256,-164.464294,0.694885,1.002908,0.350421
1075,17.916667,-175.621155,-62.187023,-164.882797,0.693650,1.003149,0.344954
1076,17.933333,-172.621353,-61.704277,-160.939621,0.690000,1.003309,0.339548
1077,17.950000,-175.999634,-61.650055,-165.598282,0.692675,1.002950,0.332281
1078,17.966667,-177.577545,-61.623333,-167.353973,0.692744,1.002581,0.325989
1079,17.983333,-176.269791,-61.798058,-167.007614,0.692654,1.002487,0.318671
1080,18.000000,-176.081726,-61.394344,-166.648453,0.692679,1.001645,0.313175
1081,18.016667,-174.993622,-61.224319,-165.240799,0.692275,1.001853,0.306792
1082,18.033333,-175.601303,-61.401695,-167.393219,0.695237,0.999906,0.298543
1083,18.050000,-175.365387,-61.291039,-167.121780,0.696952,1.000023,0.292711
1084,18.066667,-174.557159,-61.057583,-166.517899,0.698576,0.999557,0.285797
1085,18.083333,-173.512695,-61.072617,-165.172668,0.700347,0.999248,0.279644
1086,18.100000,-174.822250,-60.907516,-166.932587,0.703880,0.999525,0.272885
1087,18.116667,-175.028305,-60.941750,-168.696716,0.708692,0.998477,0.265217
1088,18.133333,-176.703735,-60.743542,-170.138138,0.712679,0.999381,0.259167
1089,18.150000,-176.963730,-60.679939,-171.789612,0.717273,0.999714,0.251833
1090,18.166667,-177.753922,-60.534805,-172.722046,0.721806,0.999954,0.245775
1091,18.183333,-178.652832,-60.396343,-173.284485,0.726521,1.000178,0.240261
1092,18.200000,-177.923325,-60.461613,-173.526321,0.731010,1.000923,0.233566
1093,18.216667,-178.460327,-60.150753,-173.964966,0.736467,1.000452,0.227590
1094,18.233333,-178.701111,-60.046394,-174.684891,0.742265,1.000469,0.221738
1095,18.250000,-179.216797,-59.858017,-175.532822,0.747870,1.000537,0.216187
1096,18.266667,-179.626266,-59.823559,-176.302826,0.753492,1.000474,0.210998
1097,18.283333,179.048309,-59.710655,-178.019028,0.760284,1.001233,0.205448
1098,18.300000,179.478439,-59.565140,-177.864258,0.765862,1.001076,0.200433
1099,18.316667,178.803894,-59.624439,-179.401031,0.772667,1.001228,0.194987
1100,18.333333,177.617752,-59.452496,179.601456,0.779589,1.001496,0.191235
1101,18.350000,177.913254,-59.473526,178.895157,0.785864,1.001641,0.185563
1102,18.366667,177.405350,-59.303493,178.415588,0.792211,1.002229,0.181752
1103,18.383333,178.040497,-58.988949,178.842712,0.798215,1.001442,0.178405
1104,18.400000,178.405670,-59.152546,178.648880,0.804893,1.002198,0.174078
1105,18.416667,178.444427,-59.085052,178.881760,0.810987,1.002368,0.171129
1106,18.433333,178.103851,-59.042702,178.857117,0.817741,1.002475,0.168713
1107,18.450000,179.241623,-59.194286,179.617752,0.823583,1.001670,0.166086
1108,18.466667,178.098038,-59.017677,177.456177,0.831537,1.003174,0.162555
1109,18.483333,177.269394,-58.786190,176.711807,0.838526,1.003923,0.161266
1110,18.500000,177.774292,-59.273933,176.834045,0.844936,1.004969,0.159377
1111,18.516667,178.345078,-58.962032,178.251556,0.850643,1.005641,0.158776
1112,18.533333,177.447815,-58.986805,176.501801,0.858378,1.006946,0.157140
1113,18.550000,177.552673,-59.105392,176.532761,0.864690,1.008158,0.156555
1114,18.566667,177.814651,-59.126743,177.294479,0.870891,1.009202,0.156768
1115,18.583333,177.480545,-59.098740,177.034927,0.877596,1.010064,0.156629
1116,18.600000,177.676651,-59.106613,177.210052,0.883709,1.010685,0.157313
1117,18.616667,176.873215,-59.021152,175.953903,0.891401,1.011923,0.157472
1118,18.633333,176.509109,-58.938019,175.707947,0.897503,1.012982,0.158869
1119,18.650000,175.968796,-58.903458,175.072647,0.904436,1.013861,0.160156
1120,18.666667,175.170929,-58.798649,174.233124,0.911103,1.014922,0.161994
1121,18.683333,173.831604,-58.760303,172.908875,0.918264,1.015609,0.164410
1122,18.700000,173.259964,-58.890480,171.651001,0.924865,1.016915,0.166126
1123,18.716667,173.041733,-58.956848,171.653915,0.930807,1.017839,0.168667
1124,18.733333,172.625824,-58.812347,171.962570,0.936753,1.018194,0.172244
1125,18.750000,171.788345,-58.989334,171.036285,0.942912,1.019472,0.175302
1126,18.766667,171.794479,-59.057518,171.334702,0.948516,1.020077,0.178949
1127,18.783333,171.008789,-59.252186,171.279846,0.954499,1.020723,0.183639
1128,18.800000,170.722473,-59.300419,171.501831,0.959640,1.021722,0.188164
1129,18.816667,169.621170,-59.166786,170.527100,0.965634,1.021879,0.192744
1130,18.833333,169.972214,-59.313488,170.460526,0.970361,1.022504,0.196526
1131,18.850000,169.571915,-59.458649,170.628738,0.975397,1.023000,0.201794
1132,18.866667,168.554031,-59.711452,168.841782,0.980948,1.023833,0.206228
1133,18.883333,167.824417,-59.619991,169.157669,0.985459,1.024359,0.212164
1134,18.900000,166.983490,-59.502510,168.092361,0.990726,1.024254,0.217058
1135,18.916667,166.588455,-59.707779,167.984482,0.994956,1.024186,0.222787
1136,18.933333,166.339966,-59.691181,167.564819,0.999096,1.024506,0.227691
1137,18.950000,165.346924,-59.928020,167.826065,1.003508,1.024850,0.235082
1138,18.966667,164.530930,-59.805664,166.830124,1.007866,1.024626,0.240997
1139,18.983333,163.541550,-59.837524,166.506760,1.011287,1.025110,0.247713
1140,19.000000,163.314301,-60.079895,166.171555,1.014948,1.025150,0.253615
1141,19.016667,164.340927,-60.540825,167.417587,1.016487,1.024728,0.259866
1142,19.033333,163.003952,-60.395969,165.791504,1.020764,1.024341,0.266066
1143,19.050000,162.189667,-60.780830,164.364700,1.023470,1.024225,0.271440
1144,19.066667,161.359421,-60.450596,165.222885,1.025579,1.023851,0.280085
1145,19.083333,160.755402,-60.950279,163.683960,1.028732,1.023049,0.285551
1146,19.100000,160.069550,-61.028717,163.933990,1.030283,1.022883,0.292795
1147,19.116667,160.231094,-61.058441,165.016235,1.031024,1.021940,0.300605
1148,19.133333,158.954453,-61.357243,163.097946,1.033730,1.021177,0.306214
1149,19.150000,158.871841,-61.399441,163.045914,1.034657,1.020414,0.313002
1150,19.166667,158.440292,-61.542664,163.050598,1.035955,1.019757,0.320273
1151,19.183333,158.419403,-61.890556,163.678223,1.035659,1.019773,0.327423
1152,19.200000,157.248795,-62.341888,162.335571,1.036224,1.019395,0.333705
1153,19.216667,157.139450,-62.519932,163.130142,1.035371,1.020218,0.341297
1154,19.233333,156.626160,-62.721096,161.830795,1.035672,1.019943,0.346964
1155,19.250000,156.176193,-62.533997,162.422485,1.034741,1.020125,0.354666
1156,19.266667,154.721222,-62.663368,160.477478,1.034781,1.020368,0.360596
1157,19.283333,155.038895,-62.774685,162.247284,1.032705,1.020401,0.368223
1158,19.300000,154.998489,-63.502846,161.191086,1.031621,1.021013,0.373220
1159,19.316667,154.301407,-63.458282,161.328018,1.029372,1.022203,0.380433
1160,19.333333,153.053787,-63.716747,160.556396,1.027647,1.022809,0.386892
1161,19.350000,154.368759,-64.381203,162.139603,1.023890,1.023025,0.392580
1162,19.366667,154.205750,-64.312447,162.619614,1.021611,1.023446,0.399593
1163,19.383333,153.368332,-64.439598,161.999023,1.018706,1.024683,0.405211
1164,19.400000,154.448929,-65.236320,163.079163,1.014480,1.025236,0.410238
1165,19.416667,152.852264,-65.160599,161.912567,1.011929,1.026020,0.415660
1166,19.433333,153.446793,-65.584877,163.026123,1.007859,1.026655,0.421354
1167,19.450000,153.369339,-65.770584,163.169830,1.004626,1.026947,0.426243
1168,19.466667,152.667603,-66.123451,163.272156,1.000090,1.028556,0.431217
1169,19.483333,153.108093,-66.371094,163.848618,0.995684,1.028697,0.435986
1170,19.500000,152.731583,-66.749069,163.881577,0.991141,1.029805,0.440460
1171,19.516667,152.164734,-67.159416,162.586655,0.986106,1.030647,0.442626
1172,19.533333,152.910828,-67.439537,164.339981,0.980606,1.031337,0.447682
1173,19.550000,153.621857,-67.688339,165.143448,0.976106,1.031629,0.450738
1174,19.566667,152.752975,-67.877823,164.730331,0.970382,1.033274,0.454328
1175,19.583333,152.531891,-68.015015,164.031906,0.965124,1.033625,0.455964
1176,19.600000,153.005539,-68.502480,165.042465,0.959655,1.034534,0.459058
1177,19.616667,151.793243,-68.683784,164.055862,0.954663,1.035228,0.460968
1178,19.633333,152.509827,-68.776810,164.717438,0.949386,1.035489,0.462594
1179,19.650000,153.279327,-69.353912,165.470200,0.942580,1.036245,0.463429
1180,19.666667,153.360382,-69.407669,165.940384,0.936671,1.036482,0.464905
1181,19.683333,155.070709,-69.890373,168.376083,0.929989,1.036618,0.466070
1182,19.700000,155.105682,-70.347763,167.957657,0.924121,1.035992,0.465822
1183,19.716667,155.764877,-70.539474,168.517105,0.917630,1.036018,0.465679
1184,19.733333,156.332779,-70.724266,169.452713,0.911054,1.036037,0.465968
1185,19.750000,157.152222,-71.057182,169.923294,0.904983,1.035099,0.464527
1186,19.766667,156.283890,-71.181114,169.049286,0.898722,1.034599,0.463268
1187,19.783333,157.949921,-71.654533,170.820145,0.892086,1.033208,0.462161
1188,19.800000,159.447311,-71.786133,172.354126,0.885868,1.032017,0.460711
1189,19.816667,158.673691,-72.184837,171.583832,0.879865,1.030024,0.458574
1190,19.833333,159.258118,-72.138725,171.906113,0.873699,1.027989,0.455925
1191,19.850000,162.032822,-72.757942,174.575317,0.866880,1.026396,0.453385
1192,19.866667,164.494766,-73.116859,176.890411,0.860258,1.024547,0.449795
1193,19.883333,163.676773,-73.116180,175.953720,0.854636,1.022159,0.446452
1194,19.900000,165.400894,-73.643303,178.031219,0.848344,1.020961,0.443300
1195,19.916667,168.237518,-73.773376,-179.905029,0.842219,1.019776,0.438716
1196,19.933333,167.763443,-73.896294,179.798141,0.837265,1.018429,0.434574
1197,19.950000,170.713593,-74.150352,-177.827866,0.830975,1.017608,0.429720
1198,19.966667,170.753113,-73.843086,-178.181335,0.825422,1.016111,0.424589
1199,19.983333,170.829254,-74.032249,-178.340790,0.821224,1.015551,0.418971
1200,20.000000,172.746826,-74.462738,-176.720749,0.815705,1.014624,0.413619
1201,20.016667,175.983673,-75.108231,-173.449219,0.810887,1.014057,0.408271
1202,20.033333,176.693954,-74.859123,-172.490997,0.806343,1.013635,0.402769
1203,20.050000,179.148743,-74.999969,-170.489304,0.801760,1.014572,0.396037
1204,20.066667,-179.145950,-75.102638,-168.829453,0.798085,1.014125,0.390297
1205,20.083333,-177.824295,-75.026825,-168.189117,0.794808,1.013972,0.383096
1206,20.100000,-176.893967,-75.351440,-167.746613,0.791964,1.014676,0.376058
1207,20.116667,-175.666122,-75.220093,-166.396988,0.788789,1.015675,0.369612
1208,20.133333,-175.260651,-75.262215,-166.646698,0.786363,1.016562,0.362005
1209,20.150000,-172.783585,-75.333557,-164.683319,0.783678,1.017810,0.354634
1210,20.166667,-174.095657,-75.318985,-166.336243,0.782852,1.017748,0.348046
1211,20.183333,-173.064072,-75.307709,-165.538177,0.780920,1.019519,0.340479
1212,20.200000,-171.693619,-75.298447,-164.250854,0.779233,1.020596,0.333445
1213,20.216667,-171.056854,-75.434891,-164.181946,0.778599,1.022000,0.325517
1214,20.233333,-171.178604,-75.396118,-164.611069,0.778576,1.022029,0.318385
1215,20.250000,-169.497299,-75.229446,-163.144257,0.777861,1.023131,0.311203
1216,20.266667,-171.081573,-75.293472,-165.780380,0.779099,1.023194,0.302817
1217,20.283333,-170.400681,-75.800064,-165.545807,0.780045,1.023426,0.295384
1218,20.300000,-171.393478,-75.371185,-166.042084,0.780615,1.023575,0.288958
1219,20.316667,-169.531754,-75.296745,-164.828354,0.781285,1.024052,0.281775
1220,20.333333,-168.838959,-75.254219,-164.048309,0.782223,1.024517,0.274925
1221,20.350000,-171.795700,-75.560585,-166.874359,0.785514,1.024022,0.268531
1222,20.366667,-170.934937,-75.462822,-167.214874,0.787390,1.023312,0.260239
1223,20.383333,-171.481293,-75.736259,-168.357468,0.790538,1.022723,0.253254
1224,20.400000,-171.537216,-75.601128,-168.398834,0.792969,1.022398,0.246986
1225,20.416667,-171.577240,-75.617020,-168.474060,0.795722,1.021809,0.240733
1226,20.433333,-173.587494,-75.727882,-171.388458,0.800514,1.020845,0.233923
1227,20.450000,-172.990402,-75.737045,-170.395767,0.803172,1.020926,0.228188
1228,20.466667,-172.945084,-75.701569,-170.657181,0.807591,1.019808,0.222279
1229,20.483333,-175.142288,-75.594902,-173.844666,0.812091,1.019403,0.215527
1230,20.500000,-176.261475,-76.023766,-174.413239,0.816433,1.019832,0.211033
1231,20.516667,-177.982452,-75.827576,-176.996063,0.821518,1.019727,0.204795
1232,20.533333,-179.180557,-75.390816,-178.683823,0.826867,1.019923,0.199860
1233,20.550000,179.460129,-75.389778,179.688965,0.831846,1.019413,0.194976
1234,20.566667,177.176865,-75.542320,177.669113,0.837384,1.018863,0.190860
1235,20.583333,175.403503,-75.568398,175.631897,0.843426,1.019102,0.186379
1236,20.600000,173.755157,-75.376122,173.573578,0.848990,1.019821,0.182420
1237,20.616667,174.147659,-75.354141,173.320892,0.854805,1.019236,0.178019
1238,20.633333,173.274643,-75.222977,172.489410,0.860557,1.019099,0.175067
1239,20.650000,172.376297,-75.378769,171.092422,0.866274,1.019548,0.171373
1240,20.666667,170.998276,-75.076759,169.446228,0.872573,1.019476,0.169031
1241,20.683333,169.960541,-74.991821,167.386551,0.878496,1.019103,0.165298
1242,20.700000,171.958420,-74.881165,169.739136,0.883307,1.019718,0.164203
1243,20.716667,168.119965,-74.581413,165.573685,0.891160,1.019477,0.161767
1244,20.733333,169.970551,-74.804855,167.311066,0.895414,1.019309,0.161080
1245,20.750000,168.502350,-74.750801,165.896576,0.901797,1.020016,0.160288
1246,20.766667,167.707596,-74.568878,164.872116,0.908033,1.019660,0.159391
1247,20.783333,166.189148,-74.868515,163.399170,0.914262,1.019743,0.159067
1248,20.800000,165.807693,-74.496002,163.592697,0.920282,1.019733,0.160066
1249,20.816667,166.334076,-74.898369,163.459732,0.925758,1.020063,0.160081
1250,20.833333,165.472885,-74.667305,162.834091,0.931743,1.020042,0.161296
1251,20.850000,164.623169,-74.742058,161.659332,0.937783,1.019508,0.162366
1252,20.866667,164.865753,-74.471725,161.530060,0.942919,1.019058,0.164171
1253,20.883333,162.846237,-74.505669,160.280823,0.948338,1.019372,0.167033
1254,20.900000,161.387329,-74.393852,158.168640,0.954701,1.019100,0.168753
1255,20.916667,160.388245,-74.164635,157.740494,0.960009,1.018748,0.172448
1256,20.933333,161.872284,-74.580360,159.246109,0.964418,1.018212,0.175273
1257,20.950000,160.536530,-74.374260,158.044647,0.969905,1.018013,0.178964
1258,20.966667,161.841095,-74.476547,160.823700,0.974245,1.016730,0.184416
1259,20.983333,161.019806,-74.635201,159.633743,0.979191,1.017404,0.188231
1260,21.000000,158.082596,-74.423676,156.345352,0.984442,1.017507,0.192118
1261,21.016667,159.261444,-74.436058,158.378632,0.988848,1.016882,0.198354
1262,21.033333,157.067581,-74.454674,156.356125,0.994120,1.016671,0.204109
1263,21.050000,158.041443,-74.814987,157.427673,0.997394,1.016909,0.209562
1264,21.066667,154.483810,-74.246216,153.670074,1.003042,1.016928,0.214974
1265,21.083333,155.563522,-74.678970,155.254990,1.006135,1.017633,0.221522
1266,21.100000,154.328354,-74.446419,154.671555,1.010285,1.018000,0.229005
1267,21.116667,152.264023,-74.330635,153.325775,1.014285,1.018964,0.236148
1268,21.133333,153.510330,-74.685333,155.145233,1.017291,1.019091,0.243317
1269,21.150000,151.014114,-74.439125,153.055206,1.021425,1.020273,0.250941
1270,21.166667,151.693771,-74.901085,154.258469,1.023696,1.021087,0.258021
1271,21.183333,149.315674,-74.340401,151.368866,1.028404,1.022550,0.265179
1272,21.200000,148.431320,-74.015144,150.923676,1.030633,1.023363,0.273392
1273,21.216667,148.025543,-74.325523,151.251160,1.033341,1.024405,0.281574
1274,21.233333,146.237854,-74.276550,149.486023,1.036109,1.025806,0.289294
1275,21.250000,146.125076,-74.266609,149.586105,1.038297,1.027115,0.297615
1276,21.266667,145.190720,-73.996834,149.161774,1.040178,1.028697,0.305366
1277,21.283333,144.215790,-74.043831,148.500412,1.042173,1.029682,0.313610
1278,21.300000,143.830078,-74.321373,148.861603,1.042977,1.031227,0.322002
1279,21.316667,142.631516,-74.072281,148.506317,1.044681,1.033002,0.330545
1280,21.333333,142.250687,-74.000084,148.556824,1.046075,1.034133,0.339521
1281,21.350000,140.367233,-73.742470,146.470108,1.047101,1.035109,0.346338
1282,21.366667,140.411270,-74.293762,147.510040,1.047212,1.037082,0.355231
1283,21.383333,139.775101,-73.984680,146.616241,1.048182,1.038591,0.362754
1284,21.400000,138.505386,-73.963654,145.730698,1.048439,1.040787,0.370609
1285,21.416667,138.361115,-73.920731,145.610229,1.048676,1.042592,0.378372
1286,21.433333,136.236908,-73.629829,144.046158,1.048391,1.045082,0.385860
1287,21.450000,137.215378,-73.550880,145.310165,1.047159,1.046907,0.393394
1288,21.466667,136.005112,-73.617531,144.750961,1.046438,1.049071,0.400558
1289,21.483333,134.699860,-73.561562,143.671143,1.044539,1.051070,0.407185
1290,21.500000,134.467896,-73.904350,144.636612,1.042818,1.052550,0.415639
1291,21.516667,133.934982,-74.037704,144.267715,1.040500,1.054762,0.422016
1292,21.533333,132.933289,-73.373535,143.845993,1.038938,1.056586,0.427978
1293,21.550000,134.605865,-73.663986,145.557587,1.035946,1.057704,0.433852
1294,21.566667,133.104660,-73.753319,144.450928,1.034037,1.059692,0.440169
1295,21.583333,133.691391,-73.321251,145.481567,1.031021,1.061505,0.446257
1296,21.600000,132.502960,-73.584351,144.840057,1.027577,1.063616,0.451307
1297,21.616667,130.868408,-73.051834,142.381699,1.024573,1.065753,0.454670
1298,21.633333,131.786240,-73.780128,143.809067,1.020306,1.067157,0.459080
1299,21.650000,131.330536,-73.375504,144.061432,1.016250,1.069005,0.464046
1300,21.666667,130.943863,-73.450882,143.963547,1.011811,1.070910,0.467207
1301,21.683333,130.394974,-73.344635,143.361008,1.007681,1.072305,0.470154
1302,21.700000,131.032959,-73.371880,144.469315,1.002291,1.073179,0.473697
1303,21.716667,131.343170,-73.602325,144.976593,0.996660,1.073957,0.476228
1304,21.733333,132.764511,-73.808304,146.623581,0.990260,1.074377,0.478744
1305,21.750000,131.216400,-73.436760,144.509735,0.985878,1.073792,0.479585
1306,21.766667,132.878128,-73.564209,146.365509,0.978980,1.074363,0.481266
1307,21.783333,133.900833,-73.535835,146.765869,0.973043,1.073254,0.481691
1308,21.800000,133.969498,-74.034966,146.582535,0.966149,1.072701,0.481480
1309,21.816667,135.509689,-74.181801,148.387680,0.958924,1.071541,0.482092
1310,21.833333,136.649536,-74.272095,149.510910,0.951935,1.069922,0.481823
1311,21.850000,136.488159,-74.154533,149.455139,0.945219,1.068746,0.481133
1312,21.866667,138.418228,-74.497055,151.808746,0.937560,1.067373,0.480947
1313,21.883333,138.566864,-74.723068,151.826630,0.930155,1.065736,0.479450
1314,21.900000,139.694672,-74.525818,152.804062,0.921925,1.064123,0.477295
1315,21.916667,141.843216,-74.950829,154.844208,0.913844,1.062027,0.475425
1316,21.933333,143.161789,-74.866417,156.664932,0.906049,1.060470,0.473579
1317,21.950000,145.521286,-75.142036,157.912125,0.897302,1.057924,0.469157
1318,21.966667,147.986588,-75.328712,160.112717,0.888598,1.055525,0.466285
1319,21.983333,149.977402,-75.599716,162.317184,0.880564,1.052954,0.463171
1320,22.000000,152.630783,-75.648178,164.921555,0.871752,1.050629,0.458808
1321,22.016667,155.313156,-75.591850,165.877304,0.863601,1.049229,0.452405
1322,22.033333,156.626007,-75.814522,168.493546,0.855083,1.046634,0.449391
1323,22.050000,161.105835,-75.907814,173.694931,0.845665,1.044605,0.445426
1324,22.066667,162.863098,-76.051170,174.478531,0.837668,1.042234,0.439128
1325,22.083333,167.067245,-75.849617,179.444946,0.828926,1.040330,0.434639
1326,22.100000,170.146439,-76.105911,-178.223755,0.821142,1.038610,0.428057
1327,22.116667,173.300232,-75.891945,-175.116074,0.812710,1.036873,0.422013
1328,22.133333,176.166077,-75.616913,-172.394028,0.804978,1.035094,0.415552
1329,22.150000,-179.662155,-75.462379,-168.151276,0.797031,1.034451,0.409089
1330,22.166667,-177.506866,-75.822777,-166.360779,0.789781,1.032492,0.402087
1331,22.183333,-175.925278,-75.139511,-165.899078,0.783855,1.031035,0.393792
1332,22.200000,-173.600632,-74.947227,-162.796402,0.776773,1.030072,0.387534
1333,22.216667,-172.516266,-74.848175,-162.138168,0.771290,1.028363,0.379477
1334,22.233333,-170.908890,-74.219017,-161.077866,0.765547,1.027684,0.371145
1335,22.250000,-170.493607,-74.585403,-160.786911,0.760575,1.027148,0.363311
1336,22.266667,-169.552734,-74.037224,-160.204712,0.756123,1.025770,0.355437
1337,22.283333,-167.180603,-73.633202,-158.070786,0.751550,1.024476,0.346961
1338,22.300000,-168.403473,-73.491508,-159.444641,0.747662,1.024858,0.338620
1339,22.316667,-167.604843,-73.145866,-158.197769,0.744786,1.024427,0.331158
1340,22.333333,-166.831223,-72.902885,-159.121033,0.741697,1.023060,0.321375
1341,22.350000,-165.987198,-72.479065,-158.489090,0.739137,1.022554,0.313296
1342,22.366667,-167.083191,-72.423904,-160.383591,0.737988,1.022153,0.303851
1343,22.383333,-164.904526,-72.010574,-158.556580,0.735686,1.021527,0.295495
1344,22.400000,-166.366470,-71.931122,-160.202133,0.735253,1.021058,0.286838
1345,22.416667,-168.771362,-71.790108,-163.326279,0.735614,1.020280,0.277782
1346,22.433333,-166.178116,-71.521484,-160.780365,0.734512,1.019688,0.269456
1347,22.450000,-167.522766,-71.183136,-162.570618,0.735526,1.018940,0.261124
1348,22.466667,-167.925461,-71.116196,-163.215881,0.736582,1.019450,0.253388
1349,22.483333,-167.959534,-70.938957,-163.514618,0.737645,1.019169,0.244988
1350,22.500000,-168.275024,-70.463692,-164.551407,0.739749,1.019403,0.236199
1351,22.516667,-167.976501,-70.343979,-164.710464,0.741925,1.019149,0.228999
1352,22.533333,-168.822952,-69.859276,-165.894241,0.744224,1.019811,0.221583
1353,22.550000,-170.306992,-69.706139,-167.638474,0.747473,1.020338,0.213721
1354,22.566667,-169.302582,-69.730156,-167.519943,0.750805,1.020154,0.205847
1355,22.583333,-170.717621,-69.295105,-168.739258,0.754380,1.021093,0.199448
1356,22.600000,-170.574387,-69.404884,-169.274521,0.758397,1.020567,0.192033
1357,22.616667,-170.955841,-69.048813,-169.106216,0.762054,1.020622,0.186591
1358,22.633333,-171.744492,-68.948204,-170.696747,0.767281,1.020991,0.179708
1359,22.650000,-172.933334,-68.740440,-171.758469,0.772218,1.021045,0.174444
1360,22.666667,-171.901520,-68.551285,-171.312180,0.776492,1.021367,0.168004
1361,22.683333,-172.302109,-68.102089,-171.132523,0.781945,1.021392,0.163684
1362,22.700000,-173.480423,-68.032440,-172.843109,0.787910,1.021569,0.158456
1363,22.716667,-174.513947,-67.908234,-174.140976,0.793840,1.022361,0.154022
1364,22.733333,-174.890182,-67.624847,-174.703674,0.800184,1.022064,0.149460
1365,22.750000,-175.493362,-67.263924,-175.406601,0.806426,1.021894,0.145435
1366,22.766667,-176.004654,-67.104965,-175.733963,0.812833,1.022026,0.142244
1367,22.783333,-176.845917,-66.804550,-177.222702,0.819995,1.022171,0.138035
1368,22.800000,-177.897079,-66.634674,-178.623230,0.827287,1.021922,0.134888
1369,22.816667,-178.016479,-66.293152,-178.772461,0.833919,1.021320,0.132134
1370,22.833333,-179.340286,-66.096786,179.688660,0.841584,1.020846,0.129667
1371,22.850000,-177.930695,-66.073357,-179.240570,0.847570,1.020094,0.127419
1372,22.866667,-179.453033,-65.677193,178.672241,0.855640,1.019733,0.125414
1373,22.883333,179.656677,-65.500870,178.293701,0.862893,1.019508,0.125389
1374,22.900000,178.212753,-65.448723,176.146255,0.871208,1.018779,0.123939
1375,22.916667,177.133804,-65.187195,174.995316,0.879069,1.018187,0.123583
1376,22.933333,176.660858,-64.706802,175.208298,0.886157,1.017718,0.124099
1377,22.950000,176.347473,-64.806122,173.967331,0.893605,1.016931,0.123173
1378,22.966667,175.813278,-64.635925,173.821808,0.901112,1.016422,0.124389
1379,22.983333,175.638123,-64.439247,173.646698,0.908120,1.015926,0.125418
1380,23.000000,175.840897,-64.247963,173.948822,0.914986,1.015699,0.126763
1381,23.016667,174.438492,-64.209030,173.285034,0.922904,1.014877,0.129343
1382,23.033333,173.393066,-63.892365,171.690201,0.930991,1.014131,0.130957
1383,23.050000,173.340897,-63.861103,171.714905,0.937837,1.013495,0.133800
1384,23.066667,172.754135,-63.322643,171.354874,0.945384,1.012891,0.136562
1385,23.083333,172.223740,-63.397770,171.420837,0.952229,1.012912,0.140685
1386,23.100000,171.825256,-63.388649,170.205948,0.959433,1.012391,0.143447
1387,23.116667,170.823105,-63.215813,168.990219,0.966519,1.012226,0.146940
1388,23.133333,170.762375,-63.021362,169.167984,0.973173,1.011585,0.151043
1389,23.150000,170.438461,-63.300159,169.811295,0.979282,1.011429,0.156631
1390,23.166667,169.666702,-62.924900,169.035599,0.986161,1.011111,0.161614
1391,23.183333,169.397034,-62.971375,169.401718,0.991958,1.011576,0.167089
1392,23.200000,168.670990,-62.807354,168.846878,0.998797,1.011523,0.172686
1393,23.216667,169.019867,-62.948071,169.111908,1.003585,1.012363,0.177847
1394,23.233333,167.546310,-62.671421,167.780914,1.010877,1.011899,0.184348
1395,23.250000,166.642670,-62.772259,167.240768,1.016643,1.012396,0.190689
1396,23.266667,166.608215,-62.554993,167.260483,1.021788,1.013009,0.197412
1397,23.283333,165.956772,-62.765465,166.505447,1.027489,1.013158,0.203187
1398,23.300000,164.624146,-62.545635,166.423645,1.032406,1.014315,0.211414
1399,23.316667,163.905914,-62.645271,164.955215,1.038183,1.014459,0.217459
1400,23.333333,163.340500,-62.424446,165.657150,1.042421,1.015045,0.225611
1401,23.350000,162.627457,-62.324249,165.447113,1.047136,1.015508,0.233174
1402,23.366667,162.387421,-62.532246,165.471893,1.051325,1.016086,0.241077
1403,23.383333,162.034302,-62.547737,165.127869,1.055360,1.016461,0.248301
1404,23.400000,161.103653,-62.330765,164.402405,1.059518,1.017299,0.255737
1405,23.416667,160.853561,-62.474640,164.361298,1.063055,1.017725,0.263909
1406,23.433333,159.774872,-62.396786,163.925858,1.066515,1.018637,0.271859
1407,23.450000,159.939407,-62.251774,163.904343,1.069285,1.019206,0.279470
1408,23.466667,158.626205,-62.574070,163.018784,1.072908,1.019842,0.287366
1409,23.483333,158.110596,-62.728676,163.185989,1.074791,1.020675,0.295777
1410,23.500000,157.896484,-62.506641,163.265869,1.077187,1.021445,0.303482
1411,23.516667,156.742523,-62.613976,161.786209,1.080208,1.022285,0.310478
1412,23.533333,156.619507,-62.845909,162.784393,1.081368,1.023148,0.319197
1413,23.550000,156.239990,-62.723507,162.843582,1.082559,1.024432,0.327354
1414,23.566667,155.533020,-62.993607,161.854797,1.084224,1.024617,0.334346
1415,23.583333,155.839127,-62.901241,162.442001,1.084468,1.025873,0.342361
1416,23.600000,154.644943,-63.011959,161.317261,1.085924,1.026709,0.349483
1417,23.616667,153.910873,-62.932068,160.499619,1.086532,1.027852,0.356759
1418,23.633333,152.866852,-62.903114,158.979660,1.087303,1.028580,0.363157
1419,23.650000,151.886444,-62.865135,158.447617,1.087927,1.029458,0.370933
1420,23.666667,152.894730,-63.204918,160.120071,1.085857,1.030093,0.377847
1421,23.683333,152.000916,-63.087856,159.622467,1.084715,1.031108,0.385409
1422,23.700000,151.879303,-63.393173,159.630020,1.083333,1.031594,0.391674
1423,23.716667,151.275986,-63.276894,159.329498,1.082406,1.032361,0.398387
1424,23.733333,150.830994,-63.412632,159.161499,1.080447,1.032818,0.404963
1425,23.750000,150.432831,-63.389771,158.462997,1.078350,1.033266,0.410980
1426,23.766667,150.628479,-63.469090,158.734909,1.076102,1.032980,0.417098
1427,23.783333,149.638901,-63.931644,157.707047,1.073185,1.033315,0.422575
1428,23.800000,150.330368,-63.957394,158.248657,1.069798,1.032966,0.427846
1429,23.816667,150.498047,-64.206619,158.821915,1.065590,1.033360,0.433745
1430,23.833333,149.710922,-64.217209,158.764328,1.061845,1.033665,0.439350
1431,23.850000,149.977844,-64.511841,159.665833,1.057673,1.033318,0.445044
1432,23.866667,148.726288,-64.698669,157.751205,1.054274,1.033538,0.448532
1433,23.883333,149.356781,-64.812119,159.537323,1.048741,1.033559,0.454347
1434,23.900000,148.974274,-64.857872,159.142838,1.044537,1.033103,0.458605
1435,23.916667,148.023727,-65.047424,158.045868,1.039304,1.032960,0.462735
1436,23.933333,149.213409,-65.552734,158.980438,1.033354,1.032354,0.465849
1437,23.950000,149.500107,-65.331345,159.639069,1.027413,1.031567,0.470076
1438,23.966667,149.161652,-65.736115,159.352463,1.021388,1.031155,0.473660
1439,23.983333,149.554489,-65.808235,159.298813,1.014608,1.030868,0.475376
1440,24.000000,149.546951,-65.926308,159.688217,1.007991,1.030195,0.478799
1441,24.016667,149.981506,-66.185265,160.411697,1.000676,1.028946,0.481321
1442,24.033333,150.186935,-66.459106,160.811661,0.993445,1.028528,0.483712
1443,24.050000,150.780029,-66.828773,161.424957,0.985686,1.028089,0.485120
1444,24.066667,151.303604,-67.250793,162.715302,0.978279,1.027334,0.487995
1445,24.083333,151.197311,-67.063316,162.071457,0.971069,1.025914,0.488861
1446,24.100000,152.311813,-67.435738,162.862045,0.962746,1.024591,0.488974
1447,24.116667,152.775528,-67.920227,163.591431,0.953736,1.023732,0.490173
1448,24.133333,154.680527,-67.957230,165.955933,0.945265,1.022377,0.491131
1449,24.150000,155.353683,-68.215080,166.379089,0.936653,1.020921,0.491476
1450,24.166667,156.177368,-68.411514,167.323105,0.927881,1.019692,0.490875
1451,24.183333,156.591904,-68.438766,167.685440,0.919325,1.018334,0.490888
1452,24.200000,158.377029,-68.931412,169.744705,0.910504,1.017213,0.490254
1453,24.216667,159.492249,-69.038101,171.088760,0.901328,1.015595,0.489587
1454,24.233333,160.560455,-69.285889,171.910355,0.892577,1.014092,0.487868
1455,24.250000,161.839218,-69.541817,173.452759,0.883460,1.013109,0.486945
1456,24.266667,162.172775,-69.772415,173.608673,0.874806,1.012188,0.484625
1457,24.283333,164.494461,-69.554672,175.597763,0.865319,1.010996,0.482229
1458,24.300000,165.510742,-69.638924,176.941025,0.856505,1.010276,0.480754
1459,24.316667,167.514420,-69.948746,178.709854,0.847587,1.009487,0.477759
1460,24.333333,168.923859,-69.804733,179.686279,0.838888,1.008645,0.474659
1461,24.350000,168.896133,-70.196106,179.187210,0.830747,1.007790,0.470899
1462,24.366667,170.633347,-70.523621,-179.313431,0.822221,1.007473,0.467143
1463,24.383333,175.130249,-70.370697,-173.733002,0.812595,1.007475,0.464712
1464,24.400000,175.813736,-70.245117,-172.648834,0.804451,1.006997,0.461256
1465,24.416667,177.907776,-70.546165,-170.909546,0.797222,1.006318,0.456794
1466,24.433333,179.042648,-70.347435,-169.354218,0.789605,1.006631,0.453136
1467,24.450000,179.520386,-70.643188,-169.330780,0.783159,1.006145,0.447975
1468,24.466667,-178.345642,-70.291428,-166.896774,0.775589,1.006759,0.443635
1469,24.483333,-178.527847,-70.277664,-168.008179,0.770109,1.007089,0.437679
1470,24.500000,-175.466049,-70.044830,-164.411591,0.762859,1.007923,0.433218
1471,24.516667,-174.756134,-70.042564,-164.212585,0.757895,1.008795,0.427738
1472,24.533333,-175.139725,-69.982269,-164.805557,0.753073,1.009475,0.422359
1473,24.550000,-171.119995,-69.996986,-160.957672,0.747007,1.010221,0.415160
1474,24.566667,-172.126236,-69.696938,-161.623062,0.743220,1.012351,0.410546
1475,24.583333,-171.328232,-69.416779,-159.798065,0.738597,1.012128,0.405889
1476,24.600000,-171.089325,-69.492012,-160.710480,0.736101,1.012066,0.398461
1477,24.616667,-173.380280,-69.757545,-163.863327,0.734116,1.012145,0.391559
1478,24.633333,-171.349579,-69.336975,-161.512604,0.730529,1.012525,0.385278
1479,24.650000,-173.657364,-69.238586,-164.962860,0.729484,1.012304,0.377967
1480,24.666667,-173.589752,-69.127754,-164.764542,0.727569,1.011748,0.372394
1481,24.683333,-173.299088,-69.321625,-165.466232,0.726509,1.011548,0.364848
1482,24.700000,-172.282715,-69.141228,-164.141159,0.724678,1.011721,0.359233
1483,24.716667,-173.115662,-68.969574,-165.474075,0.724718,1.011694,0.352166
1484,24.733333,-172.676529,-68.788582,-165.486069,0.724937,1.011287,0.344941
1485,24.750000,-171.509445,-68.736916,-165.712738,0.725240,1.010957,0.336489
1486,24.766667,-173.398224,-68.493141,-166.901825,0.726045,1.010683,0.330850
1487,24.783333,-174.637207,-68.620369,-168.543564,0.727440,1.010674,0.324037
1488,24.800000,-175.077469,-68.410851,-168.410202,0.728255,1.011224,0.318190
1489,24.816667,-174.028992,-68.160538,-168.270462,0.729709,1.010428,0.310413
1490,24.833333,-175.521133,-68.067688,-169.471939,0.731794,1.009887,0.305091
1491,24.850000,-175.028061,-67.471848,-168.780624,0.732912,1.010008,0.298966
1492,24.866667,-176.693298,-67.797844,-171.032333,0.737022,1.009575,0.292141
1493,24.883333,-175.986435,-67.765511,-170.964432,0.739937,1.008632,0.285366
1494,24.900000,-176.713455,-67.559616,-172.298233,0.743192,1.007685,0.278310
1495,24.916667,-176.086502,-67.339317,-171.364136,0.746581,1.006771,0.272716
1496,24.933333,-177.271912,-67.158020,-173.130692,0.750814,1.006820,0.266533
1497,24.950000,-177.636551,-66.972305,-173.519943,0.754493,1.005765,0.260470
1498,24.966667,-177.250916,-66.852837,-172.820389,0.758208,1.004643,0.255214
1499,24.983333,-179.444702,-66.792259,-174.442490,0.763151,1.004773,0.250697
1500,25.000000,-179.988937,-66.697479,-176.050812,0.768366,1.004466,0.244027
1501,25.016667,179.504120,-66.296242,-176.888474,0.773155,1.003953,0.238700
1502,25.033333,179.440613,-66.299652,-177.714828,0.778388,1.003491,0.232661
1503,25.050000,178.592865,-66.126930,-178.664383,0.783957,1.004660,0.227903
1504,25.066667,178.926682,-65.979729,-178.273148,0.789057,1.004305,0.223728
1505,25.083333,179.659119,-65.770439,-177.814224,0.793908,1.004463,0.219131
1506,25.100000,179.073242,-65.672058,-178.536957,0.799729,1.005556,0.214444
1507,25.116667,178.205719,-65.542984,-179.856140,0.806173,1.005492,0.209862
1508,25.133333,179.410812,-65.381104,-178.541870,0.811357,1.005623,0.206308
1509,25.150000,177.137817,-65.106857,179.536835,0.818201,1.007300,0.203057
1510,25.166667,177.202499,-65.225220,179.013641,0.823876,1.007506,0.199333
1511,25.183333,176.041214,-64.746613,178.102997,0.830153,1.009034,0.196238
1512,25.200000,175.493256,-64.609581,176.263519,0.837585,1.008895,0.191496
1513,25.216667,176.084854,-64.438141,176.724945,0.843274,1.009267,0.189452
1514,25.233333,177.756073,-64.412895,179.114792,0.847930,1.009354,0.187906
1515,25.250000,176.141785,-64.456490,176.159882,0.856018,1.010350,0.184497
1516,25.266667,175.885803,-64.243729,175.909698,0.862513,1.011056,0.182376
1517,25.283333,175.256958,-64.018082,175.139328,0.869335,1.011576,0.180791
1518,25.300000,177.155167,-63.807640,176.655228,0.874665,1.011992,0.178797
1519,25.316667,175.813721,-63.849838,175.218414,0.881781,1.012330,0.177991
1520,25.333333,174.948395,-63.915504,174.283310,0.888283,1.013220,0.177310
1521,25.350000,174.979507,-63.375393,174.598862,0.894739,1.012938,0.177094
1522,25.366667,173.780151,-63.114433,173.135834,0.901461,1.013927,0.176865
1523,25.383333,173.084366,-63.190464,171.948563,0.908420,1.014092,0.176693
1524,25.400000,173.427460,-62.989227,172.573410,0.914194,1.014481,0.177469
1525,25.416667,173.187668,-63.015270,172.072235,0.920869,1.014899,0.178115
1526,25.433333,173.356735,-63.147495,172.362915,0.926778,1.015367,0.179229
1527,25.450000,173.557678,-62.751305,172.636826,0.932671,1.015516,0.180911
1528,25.466667,174.809921,-63.140160,173.931992,0.937553,1.015848,0.182277
1529,25.483333,173.684723,-62.934483,173.696945,0.943893,1.015926,0.186024
1530,25.500000,172.711288,-62.835316,172.138016,0.950430,1.017198,0.187341
1531,25.516667,172.320923,-62.900375,172.037354,0.956426,1.017618,0.189886
1532,25.533333,171.494781,-62.532478,172.105591,0.961620,1.018036,0.194041
1533,25.550000,171.185776,-62.566444,171.869324,0.967077,1.018815,0.197144
1534,25.566667,170.166595,-62.337654,170.759232,0.973180,1.019118,0.200289
1535,25.583333,170.078995,-62.537464,170.553024,0.978723,1.019786,0.203822
1536,25.600000,169.513016,-62.312534,170.713882,0.984095,1.020470,0.208765
1537,25.616667,169.817581,-62.453228,170.953995,0.989093,1.021144,0.212543
1538,25.633333,169.393112,-62.701862,170.888565,0.993799,1.022085,0.217209
1539,25.650000,168.896210,-62.778584,170.508759,0.998997,1.022602,0.221533
1540,25.666667,168.174377,-62.923862,169.715881,1.003935,1.024092,0.226186
1541,25.683333,168.315765,-62.798584,170.338898,1.008571,1.024217,0.231410
1542,25.700000,167.285370,-62.831978,169.313293,1.013620,1.025239,0.236656
1543,25.716667,166.509979,-62.800251,169.286316,1.017925,1.025865,0.242380
1544,25.733333,164.990265,-62.730198,167.558167,1.023039,1.026831,0.247408
1545,25.750000,164.547638,-62.703671,167.364258,1.026980,1.027672,0.253313
1546,25.766667,164.204391,-62.320415,167.431412,1.031084,1.028259,0.259217
1547,25.783333,163.511719,-62.444035,166.349197,1.035159,1.028825,0.264563
1548,25.800000,163.797745,-62.609436,166.811996,1.038512,1.029281,0.270170
1549,25.816667,162.611542,-62.615993,165.850494,1.042326,1.030260,0.276358
1550,25.833333,163.004074,-62.731369,166.944016,1.045274,1.030205,0.282779
1551,25.850000,162.291550,-62.573742,165.673706,1.048710,1.030839,0.288406
1552,25.866667,161.678238,-62.505840,165.510620,1.052085,1.031119,0.295190
1553,25.883333,160.352859,-62.518784,164.479370,1.054787,1.032227,0.300945
1554,25.900000,158.929443,-62.359356,163.326797,1.057665,1.032250,0.307457
1555,25.916667,158.730240,-62.231419,163.256119,1.059439,1.031853,0.313499
1556,25.933333,158.098587,-62.445362,161.848892,1.062151,1.032704,0.319029
1557,25.950000,157.469345,-62.471279,162.235657,1.063572,1.033451,0.326193
1558,25.966667,157.433304,-62.459084,161.840973,1.065287,1.033958,0.331946
1559,25.983333,158.051361,-62.710632,163.171463,1.064713,1.034606,0.338841
1560,26.000000,156.632355,-62.950527,161.411102,1.067051,1.035530,0.344590
1561,26.016667,157.329132,-63.062004,162.904343,1.066329,1.036331,0.351441
1562,26.033333,155.843018,-62.717121,161.037415,1.067800,1.037788,0.356878
1563,26.050000,156.710007,-62.884083,162.700317,1.066414,1.039468,0.364117
1564,26.066667,154.645126,-62.799923,160.465790,1.067056,1.041300,0.369539
1565,26.083333,153.471176,-62.724762,159.596832,1.066618,1.043653,0.375927
1566,26.100000,152.685699,-62.467175,159.223679,1.065733,1.045653,0.382152
1567,26.116667,152.596909,-62.533516,158.977310,1.063973,1.047921,0.387447
1568,26.133333,152.424637,-62.863579,159.846786,1.061892,1.050393,0.393925
1569,26.150000,151.425125,-62.909218,158.739639,1.059877,1.052879,0.399096
1570,26.166667,152.137054,-63.108093,159.431870,1.056963,1.055246,0.404372
1571,26.183333,152.995590,-63.693073,161.390533,1.052900,1.057778,0.410385
1572,26.200000,151.462158,-63.412071,159.534882,1.051455,1.059887,0.415128
1573,26.216667,152.091049,-63.588844,160.695374,1.046282,1.061829,0.419832
1574,26.233333,150.937820,-63.697479,158.987045,1.043897,1.062901,0.424250
1575,26.250000,151.042282,-63.666412,159.448044,1.039537,1.065153,0.428536
1576,26.266667,149.602539,-63.716915,158.996780,1.035379,1.066149,0.433902
1577,26.283333,149.306320,-63.366440,158.704666,1.031413,1.066257,0.437996
1578,26.300000,150.354675,-64.186478,160.469162,1.025169,1.067322,0.442211
1579,26.316667,150.100342,-64.603874,160.173050,1.020345,1.067976,0.445413
1580,26.333333,150.829117,-64.405006,161.562317,1.014665,1.067852,0.449410
1581,26.350000,151.618393,-64.874161,163.037811,1.008569,1.068266,0.453168
1582,26.366667,152.375046,-65.076805,163.973434,1.002557,1.067645,0.456255
1583,26.383333,152.762558,-65.264259,164.132431,0.996637,1.067031,0.458424
1584,26.400000,153.643692,-65.392929,164.907730,0.989254,1.066741,0.460262
1585,26.416667,152.961029,-65.221718,164.300598,0.984025,1.065046,0.462300
1586,26.433333,153.985580,-65.349022,165.490189,0.976922,1.063910,0.464512
1587,26.450000,154.922104,-65.912338,166.472824,0.969618,1.062482,0.465572
1588,26.466667,155.079437,-66.010292,167.228485,0.963216,1.061605,0.467748
1589,26.483333,156.258698,-66.474998,168.392242,0.955198,1.060163,0.468521
1590,26.500000,157.997910,-66.742920,170.206070,0.947824,1.057965,0.468578
1591,26.516667,160.387436,-66.858345,173.059464,0.939390,1.055968,0.469349
1592,26.533333,160.833817,-66.990746,173.024384,0.932323,1.053769,0.468714
1593,26.550000,162.460007,-67.137100,174.357635,0.925299,1.051242,0.467937
1594,26.566667,163.568649,-67.422325,175.315369,0.917700,1.049014,0.467410
1595,26.583333,165.794601,-67.873810,176.989716,0.910226,1.045788,0.465724
1596,26.600000,165.860474,-67.531639,176.717468,0.903780,1.043288,0.464407
1597,26.616667,166.510101,-67.524818,177.597092,0.895738,1.041133,0.463423
1598,26.633333,168.085129,-67.958282,179.206421,0.888512,1.037945,0.461489
1599,26.650000,168.432190,-68.007774,179.675903,0.880892,1.035522,0.460365
1600,26.666667,169.439804,-67.660034,179.783112,0.874701,1.032248,0.457576
1601,26.683333,170.443634,-67.813271,-179.426849,0.867469,1.030007,0.454943
1602,26.700000,173.270126,-67.780937,-176.406769,0.859992,1.026839,0.452504
1603,26.716667,173.475708,-68.098015,-177.103760,0.854410,1.024109,0.449181
1604,26.733333,174.498993,-67.956566,-176.402924,0.848606,1.021515,0.446229
1605,26.750000,177.327194,-68.078140,-173.464142,0.840891,1.019258,0.443488
1606,26.766667,176.999008,-68.011871,-174.512619,0.835705,1.016413,0.439837
1607,26.783333,179.185349,-68.094696,-171.895218,0.828821,1.014370,0.437209
1608,26.800000,178.332260,-67.850830,-173.310852,0.824560,1.011319,0.433689
1609,26.816667,178.349426,-67.738167,-173.728439,0.819651,1.009159,0.429905
1610,26.833333,177.684433,-68.008667,-174.339569,0.815066,1.007101,0.426598
1611,26.850000,177.458740,-67.592079,-175.154678,0.810769,1.004364,0.422748
1612,26.866667,178.496201,-67.484390,-173.954819,0.805887,1.001682,0.419663
1613,26.883333,179.392868,-67.353424,-173.574417,0.801575,1.000238,0.415527
1614,26.900000,-179.751678,-67.521233,-172.584717,0.797087,0.998096,0.412138
1615,26.916667,179.586929,-67.136475,-174.476959,0.794963,0.996143,0.407103
1616,26.933333,-177.427155,-67.416130,-171.650528,0.790362,0.994630,0.404057
1617,26.950000,-177.503128,-67.417168,-170.816574,0.786547,0.993190,0.401476
1618,26.966667,-176.775223,-67.173065,-170.818832,0.784322,0.991270,0.397690
1619,26.983333,-178.729294,-67.026978,-172.988571,0.782460,0.990166,0.394062
1620,27.000000,-175.780045,-66.665413,-169.113007,0.777761,0.988468,0.391934
1621,27.016667,-177.658081,-66.436516,-171.713882,0.777124,0.986320,0.387962
1622,27.033333,-179.802231,-66.828148,-174.034454,0.776638,0.985047,0.384825
1623,27.050000,-177.777771,-66.528511,-171.974442,0.773854,0.983288,0.381018
1624,27.066667,-178.890259,-66.617851,-173.351166,0.773605,0.982213,0.377915
1625,27.083333,-178.951965,-66.488441,-174.483322,0.772828,0.980366,0.373998
1626,27.100000,-178.063812,-66.112373,-173.037979,0.771818,0.979120,0.371833
1627,27.116667,-177.698425,-66.271690,-172.971909,0.771058,0.978306,0.368448
1628,27.133333,-179.247009,-65.887016,-174.271225,0.771179,0.977105,0.366704
1629,27.150000,-178.304840,-65.933487,-173.868088,0.771117,0.976140,0.363244
1630,27.166667,179.839859,-65.788673,-176.185318,0.772245,0.975106,0.360924
1631,27.183333,178.203156,-65.391335,-177.969833,0.773088,0.973856,0.358181
1632,27.200000,179.004715,-65.245895,-176.953735,0.772456,0.974233,0.356359
1633,27.216667,178.295471,-65.128380,-177.714905,0.773829,0.972778,0.353942
1634,27.233333,178.396179,-65.127800,-177.249496,0.773968,0.972842,0.352872
1635,27.250000,176.989899,-64.928230,-178.463913,0.775919,0.971483,0.351339
1636,27.266667,176.076324,-64.596214,-179.621277,0.777381,0.970438,0.349174
1637,27.283333,176.402588,-64.785057,-179.062622,0.778385,0.969981,0.348051
1638,27.300000,175.328293,-64.410881,-179.740448,0.779977,0.968647,0.346863
1639,27.316667,173.907089,-64.200333,179.038254,0.781038,0.968621,0.345526
1640,27.333333,175.218491,-63.916862,-179.138885,0.781761,0.966133,0.344796
1641,27.350000,172.107452,-63.807388,176.497559,0.784948,0.965622,0.342049
1642,27.366667,171.334259,-63.483356,175.614700,0.786497,0.964917,0.341144
1643,27.383333,169.007355,-63.006664,173.222290,0.789881,0.964317,0.340183
1644,27.400000,167.906570,-62.777702,171.824326,0.791193,0.964603,0.339132
1645,27.416667,168.378464,-62.436794,172.540436,0.791967,0.965630,0.338452
1646,27.433333,166.855606,-62.122635,170.435593,0.794241,0.966917,0.337409
1647,27.450000,167.555786,-62.052952,171.292435,0.794731,0.968140,0.337000
1648,27.466667,166.213120,-61.716797,169.600449,0.796729,0.971679,0.336301
1649,27.483333,166.238113,-61.507931,169.875092,0.797266,0.974668,0.335922
1650,27.500000,165.320404,-61.268669,168.990387,0.798250,0.978687,0.335742
1651,27.516667,165.564987,-61.262051,169.073898,0.798529,0.982114,0.335520
1652,27.533333,165.011673,-60.931728,168.128876,0.799603,0.985628,0.334570
1653,27.550000,163.996597,-60.371498,166.876556,0.800554,0.989176,0.334573
1654,27.566667,165.415115,-60.799229,168.898621,0.799116,0.993329,0.334930
1655,27.583333,165.601196,-60.622719,169.637299,0.798865,0.996389,0.335589
1656,27.600000,165.896896,-60.563568,170.559906,0.798294,1.000392,0.335847
1657,27.616667,168.991180,-60.860176,173.752502,0.796627,1.004244,0.335697
1658,27.633333,168.919586,-60.847198,174.089569,0.796446,1.007880,0.336428
1659,27.650000,169.981613,-60.901089,175.037704,0.795975,1.012041,0.336077
1660,27.666667,172.232819,-61.111275,177.867249,0.793779,1.016573,0.336612
1661,27.683333,171.481964,-60.845169,177.446304,0.793523,1.020654,0.337191
1662,27.700000,171.647446,-60.373196,177.554291,0.792845,1.024870,0.337559
1663,27.716667,170.905777,-60.382439,176.508057,0.793097,1.029256,0.337756
1664,27.733333,171.600571,-60.338902,177.474518,0.791222,1.034478,0.338120
1665,27.750000,170.799057,-60.057972,175.199036,0.792182,1.038535,0.337682
1666,27.766667,170.318146,-59.764053,175.445908,0.791273,1.042594,0.339054
1667,27.783333,170.043152,-59.507954,174.542389,0.791461,1.047002,0.338870
1668,27.800000,171.818085,-59.478565,176.322769,0.789552,1.051016,0.339111
1669,27.816667,172.791672,-59.411430,178.054352,0.788095,1.055943,0.340535
1670,27.833333,172.268326,-59.448219,177.939636,0.787994,1.058968,0.341445
1671,27.850000,172.388275,-59.303772,178.254822,0.787119,1.063572,0.342452
1672,27.866667,173.318619,-59.175934,179.177216,0.785920,1.066891,0.342716
1673,27.883333,172.446747,-58.768471,178.607513,0.785983,1.071014,0.343850
1674,27.900000,173.055862,-58.759155,179.218491,0.785583,1.074211,0.344328
1675,27.916667,173.926605,-58.744923,-179.890503,0.784727,1.077411,0.345216
1676,27.933333,174.036575,-58.454590,-179.666901,0.783767,1.080862,0.346178
1677,27.950000,173.278625,-58.374279,179.453140,0.784026,1.084216,0.346878
1678,27.966667,173.110657,-58.194477,179.738998,0.784002,1.088643,0.348159
1679,27.983333,173.779312,-58.059818,179.754150,0.783828,1.092125,0.348248
1680,28.000000,173.435928,-57.728710,179.576645,0.783888,1.096092,0.349032
1681,28.016667,173.523178,-57.807148,179.902512,0.783721,1.100145,0.350483
1682,28.033333,174.582886,-57.705067,-179.386826,0.782942,1.103741,0.350970
1683,28.050000,174.426682,-57.132965,-179.330612,0.783246,1.108407,0.352115
1684,28.066667,173.392029,-57.019077,-179.590988,0.783798,1.112835,0.353632
1685,28.083333,173.045166,-56.802826,179.958389,0.784238,1.117904,0.354230
1686,28.100000,172.604065,-56.721615,178.873215,0.785975,1.121645,0.354290
1687,28.116667,172.249374,-56.205997,-179.606644,0.784657,1.127934,0.357248
1688,28.133333,171.117844,-55.812737,179.444138,0.785694,1.133695,0.358276
1689,28.150000,170.474472,-55.762627,177.886749,0.787316,1.138934,0.357774
1690,28.166667,170.704330,-55.542187,178.342224,0.787737,1.144568,0.358259
1691,28.183333,169.779984,-55.196045,177.050674,0.788871,1.150018,0.359195
1692,28.200000,169.837006,-54.969795,177.125626,0.789439,1.155388,0.359311
1693,28.216667,170.074463,-54.997898,178.560760,0.788901,1.160548,0.360727
1694,28.233333,169.449661,-54.479321,178.080093,0.790401,1.165043,0.361194
1695,28.250000,169.764648,-54.256634,178.909271,0.790277,1.169055,0.361838
1696,28.266667,168.882889,-53.923492,177.346115,0.792159,1.171974,0.361254
1697,28.283333,169.291977,-53.987679,178.538162,0.791940,1.174232,0.361707
1698,28.300000,168.348770,-53.680450,178.197006,0.792902,1.175779,0.362476
1699,28.316667,168.601563,-53.332890,177.637497,0.793725,1.176757,0.361734
1700,28.333333,168.968613,-53.108139,178.072632,0.794034,1.176401,0.361641
1701,28.350000,168.542679,-52.748169,177.658325,0.794930,1.175088,0.361670
1702,28.366667,169.423111,-52.443356,177.961960,0.795369,1.171868,0.360617
1703,28.383333,169.714340,-52.006630,178.030655,0.796158,1.168971,0.360364
1704,28.400000,169.925888,-51.961185,177.990921,0.797260,1.165466,0.359322
1705,28.416667,169.620682,-51.719200,177.572021,0.798401,1.162255,0.358934
1706,28.433333,170.295242,-51.433804,178.343246,0.798006,1.157917,0.358015
1707,28.450000,170.400024,-51.403061,178.397217,0.798856,1.153666,0.357367
1708,28.466667,170.200806,-51.150459,178.356033,0.799451,1.150122,0.356728
1709,28.483333,170.877762,-50.796402,178.568878,0.799921,1.145249,0.355275
1710,28.500000,170.105545,-50.610699,177.148727,0.801486,1.139883,0.353827
1711,28.516667,170.297943,-50.191257,176.582764,0.802498,1.134145,0.352368
1712,28.533333,170.657898,-49.841663,177.252823,0.802428,1.129002,0.351381
1713,28.550000,170.910370,-49.732845,176.833130,0.803078,1.123127,0.349967
1714,28.566667,171.837387,-49.283955,176.793274,0.803981,1.116188,0.347793
1715,28.583333,172.415894,-49.356056,178.822906,0.802862,1.110473,0.348219
1716,28.600000,173.816986,-49.259506,179.361145,0.803143,1.103581,0.346174
1717,28.616667,173.495270,-48.885563,179.347321,0.804259,1.097757,0.345378
1718,28.633333,174.206848,-48.591393,-179.237442,0.803576,1.090749,0.344306
1719,28.650000,174.131500,-48.747551,-179.843185,0.805062,1.084373,0.343557
1720,28.666667,174.901520,-48.662109,-179.615570,0.804916,1.076945,0.341413
1721,28.683333,174.429794,-48.036770,-179.670273,0.805543,1.069589,0.341092
1722,28.700000,174.778931,-47.906754,-179.934036,0.806403,1.063877,0.339442
1723,28.716667,174.103256,-47.483929,179.646896,0.807207,1.059046,0.339070
1724,28.733333,174.244766,-47.381294,179.299683,0.808325,1.053785,0.338205
1725,28.750000,174.094162,-47.202381,178.674911,0.809005,1.049268,0.337379
1726,28.766667,173.777176,-46.566963,177.295456,0.811160,1.044996,0.335750
1727,28.783333,175.478699,-46.939915,178.950653,0.810289,1.041532,0.335087
1728,28.800000,174.694611,-46.433090,179.111099,0.811043,1.038642,0.335667
1729,28.816667,174.949249,-46.265694,179.085571,0.811286,1.035519,0.334925
1730,28.833333,174.108551,-46.173527,178.763168,0.812236,1.032111,0.335575
1731,28.850000,174.291260,-46.017445,178.917664,0.812927,1.028246,0.335325
1732,28.866667,174.172379,-45.680225,178.760895,0.813376,1.024984,0.335231
1733,28.883333,173.788101,-45.397007,178.859406,0.813304,1.021508,0.335422
1734,28.900000,172.348251,-45.029148,177.167038,0.815662,1.017324,0.335930
1735,28.916667,173.262955,-45.059040,178.077499,0.814574,1.013520,0.335939
1736,28.933333,173.363297,-44.832432,178.889404,0.814397,1.010251,0.336625
1737,28.950000,173.260803,-44.496994,177.981476,0.815813,1.006334,0.336626
1738,28.966667,173.615097,-44.807117,179.151627,0.815294,1.003041,0.337303
1739,28.983333,173.501083,-44.517628,179.083786,0.815760,0.999349,0.337641
1740,29.000000,172.919235,-44.281040,178.535690,0.816487,0.996574,0.338397
1741,29.016667,173.100922,-44.395927,179.514633,0.815358,0.993576,0.339379
1742,29.033333,172.167999,-44.137245,179.232422,0.815793,0.990580,0.340676
1743,29.050000,172.113068,-43.958878,179.150162,0.815786,0.987638,0.341120
1744,29.066667,171.314941,-43.755398,178.191437,0.816687,0.984453,0.341202
1745,29.083333,171.895844,-43.801178,178.745422,0.815823,0.981302,0.341627
1746,29.100000,171.792480,-43.673889,178.882370,0.815959,0.978424,0.342631
1747,29.116667,172.098648,-43.730991,178.957779,0.815758,0.976122,0.343009
1748,29.133333,171.871567,-43.457088,179.230026,0.815162,0.973745,0.343496
1749,29.150000,171.834854,-43.495499,179.120010,0.815469,0.970108,0.344306
1750,29.166667,172.944946,-43.641926,-179.804749,0.814197,0.966946,0.343953
1751,29.183333,171.721619,-43.351158,179.653229,0.815207,0.963827,0.345588
1752,29.200000,172.365021,-43.603622,179.993744,0.814455,0.960084,0.344923
1753,29.216667,172.082153,-43.356113,179.906097,0.813982,0.957322,0.345631
1754,29.233333,172.915863,-43.601021,-179.982574,0.813416,0.954046,0.345085
1755,29.250000,172.046570,-43.228672,-179.925415,0.812866,0.951334,0.346599
1756,29.266667,171.803650,-43.344948,178.630707,0.813888,0.947149,0.345569
1757,29.283333,172.071976,-43.107204,179.067719,0.813567,0.943826,0.346065
1758,29.300000,172.461319,-43.029816,-179.677872,0.811675,0.940360,0.346885
1759,29.316667,173.497955,-43.313980,-178.459488,0.809979,0.936850,0.346623
1760,29.333333,173.316193,-43.678085,-179.065689,0.810678,0.933665,0.346597
1761,29.350000,173.647232,-43.684113,-179.612671,0.811089,0.930334,0.345879
1762,29.366667,173.961243,-43.719940,-179.061874,0.810506,0.926330,0.345902
1763,29.383333,173.706100,-43.712902,-177.454422,0.809002,0.923524,0.347538
1764,29.400000,174.184021,-43.774246,-177.418411,0.808872,0.920863,0.347096
1765,29.416667,173.477448,-43.793381,-177.913467,0.809173,0.918010,0.347117
1766,29.433333,172.845688,-43.758442,-179.454514,0.809900,0.915150,0.346536
1767,29.450000,172.754730,-43.832779,-179.798477,0.810031,0.912729,0.346201
1768,29.466667,172.969788,-43.724098,-179.578110,0.809908,0.910985,0.345970
1769,29.483333,173.254303,-43.798351,179.714920,0.809943,0.909113,0.345394
1770,29.500000,173.453857,-43.777859,-179.756302,0.809505,0.907969,0.345649
1771,29.516667,173.853745,-43.893009,-179.379715,0.809480,0.906977,0.345302
1772,29.533333,173.971130,-44.150219,-179.086380,0.809203,0.906467,0.345278
1773,29.550000,173.847748,-44.345718,-179.465271,0.809516,0.905836,0.344821
1774,29.566667,173.413681,-44.249565,179.822815,0.810027,0.904876,0.344282
1775,29.583333,173.046326,-44.240639,179.348495,0.810276,0.903848,0.343873
1776,29.600000,172.753296,-44.476048,179.032578,0.810387,0.902845,0.343655
1777,29.616667,172.100525,-44.042385,178.279083,0.811222,0.901939,0.343324
1778,29.633333,171.898331,-44.035042,179.642197,0.809354,0.900933,0.344473
1779,29.650000,171.345413,-44.372677,178.186874,0.810729,0.899520,0.343767
1780,29.666667,171.725327,-44.690224,178.215073,0.810623,0.898778,0.343020
1781,29.683333,172.429825,-44.794376,179.294205,0.809841,0.898635,0.342705
1782,29.700000,173.434265,-44.952072,-179.429367,0.808652,0.899065,0.342171
1783,29.716667,173.959930,-45.318985,-179.156784,0.808395,0.899595,0.341494
1784,29.733333,174.005112,-45.486572,-178.759827,0.807691,0.901229,0.341435
1785,29.750000,173.354904,-45.731026,-179.725204,0.808246,0.903348,0.341085
1786,29.766667,172.852448,-45.866734,179.719742,0.808699,0.905639,0.340891
1787,29.783333,172.374527,-45.856815,178.993561,0.808912,0.908921,0.340536
1788,29.800000,172.492783,-45.865379,178.576004,0.809185,0.912416,0.340095
1789,29.816667,173.426453,-46.169376,179.793045,0.807364,0.916651,0.339387
1790,29.833333,173.451523,-46.735985,178.264587,0.808404,0.920071,0.338274
1791,29.850000,173.311310,-46.848015,179.563370,0.807918,0.923247,0.339458
1792,29.866667,173.863922,-47.004066,179.135635,0.808081,0.926228,0.338218
1793,29.883333,173.718750,-47.056858,178.769104,0.808158,0.929293,0.337682
1794,29.900000,173.984528,-47.435638,179.367142,0.806943,0.932923,0.337853
1795,29.916667,174.325699,-47.486053,-179.393906,0.805683,0.935530,0.338461
1796,29.933333,173.888123,-47.984467,179.516876,0.806775,0.938127,0.337876
1797,29.950000,173.916199,-48.184998,178.905975,0.807052,0.940868,0.337215
1798,29.966667,174.284744,-48.410160,179.807755,0.806145,0.943147,0.337327
1799,29.983333,173.496658,-48.523922,178.668335,0.806992,0.946959,0.337427
1800,30.000000,174.139771,-48.657974,179.755356,0.806007,0.949973,0.337955
1801,30.016667,173.318588,-48.372601,178.413986,0.807014,0.954219,0.338139
1802,30.033333,174.314911,-48.875164,178.900177,0.806395,0.957419,0.337535
1803,30.050000,173.928650,-49.101410,179.035126,0.806315,0.961521,0.338351
1804,30.066667,173.340576,-49.328785,178.715759,0.806181,0.965497,0.339285
1805,30.083333,174.160370,-49.412933,179.080872,0.805865,0.969960,0.339084
1806,30.100000,174.108444,-49.708405,178.926163,0.806254,0.973729,0.339352
1807,30.116667,173.977264,-50.259743,179.503326,0.805498,0.978202,0.340386
1808,30.133333,172.887054,-49.796299,178.287811,0.805899,0.982286,0.341098
1809,30.150000,172.777756,-50.474754,178.557281,0.805884,0.987657,0.342459
1810,30.166667,173.437531,-50.577496,179.383652,0.804929,0.992398,0.342789
1811,30.183333,173.045242,-50.709366,178.850677,0.805414,0.997203,0.343936
1812,30.200000,173.268829,-51.081051,179.509689,0.804677,1.002183,0.345135
1813,30.216667,173.960754,-51.435883,179.664032,0.804586,1.007245,0.345322
1814,30.233333,174.370697,-51.213001,-179.331406,0.803360,1.013393,0.346294
1815,30.250000,173.233353,-51.425301,178.580658,0.805464,1.018461,0.346743
1816,30.266667,173.011032,-51.842255,178.912689,0.805304,1.024071,0.348186
1817,30.283333,172.383835,-52.052887,178.619354,0.805341,1.030534,0.349178
1818,30.300000,172.412598,-52.417557,178.672195,0.804816,1.036531,0.349882
1819,30.316667,171.372528,-52.046570,179.025955,0.804899,1.043134,0.352192
1820,30.333333,171.131912,-52.482990,178.461090,0.805319,1.049357,0.352615
1821,30.350000,170.963882,-52.710999,178.781494,0.805236,1.056261,0.353753
1822,30.366667,170.889130,-52.869587,179.374573,0.803953,1.062502,0.355646
1823,30.383333,170.924103,-53.080395,178.559677,0.805148,1.069077,0.355258
1824,30.400000,171.393219,-53.393188,179.082260,0.804769,1.075365,0.356213
1825,30.416667,170.903503,-53.490700,178.516525,0.805437,1.081285,0.356738
1826,30.433333,171.746689,-53.420910,178.596848,0.805574,1.086689,0.356580
1827,30.450000,171.047058,-53.688641,178.186462,0.805640,1.093070,0.357332
1828,30.466667,170.667297,-53.834320,177.759048,0.806245,1.098060,0.357822
1829,30.483333,169.307251,-53.872375,177.572952,0.806149,1.103639,0.359632
1830,30.500000,170.850204,-53.939407,178.140259,0.805857,1.107804,0.358491
1831,30.516667,170.769394,-54.207878,179.463623,0.805462,1.112308,0.360095
1832,30.533333,170.710693,-54.385292,179.365082,0.805583,1.116390,0.360473
1833,30.550000,170.696030,-54.541069,178.393280,0.806610,1.120724,0.359169
1834,30.566667,171.308838,-54.803593,179.810089,0.805767,1.124806,0.359906
1835,30.583333,170.970978,-54.744747,-179.820694,0.805615,1.129226,0.360575
1836,30.600000,170.789459,-54.740952,178.941788,0.806598,1.133051,0.359489
1837,30.616667,170.068741,-54.790314,177.419601,0.808204,1.136580,0.358729
1838,30.633333,169.964523,-54.876217,177.388992,0.808374,1.140458,0.358414
1839,30.650000,169.001541,-54.750328,176.946671,0.808475,1.144890,0.358569
1840,30.666667,168.628616,-54.794331,175.944519,0.809388,1.148562,0.357527
1841,30.683333,168.880783,-55.120308,176.117371,0.809507,1.152339,0.356362
1842,30.700000,167.796326,-55.148808,175.447647,0.809850,1.156250,0.356236
1843,30.716667,167.607239,-55.058136,176.011673,0.809629,1.160387,0.356551
1844,30.733333,167.507217,-55.146122,176.120102,0.810134,1.163183,0.355610
1845,30.750000,168.247589,-55.191486,176.331223,0.809544,1.166125,0.353741
1846,30.766667,168.253220,-55.177406,176.581741,0.809698,1.168696,0.353186
1847,30.783333,168.249298,-55.173794,176.646851,0.809947,1.170835,0.352015
1848,30.800000,169.005493,-55.094559,177.045502,0.809653,1.171687,0.350835
1849,30.816667,169.745819,-55.138142,177.107346,0.809402,1.172216,0.348840
1850,30.833333,169.599823,-55.053394,176.509766,0.810131,1.172442,0.347122
1851,30.850000,169.697937,-55.146614,176.993607,0.809702,1.172504,0.346337
1852,30.866667,169.616959,-55.420979,176.972092,0.809469,1.173122,0.344695
1853,30.883333,169.934784,-55.282349,177.743286,0.809033,1.172858,0.343510
1854,30.900000,170.756363,-55.441078,178.798767,0.808753,1.171971,0.341693
1855,30.916667,171.172653,-55.332020,179.857986,0.807919,1.171480,0.340526
1856,30.933333,171.851898,-55.468758,-179.804337,0.807934,1.169969,0.338931
1857,30.950000,172.199982,-55.561573,-179.222397,0.807387,1.167919,0.337080
1858,30.966667,171.898193,-55.370010,179.570969,0.808664,1.165356,0.334479
1859,30.983333,171.582779,-54.964649,178.108627,0.809755,1.161646,0.332000
1860,31.000000,172.725296,-55.256474,178.182571,0.809381,1.158733,0.329267
1861,31.016667,172.146255,-54.827915,177.714737,0.809280,1.155699,0.328146
1862,31.033333,172.379562,-54.762348,177.266190,0.809422,1.151758,0.325819
1863,31.050000,171.342865,-54.752201,176.777222,0.810250,1.148401,0.324679
1864,31.066667,170.900787,-54.286316,177.326660,0.808577,1.146336,0.324755
1865,31.083333,173.066101,-54.788303,177.902863,0.809316,1.140544,0.321161
1866,31.100000,172.851974,-54.818783,177.462708,0.810199,1.137149,0.318910
1867,31.116667,173.727783,-54.841354,178.883240,0.809580,1.132451,0.317526
1868,31.133333,174.200577,-55.001884,179.530624,0.809875,1.128367,0.316302
1869,31.150000,174.300003,-55.021061,179.004883,0.810141,1.122830,0.314209
1870,31.166667,175.990967,-55.052113,-178.989471,0.808921,1.117864,0.313040
1871,31.183333,174.583023,-54.878952,179.779449,0.810329,1.112684,0.311827
1872,31.200000,174.293137,-54.909416,-179.794037,0.809706,1.107335,0.311339
1873,31.216667,174.583069,-54.898033,-179.794830,0.810436,1.101282,0.310049
1874,31.233333,174.444046,-54.469646,-179.873901,0.810854,1.094200,0.309139
1875,31.250000,173.234268,-54.571175,178.507523,0.812009,1.088617,0.307517
1876,31.266667,172.820297,-54.430897,178.303436,0.812738,1.082442,0.306569
1877,31.283333,173.294113,-54.321194,179.093552,0.812592,1.076296,0.305611
1878,31.300000,173.123199,-54.240795,178.941956,0.813409,1.070059,0.304841
1879,31.316667,173.957336,-54.396027,-179.804962,0.813168,1.064497,0.304129
1880,31.333333,174.088226,-54.242981,179.899139,0.813851,1.059411,0.303094
1881,31.350000,173.231705,-54.088451,178.145416,0.815890,1.053214,0.301391
1882,31.366667,173.006516,-54.200787,179.005707,0.815725,1.048495,0.302108
1883,31.383333,173.314651,-54.045212,178.061844,0.817135,1.043356,0.299938
1884,31.400000,172.403687,-53.866631,177.595474,0.818093,1.037807,0.299417
1885,31.416667,173.254410,-54.195156,178.744873,0.817872,1.032701,0.298947
1886,31.433333,171.797272,-53.581482,176.960480,0.820262,1.028425,0.297951
1887,31.450000,172.566757,-54.183121,178.295105,0.819518,1.024459,0.298039
1888,31.466667,173.064636,-54.189495,179.374481,0.820103,1.019468,0.297402
1889,31.483333,173.035980,-53.915333,179.690155,0.820670,1.015782,0.297305
1890,31.500000,173.831955,-54.198471,-179.154449,0.821037,1.011688,0.296846
1891,31.516667,174.160553,-54.303036,-179.242264,0.822233,1.007800,0.296129
1892,31.533333,173.555801,-54.279900,179.882065,0.823276,1.004849,0.295289
1893,31.550000,172.941177,-54.211651,179.487152,0.824283,1.001268,0.295062
1894,31.566667,172.733093,-54.093945,178.215866,0.826917,0.998032,0.293990
1895,31.583333,171.914688,-54.012970,178.086288,0.827501,0.994861,0.294087
1896,31.600000,171.923553,-53.924316,178.336121,0.828284,0.991643,0.293447
1897,31.616667,171.170959,-53.715321,176.952774,0.830085,0.988867,0.292533
1898,31.633333,171.084015,-54.107025,177.213943,0.830136,0.986776,0.292552
1899,31.650000,171.795898,-54.195095,177.543961,0.831243,0.983791,0.291183
1900,31.666667,171.034103,-54.209450,176.932709,0.833113,0.981493,0.291180
1901,31.683333,170.880447,-54.219215,176.653473,0.834214,0.979004,0.290712
1902,31.700000,171.723618,-53.989510,177.413544,0.834504,0.976329,0.290194
1903,31.716667,171.423126,-54.084000,176.568405,0.836023,0.973685,0.289452
1904,31.733333,172.348114,-54.314957,176.909576,0.836792,0.970267,0.288364
1905,31.750000,170.525955,-53.922096,175.094360,0.838532,0.968329,0.288650
1906,31.766667,170.187790,-53.997128,174.116119,0.839796,0.965590,0.287687
1907,31.783333,169.482712,-53.851231,174.464722,0.839896,0.963318,0.288533
1908,31.800000,169.174683,-54.058338,173.955994,0.840864,0.961117,0.287968
1909,31.816667,168.949097,-54.294369,174.192520,0.841203,0.958760,0.288375
1910,31.833333,168.852600,-54.262726,173.650024,0.842290,0.955584,0.287826
1911,31.850000,169.992386,-54.596348,175.170456,0.841568,0.952540,0.287627
1912,31.866667,169.803940,-54.860741,174.726303,0.842417,0.950772,0.287619
1913,31.883333,170.439484,-54.996006,175.237732,0.841923,0.947290,0.287427
1914,31.900000,170.354050,-54.765820,175.479584,0.841823,0.944585,0.287572
1915,31.916667,170.473526,-54.917416,175.743744,0.841647,0.942142,0.287641
1916,31.933333,170.096191,-55.153236,174.171936,0.842619,0.938447,0.286872
1917,31.950000,170.063004,-55.141842,174.854446,0.841784,0.936202,0.288083
1918,31.966667,169.974915,-55.111755,174.411606,0.841973,0.933461,0.287791
1919,31.983333,169.914688,-55.371189,174.712875,0.841352,0.931096,0.288219
1920,32.000000,169.340607,-55.591682,173.727386,0.841666,0.929373,0.288168
1921,32.016667,169.681396,-56.050972,174.494949,0.840725,0.927925,0.288715
1922,32.033333,170.002594,-56.067429,174.915848,0.840099,0.926556,0.288859
1923,32.050000,170.177094,-56.536304,175.146622,0.838896,0.925158,0.289271
1924,32.066667,171.281006,-56.748981,176.237579,0.837619,0.923338,0.289790
1925,32.083333,170.843597,-56.802082,175.926880,0.837426,0.922479,0.290429
1926,32.100000,170.733688,-56.723953,176.123062,0.836571,0.921201,0.291391
1927,32.116667,170.443497,-56.802876,175.444946,0.836015,0.919926,0.291711
1928,32.133333,170.477570,-57.147789,174.913315,0.835070,0.919930,0.291860
1929,32.150000,170.963303,-57.239788,176.174850,0.833371,0.919929,0.292997
1930,32.166667,171.183899,-57.531326,177.035217,0.832273,0.920226,0.294194
1931,32.183333,170.547699,-57.759418,176.469345,0.831897,0.920681,0.294961
1932,32.200000,171.254547,-58.235390,177.600021,0.830236,0.922094,0.296012
1933,32.216667,171.426239,-58.412693,177.203384,0.829497,0.923588,0.296351
1934,32.233333,172.025452,-58.706318,178.070908,0.828599,0.925000,0.296815
1935,32.250000,171.712372,-58.622852,177.510910,0.827784,0.927015,0.297814
1936,32.266667,172.818405,-59.008942,178.686310,0.825899,0.930252,0.298945
1937,32.283333,172.218201,-59.343327,178.238770,0.824998,0.933383,0.300085
1938,32.300000,172.164352,-59.724895,177.919556,0.824124,0.937367,0.300646
1939,32.316667,171.332504,-59.759663,177.512924,0.824040,0.941506,0.302144
1940,32.333333,171.448700,-59.994278,177.776535,0.823034,0.946369,0.302927
1941,32.350000,172.378479,-60.037617,179.297836,0.821361,0.951522,0.304569
1942,32.366667,172.274246,-60.233593,179.660843,0.820216,0.957984,0.305914
1943,32.383333,171.411194,-60.496002,178.669205,0.820612,0.964137,0.306506
1944,32.400000,173.011475,-61.143429,-179.533356,0.818967,0.970909,0.307362
1945,32.416667,172.914963,-61.009827,-178.969727,0.817938,0.978830,0.308802
1946,32.433333,172.357254,-61.734619,-179.532120,0.817469,0.985310,0.309722
1947,32.450000,171.180283,-61.566433,177.896286,0.818876,0.993017,0.309141
1948,32.466667,170.265121,-61.507542,177.668945,0.818413,1.000917,0.310665
1949,32.483333,169.127243,-61.908916,176.296539,0.818913,1.008669,0.311303
1950,32.500000,169.195755,-61.900352,176.696976,0.817935,1.017297,0.312001
1951,32.516667,168.348785,-62.242573,176.474503,0.818414,1.025778,0.313395
1952,32.533333,169.342438,-62.291840,177.848770,0.817067,1.034173,0.313453
1953,32.550000,168.740555,-62.745197,177.602661,0.817274,1.042844,0.314156
1954,32.566667,169.263474,-62.681732,178.193207,0.816737,1.051740,0.314244
1955,32.583333,167.977722,-63.159184,177.304352,0.817668,1.059898,0.315109
1956,32.600000,168.062073,-63.242935,177.189224,0.817193,1.068541,0.314628
1957,32.616667,167.156509,-63.376362,175.756363,0.818110,1.076941,0.314180
1958,32.633333,167.876114,-63.086906,176.742340,0.817179,1.084460,0.314374
1959,32.650000,167.081985,-63.203922,175.780640,0.817310,1.092682,0.313819
1960,32.666667,166.949829,-63.577145,174.731201,0.818270,1.098876,0.312483
1961,32.683333,166.574341,-63.793495,174.475510,0.817913,1.106261,0.312568
1962,32.700000,165.563385,-63.714081,172.800629,0.818938,1.112015,0.311242
1963,32.716667,166.042938,-64.180161,172.974731,0.818686,1.117642,0.310281
1964,32.733333,166.386581,-64.201439,173.736664,0.818272,1.123715,0.309381
1965,32.750000,167.102127,-64.573654,174.775070,0.817544,1.128549,0.308974
1966,32.766667,167.279434,-64.667297,174.948196,0.817547,1.133313,0.308053
1967,32.783333,167.033447,-64.840309,173.900497,0.817723,1.137567,0.306350
1968,32.800000,167.054840,-64.771835,173.580521,0.817958,1.142182,0.305087
1969,32.816667,166.710831,-64.779716,173.140808,0.817694,1.145895,0.304070
1970,32.833333,165.818680,-64.821762,171.855820,0.817724,1.148918,0.302983
1971,32.850000,165.483704,-64.718086,170.872559,0.817942,1.151768,0.301532
1972,32.866667,165.196777,-64.831802,170.427429,0.817759,1.154610,0.300586
1973,32.883333,164.328842,-64.916733,168.812622,0.817914,1.157409,0.298779
1974,32.900000,165.842331,-65.029823,170.285736,0.816513,1.159565,0.297470
1975,32.916667,165.954514,-65.112717,171.047501,0.816047,1.161914,0.296893
1976,32.933333,166.573380,-65.380615,171.668884,0.815468,1.164074,0.295783
1977,32.950000,166.837631,-65.564369,172.789108,0.814507,1.165867,0.295181
1978,32.966667,168.041748,-65.821434,173.995560,0.813210,1.167613,0.293989
1979,32.983333,167.889023,-66.010246,174.090256,0.812500,1.169094,0.293141
1980,33.000000,168.770401,-65.921814,175.420685,0.811403,1.170185,0.292496
1981,33.016667,168.673615,-65.888931,175.387970,0.810531,1.170902,0.291640
1982,33.033333,167.341293,-65.886345,172.752686,0.811309,1.170515,0.289362
1983,33.050000,167.575912,-65.919861,172.827682,0.810349,1.170137,0.288258
1984,33.066667,167.715744,-65.787239,172.811035,0.809791,1.168639,0.287180
1985,33.083333,168.013306,-65.805161,173.075714,0.809246,1.167459,0.286062
1986,33.100000,168.089081,-65.993896,172.586914,0.808518,1.165352,0.284570
1987,33.116667,169.087021,-66.107056,173.741714,0.807353,1.162984,0.283813
1988,33.133333,169.555939,-66.179527,174.977402,0.806208,1.160253,0.283803
1989,33.150000,170.238403,-66.128899,175.269882,0.805059,1.157255,0.282376
1990,33.166667,170.934158,-66.050606,175.638000,0.804483,1.153587,0.280877
1991,33.183333,170.260666,-66.322716,175.142349,0.804111,1.149978,0.280565
1992,33.200000,170.287430,-66.275909,174.729401,0.804060,1.145798,0.279652
1993,33.216667,169.870880,-65.988014,173.580093,0.803395,1.141151,0.278414
1994,33.233333,171.305420,-66.095078,174.431656,0.802242,1.136074,0.277304
1995,33.250000,170.748566,-66.116714,174.687286,0.801118,1.131142,0.277788
1996,33.266667,170.940567,-66.100441,174.413925,0.801212,1.125580,0.276900
1997,33.283333,172.201340,-65.889824,175.858856,0.799861,1.118947,0.276519
1998,33.300000,171.080093,-65.955765,174.992920,0.799563,1.112854,0.276877
1999,33.316667,172.491226,-66.035461,176.416290,0.798532,1.106138,0.276340
2000,33.333333,173.154678,-66.499199,177.067871,0.798074,1.099555,0.276246
2001,33.350000,172.719131,-66.125053,176.756714,0.797745,1.092128,0.276288
2002,33.366667,172.781937,-66.065079,178.166901,0.796535,1.084695,0.278469
2003,33.383333,173.006149,-65.983620,176.973022,0.796764,1.076861,0.276475
2004,33.400000,171.725281,-66.032188,176.201324,0.796476,1.069468,0.277381
2005,33.416667,169.957764,-65.830254,174.534149,0.796744,1.062345,0.277734
2006,33.433333,170.041489,-65.716537,175.017654,0.796345,1.054520,0.278618
2007,33.450000,168.256943,-65.657410,172.998230,0.796853,1.046337,0.278974
2008,33.466667,168.075058,-65.422195,174.260483,0.796685,1.039272,0.280737
2009,33.483333,167.825363,-65.644241,173.321274,0.796129,1.032146,0.280396
2010,33.500000,169.627426,-65.751656,175.512985,0.794670,1.024790,0.281185
2011,33.516667,167.983261,-65.416824,174.079620,0.795635,1.018043,0.281874
2012,33.533333,168.683792,-65.444077,174.972076,0.794660,1.011984,0.282525
2013,33.550000,166.897964,-65.220406,173.323654,0.795088,1.006492,0.283264
2014,33.566667,167.433823,-65.142258,174.760925,0.794356,1.000871,0.284363
2015,33.583333,165.854965,-64.775833,173.181564,0.794493,0.996544,0.284957
2016,33.600000,165.507050,-65.126534,172.788986,0.794572,0.991260,0.284938
2017,33.616667,167.078598,-65.091682,174.841141,0.792913,0.986595,0.285692
2018,33.633333,166.286011,-64.806801,174.028427,0.793496,0.980699,0.285681
2019,33.650000,164.100922,-64.564400,171.736801,0.794042,0.976797,0.285960
2020,33.666667,166.098129,-65.024635,174.390732,0.792661,0.972618,0.285946
2021,33.683333,166.212646,-64.930382,174.323456,0.792445,0.967988,0.285603
2022,33.700000,166.685562,-64.597534,175.339310,0.791697,0.963580,0.285964
2023,33.716667,167.022324,-64.942863,175.648697,0.791587,0.959237,0.285276
2024,33.733333,165.982376,-64.702339,174.398193,0.791584,0.956051,0.284865
2025,33.750000,166.834396,-64.549591,175.831238,0.790815,0.952308,0.284645
2026,33.766667,167.470688,-64.799385,175.539063,0.790438,0.948765,0.282986
2027,33.783333,167.922806,-64.946465,175.824478,0.789768,0.946406,0.282014
2028,33.800000,168.103409,-64.600029,176.579651,0.789272,0.942909,0.281706
2029,33.816667,167.204819,-64.584473,175.015289,0.790003,0.940945,0.279926
2030,33.833333,167.643616,-64.685707,175.452438,0.789623,0.937971,0.279096
2031,33.850000,167.649673,-64.581726,175.745941,0.789084,0.935624,0.278400
2032,33.866667,167.300232,-64.415985,174.721405,0.789605,0.932939,0.276098
2033,33.883333,168.336838,-64.641899,175.528183,0.788853,0.930749,0.274455
2034,33.900000,168.014694,-64.580666,175.515106,0.788713,0.928957,0.273457
2035,33.916667,168.563736,-64.615112,176.102921,0.788299,0.926475,0.272303
2036,33.933333,168.978561,-64.348267,176.177872,0.788071,0.924390,0.270173
2037,33.950000,168.655502,-64.423561,175.208557,0.788339,0.922147,0.268093
2038,33.966667,168.676407,-64.103172,175.420364,0.788480,0.919756,0.266744
2039,33.983333,170.001175,-64.422935,176.557281,0.787632,0.918184,0.264257
2040,34.000000,169.654739,-64.369247,176.200058,0.787927,0.916968,0.262819
2041,34.016667,170.187180,-64.240433,177.090973,0.787784,0.915715,0.261073
2042,34.033333,171.055130,-64.474037,177.818604,0.787527,0.914450,0.258437
2043,34.050000,170.617920,-64.493423,177.888351,0.787548,0.914538,0.257196
2044,34.066667,171.413864,-64.404533,178.559784,0.787520,0.913281,0.255121
2045,34.083333,170.837662,-64.593361,178.412018,0.787757,0.912955,0.253570
2046,34.100000,170.598816,-64.493881,177.722290,0.788277,0.912190,0.250736
2047,34.116667,169.500381,-64.469940,176.358047,0.789297,0.910846,0.248472
2048,34.133333,168.096146,-64.412735,176.059967,0.789261,0.910751,0.247757
2049,34.150000,168.559158,-64.153564,175.995010,0.789712,0.908600,0.244929
2050,34.166667,168.329697,-64.345367,176.199249,0.789860,0.906493,0.243089
2051,34.183333,169.340637,-64.234970,176.574524,0.790424,0.902852,0.239736
2052,34.200000,168.676620,-64.453224,177.366684,0.790539,0.900229,0.238863
2053,34.216667,168.963379,-64.513031,177.104156,0.791620,0.896448,0.235441
2054,34.233333,168.436707,-64.268509,177.532242,0.791487,0.893214,0.233819
2055,34.250000,168.107285,-64.590408,177.240982,0.792754,0.889247,0.230906
2056,34.266667,168.843628,-64.566803,178.161438,0.793037,0.884433,0.227903
2057,34.283333,168.850708,-64.533745,178.286865,0.793608,0.879707,0.225136
2058,34.300000,169.174484,-64.776787,178.592331,0.793964,0.874726,0.221929
2059,34.316667,168.252975,-64.556412,177.883041,0.795100,0.870032,0.218807
2060,34.333333,168.306458,-64.760117,177.506073,0.795986,0.864718,0.215101
2061,34.350000,166.994324,-64.545242,175.942703,0.797723,0.859667,0.211829
2062,34.366667,166.722427,-64.444519,175.188141,0.798825,0.854501,0.207290
2063,34.383333,168.121399,-64.679420,176.600952,0.799037,0.848726,0.203160
2064,34.400000,167.206680,-65.092110,176.201767,0.800257,0.842746,0.199802
2065,34.416667,167.792694,-64.814110,177.167343,0.800890,0.837186,0.196122
2066,34.433333,170.477402,-64.774658,179.731567,0.800893,0.830743,0.191190
2067,34.450000,170.058090,-65.329102,179.999451,0.801940,0.824480,0.187409
2068,34.466667,168.863861,-65.056976,178.960251,0.803664,0.818929,0.182971
2069,34.483333,167.898102,-65.225494,177.820862,0.805376,0.812235,0.178570
2070,34.500000,168.008560,-65.126778,177.924866,0.806900,0.804796,0.173389
2071,34.516667,166.632477,-65.159203,175.812546,0.808632,0.798447,0.167793
2072,34.533333,166.634125,-65.027328,176.138000,0.809710,0.791624,0.163047
2073,34.550000,166.844421,-65.127106,174.882050,0.811807,0.783727,0.156327
2074,34.566667,166.624023,-65.305260,174.779846,0.812962,0.776417,0.151403
2075,34.583333,166.599442,-65.094719,175.034546,0.814033,0.769211,0.146717
2076,34.600000,166.498535,-65.294395,173.931610,0.816166,0.760606,0.139822
2077,34.616667,167.412979,-65.320518,174.627319,0.817525,0.752020,0.133556
2078,34.633333,167.502686,-65.657333,174.764771,0.818657,0.743363,0.128338
2079,34.650000,170.190369,-66.143112,177.278015,0.819157,0.732961,0.122341
2080,34.666667,170.235352,-65.928429,176.804001,0.820488,0.723378,0.116185
2081,34.683333,169.616455,-65.855957,174.989594,0.822863,0.713139,0.109321
2082,34.700000,168.259903,-65.814911,173.755585,0.824450,0.704374,0.104398
2083,34.716667,168.718384,-66.028809,172.722794,0.826587,0.693339,0.097193
2084,34.733333,168.474442,-65.915382,172.497910,0.827591,0.684341,0.092045
2085,34.750000,168.264069,-66.043556,172.237030,0.829128,0.674812,0.086674
2086,34.766667,169.000076,-66.153152,172.621002,0.830220,0.665589,0.080719
2087,34.783333,170.178635,-66.321152,173.662582,0.831369,0.656534,0.075350
2088,34.800000,170.626358,-66.680550,173.397202,0.833414,0.647859,0.069361
2089,34.816667,171.153320,-66.939644,173.328476,0.834510,0.640691,0.063428
2090,34.833333,172.367996,-66.929771,174.796768,0.835182,0.633616,0.059233
2091,34.850000,170.609146,-66.923477,172.078903,0.837817,0.627232,0.053950
2092,34.866667,170.972488,-66.628021,173.762802,0.837917,0.621958,0.051430
2093,34.883333,170.343567,-66.842529,171.416092,0.839867,0.616401,0.045574
2094,34.900000,168.390930,-66.982414,168.433395,0.842350,0.611065,0.041125
2095,34.916667,167.823959,-66.994087,167.535538,0.844039,0.607058,0.036928
2096,34.933333,167.864594,-67.104065,168.108658,0.844831,0.603332,0.034348
2097,34.950000,168.400864,-67.601784,168.893845,0.845502,0.599531,0.031473
2098,34.966667,168.421082,-67.744415,169.484055,0.846155,0.596239,0.028838
2099,34.983333,169.030853,-68.002884,170.857529,0.846694,0.593032,0.027085
2100,35.000000,169.752274,-68.233635,172.034821,0.847126,0.590093,0.024472
2101,35.016667,168.045944,-68.427162,170.188034,0.848761,0.587338,0.021945
2102,35.033333,167.088074,-68.258331,169.080780,0.850164,0.583885,0.019965
2103,35.050000,166.968628,-68.468826,169.145828,0.850507,0.581166,0.018446
2104,35.066667,166.677704,-68.498535,169.406754,0.850518,0.578798,0.017244
2105,35.083333,162.746292,-68.047722,165.104248,0.853176,0.577305,0.015227
2106,35.100000,165.058823,-68.963264,169.476822,0.851723,0.575506,0.015551
2107,35.116667,164.741302,-69.330315,170.546371,0.851899,0.575592,0.015676
2108,35.133333,163.608475,-69.404076,170.455460,0.852397,0.576579,0.015756
2109,35.150000,163.668472,-69.440598,170.843582,0.852444,0.577162,0.015130
2110,35.166667,165.196014,-69.590782,172.162918,0.852234,0.577523,0.014304
2111,35.183333,165.157822,-69.700562,171.596313,0.852505,0.577990,0.013657
2112,35.200000,166.128540,-69.698502,171.261612,0.852708,0.577811,0.012155
2113,35.216667,165.791122,-69.577835,169.973618,0.853170,0.577527,0.011623
2114,35.233333,165.709412,-69.488716,169.029419,0.853566,0.577026,0.010944
2115,35.250000,165.735580,-69.512451,168.964432,0.853547,0.576589,0.011002
2116,35.266667,165.173904,-69.610374,169.120804,0.853542,0.576615,0.011861
2117,35.283333,165.567810,-69.764038,170.013199,0.853285,0.576877,0.012288
2118,35.300000,165.919769,-70.056870,170.918106,0.853087,0.577586,0.012771
2119,35.316667,166.502106,-70.189514,172.085175,0.852667,0.578761,0.013463
2120,35.333333,166.939728,-70.301109,172.966095,0.852662,0.579803,0.014311
2121,35.350000,167.726288,-70.446129,173.058929,0.853045,0.580808,0.013539
2122,35.366667,167.696472,-70.392578,173.377930,0.853129,0.582523,0.014393
2123,35.383333,168.462280,-70.516075,173.961990,0.852885,0.583974,0.014609
2124,35.400000,169.312378,-70.578712,175.057724,0.852640,0.584931,0.015283
2125,35.416667,169.710678,-70.694046,175.078506,0.852735,0.586542,0.015569
2126,35.433333,168.005112,-70.666801,173.892776,0.853622,0.587589,0.016764
2127,35.450000,168.822968,-70.768913,175.636780,0.853114,0.589351,0.017898
2128,35.466667,167.626755,-70.904732,174.427429,0.854204,0.589706,0.018202
2129,35.483333,167.515259,-71.030899,174.766724,0.854399,0.589864,0.018881
2130,35.500000,168.136765,-71.444427,175.029800,0.854885,0.589444,0.018598
2131,35.516667,166.960541,-71.465744,174.796478,0.855364,0.590136,0.019659
2132,35.533333,165.744766,-71.560692,173.675018,0.856517,0.589969,0.020103
2133,35.550000,165.464127,-71.569382,173.383530,0.857065,0.590259,0.020293
2134,35.566667,165.269409,-71.748978,173.470764,0.857680,0.590472,0.020312
2135,35.583333,164.390991,-71.700783,172.784546,0.858900,0.591019,0.020856
2136,35.600000,164.919418,-72.039528,172.409851,0.859711,0.590562,0.019598
2137,35.616667,165.972946,-72.223267,173.529510,0.860073,0.590971,0.019308
2138,35.633333,164.472275,-72.005783,172.536270,0.861374,0.592123,0.019612
2139,35.650000,163.439224,-72.015144,172.364441,0.862475,0.592917,0.019832
2140,35.666667,163.290009,-72.217232,172.794540,0.863128,0.593619,0.019876
