Format Version,1.23,Take Name,Take 2025-07-31 09.30.16 AM,Take Notes,,Capture Frame Rate,60.000000,Export Frame Rate,60.000000,Capture Start Time,2025-07-31 09.30.17.067 AM,Total Frames in Take,2102,Total Exported Frames,2102,Rotation Type,XYZ,Length Units,Meters,Coordinate Space,Global

,Type,Rigid Body,Rigid Body,Rigid Body,Rigid Body,Rigid Body,Rigid Body
,Name,Ball,Ball,Ball,Ball,Ball,Ball
,ID,"CF199A9F6DD111F05A805CBF6EB0E395","CF199A9F6DD111F05A805CBF6EB0E395","CF199A9F6DD111F05A805CBF6EB0E395","CF199A9F6DD111F05A805CBF6EB0E395","CF199A9F6DD111F05A805CBF6EB0E395","CF199A9F6DD111F05A805CBF6EB0E395"
,,Rotation,Rotation,Rotation,Position,Position,Position
Frame,Time (Seconds),X,Y,Z,X,Y,Z
0,0.000000,160.934540,74.107315,-157.639664,0.774695,0.938908,0.211580
1,0.016667,160.688766,74.429947,-157.253616,0.774772,0.939018,0.211246
2,0.033333,160.198700,74.779503,-156.463364,0.774793,0.938926,0.210780
3,0.050000,160.405151,75.139603,-157.003677,0.775032,0.938958,0.210727
4,0.066667,161.150955,75.761543,-156.795624,0.775228,0.938512,0.208939
5,0.083333,160.344208,75.825951,-156.303802,0.775432,0.938634,0.209472
6,0.100000,160.461426,76.276016,-156.670624,0.775601,0.938704,0.209541
7,0.116667,160.145264,76.540131,-156.288193,0.775632,0.938677,0.209238
8,0.133333,157.998840,76.586060,-153.943375,0.775220,0.938688,0.208890
9,0.150000,158.015823,76.897171,-153.905350,0.775346,0.938514,0.208650
10,0.166667,157.926086,77.193047,-153.876022,0.775599,0.938478,0.208522
11,0.183333,158.000153,77.730186,-154.045761,0.775640,0.938853,0.208170
12,0.200000,155.600128,77.974701,-151.943695,0.775494,0.939008,0.208374
13,0.216667,153.455719,78.235924,-148.773834,0.775111,0.938487,0.206893
14,0.233333,153.000076,78.556824,-148.745880,0.775612,0.938772,0.207451
15,0.250000,151.558411,78.880150,-147.306763,0.775563,0.938767,0.207218
16,0.266667,150.858307,79.142105,-147.182602,0.775695,0.938967,0.208035
17,0.283333,151.477402,79.904762,-147.588150,0.776103,0.938771,0.207220
18,0.300000,147.100342,79.723366,-143.670868,0.775224,0.939247,0.207856
19,0.316667,146.043350,80.126411,-142.097656,0.775278,0.939278,0.207469
20,0.333333,148.809738,80.824043,-144.159729,0.776209,0.939170,0.205927
21,0.350000,146.182053,80.647438,-142.004944,0.775860,0.939619,0.206732
22,0.366667,145.235062,80.787125,-141.729767,0.776070,0.939873,0.207379
23,0.383333,144.149109,81.064804,-140.648575,0.776285,0.940005,0.207203
24,0.400000,139.287659,81.232544,-135.460648,0.775645,0.940102,0.206607
25,0.416667,137.190506,81.704880,-133.287735,0.776077,0.939964,0.206536
26,0.433333,,,,,,
27,0.450000,136.164719,82.169044,-131.636963,0.776678,0.939809,0.204776
28,0.466667,132.838364,82.229225,-128.906097,0.776895,0.940008,0.205804
29,0.483333,129.374054,82.418137,-125.376167,0.777086,0.940562,0.205370
30,0.500000,127.402847,82.615555,-123.338043,0.777360,0.940145,0.205387
31,0.516667,124.942299,83.056808,-121.089859,0.777919,0.940139,0.205272
32,0.533333,123.192299,83.139259,-119.497673,0.778199,0.940101,0.205228
33,0.550000,120.202370,83.288712,-116.871178,0.778514,0.939807,0.205450
34,0.566667,118.899399,83.563103,-114.768913,0.779129,0.940109,0.204255
35,0.583333,116.604912,83.537758,-112.423492,0.779774,0.939922,0.203856
36,0.600000,112.287880,83.657784,-107.870537,0.780037,0.939701,0.203183
37,0.616667,109.471924,83.664085,-105.162163,0.780780,0.939965,0.203397
38,0.633333,104.179237,83.454407,-100.225327,0.781278,0.939557,0.203658
39,0.650000,102.581940,83.628342,-98.590096,0.781852,0.939347,0.203227
40,0.666667,98.414192,83.527283,-94.824326,0.782295,0.939121,0.203261
41,0.683333,96.482727,83.558403,-92.893044,0.783119,0.938700,0.203172
42,0.700000,93.631004,83.640968,-89.905655,0.784060,0.938546,0.202637
43,0.716667,90.507217,83.598228,-86.822815,0.785024,0.938560,0.202138
44,0.733333,88.853844,83.987473,-84.274345,0.786328,0.938921,0.200749
45,0.750000,86.564110,83.878853,-82.471367,0.787399,0.938432,0.201052
46,0.766667,84.063873,84.045914,-79.835083,0.788505,0.938519,0.200506
47,0.783333,79.675682,84.347984,-75.475792,0.790308,0.937382,0.200074
48,0.800000,76.359825,84.082458,-71.344322,0.791113,0.937010,0.198633
49,0.816667,71.670547,83.620613,-68.168312,0.791553,0.936931,0.200447
50,0.833333,66.288124,84.284424,-61.297916,0.793934,0.937311,0.197756
51,0.850000,64.122581,84.340714,-59.625580,0.795016,0.937434,0.198453
52,0.866667,60.063538,84.187431,-55.728500,0.796340,0.936954,0.198264
53,0.883333,64.708382,84.070419,-60.617908,0.797061,0.936665,0.197930
54,0.900000,59.492569,84.138351,-54.707684,0.799087,0.936897,0.197386
55,0.916667,54.871628,84.219231,-49.996510,0.800637,0.937203,0.197271
56,0.933333,48.798321,84.201813,-43.654869,0.802258,0.936764,0.196175
57,0.950000,50.798061,83.634140,-46.676041,0.802939,0.936972,0.197379
58,0.966667,46.304756,83.932495,-42.082043,0.804756,0.936582,0.197231
59,0.983333,45.764095,83.235245,-41.625675,0.805747,0.936568,0.197118
60,1.000000,41.574074,83.334496,-36.491020,0.807443,0.936920,0.195263
61,1.016667,39.942200,82.850365,-35.253998,0.808504,0.936612,0.195576
62,1.033333,39.158894,82.842186,-34.216774,0.810005,0.936216,0.194898
63,1.050000,39.006443,82.866455,-34.205772,0.811203,0.936423,0.194754
64,1.066667,37.678993,82.780830,-33.562237,0.812476,0.936277,0.195486
65,1.083333,32.812641,82.940147,-28.064100,0.814592,0.936503,0.194711
66,1.100000,34.368065,82.464310,-29.578978,0.815501,0.936275,0.194553
67,1.116667,33.650772,82.072983,-28.873434,0.816703,0.935999,0.194392
68,1.133333,35.936180,81.723511,-30.996819,0.817215,0.935234,0.193436
69,1.150000,34.416733,81.466667,-30.360264,0.818378,0.934545,0.194660
70,1.166667,36.191475,81.398514,-31.830359,0.819566,0.933847,0.194629
71,1.183333,35.370377,81.201454,-30.631418,0.820610,0.933152,0.193941
72,1.200000,34.639889,81.025848,-29.937935,0.822125,0.932742,0.194048
73,1.216667,33.558456,80.620522,-28.976242,0.823085,0.932252,0.193542
74,1.233333,34.513054,80.372063,-30.077927,0.824168,0.931462,0.193678
75,1.250000,32.175709,80.218498,-27.483543,0.825642,0.930546,0.192961
76,1.266667,32.356045,79.974091,-27.759882,0.826772,0.929726,0.193310
77,1.283333,31.672537,80.245323,-26.667459,0.828475,0.929157,0.192461
78,1.300000,33.613388,79.736603,-29.102856,0.829723,0.928199,0.193251
79,1.316667,34.965038,79.203201,-30.318615,0.830444,0.928325,0.192627
80,1.333333,34.887955,79.107422,-29.923937,0.832004,0.927875,0.192328
81,1.350000,32.817940,78.928833,-28.237228,0.833751,0.927427,0.192575
82,1.366667,32.544327,78.813782,-27.636477,0.835291,0.927099,0.192429
83,1.383333,32.234886,78.705917,-27.086075,0.836877,0.927051,0.192283
84,1.400000,30.810232,78.850983,-26.890881,0.838851,0.927617,0.193293
85,1.416667,29.500828,78.874680,-24.976448,0.841225,0.927541,0.192514
86,1.433333,28.390476,78.667580,-23.959822,0.842665,0.927817,0.191919
87,1.450000,28.881079,78.501579,-24.594513,0.844482,0.927719,0.192039
88,1.466667,26.696768,78.437584,-22.611240,0.846436,0.928010,0.192332
89,1.483333,28.858301,78.325813,-24.610054,0.847572,0.928942,0.192188
90,1.500000,25.354183,78.409752,-19.936514,0.851128,0.928485,0.190318
91,1.516667,28.834034,78.232010,-24.419609,0.852235,0.929140,0.191590
92,1.533333,28.888620,78.231926,-24.828566,0.853888,0.929773,0.192078
93,1.550000,26.245199,78.004387,-21.761435,0.856531,0.929870,0.191251
94,1.566667,26.752455,78.000145,-22.511513,0.858060,0.930450,0.191403
95,1.583333,25.240326,78.018753,-21.246859,0.860974,0.930297,0.191281
96,1.600000,24.705519,78.051765,-20.238869,0.863078,0.930681,0.190757
97,1.616667,25.509928,78.176430,-21.482452,0.864889,0.931391,0.191261
98,1.633333,23.625776,78.596214,-19.925922,0.867492,0.931269,0.191346
99,1.650000,24.060785,78.273636,-19.429117,0.869574,0.930925,0.190010
100,1.666667,23.920776,78.328682,-18.977367,0.872255,0.930846,0.189450
101,1.683333,24.753267,78.115234,-20.294922,0.873854,0.931262,0.189914
102,1.700000,23.083054,78.504463,-18.585518,0.876232,0.931285,0.189509
103,1.716667,23.508453,78.405609,-18.247662,0.878874,0.931193,0.188413
104,1.733333,23.864706,78.348625,-19.029282,0.880581,0.931317,0.189054
105,1.750000,23.317854,78.243019,-18.353733,0.882734,0.931063,0.188351
106,1.766667,23.116255,78.124023,-18.369724,0.884744,0.930961,0.188299
107,1.783333,21.491205,78.698883,-16.019684,0.887758,0.930894,0.187206
108,1.800000,21.181189,78.603378,-16.124491,0.889456,0.931025,0.187491
109,1.816667,21.044907,78.576836,-16.585764,0.891639,0.930596,0.187856
110,1.833333,22.693937,78.626198,-17.900301,0.893341,0.931185,0.187621
111,1.850000,21.198565,78.751640,-15.895276,0.895874,0.931683,0.186497
112,1.866667,21.906864,78.719704,-17.254814,0.898079,0.931140,0.187006
113,1.883333,19.159838,78.762917,-12.888804,0.901129,0.931518,0.184648
114,1.900000,23.946165,78.835121,-18.900599,0.901372,0.931573,0.186032
115,1.916667,23.641550,78.654335,-18.933828,0.902818,0.932617,0.186256
116,1.933333,24.236591,79.124313,-19.293911,0.905285,0.932522,0.186103
117,1.950000,23.324423,79.342682,-18.031580,0.907639,0.932433,0.185467
118,1.966667,24.284397,79.224472,-19.742174,0.909238,0.933268,0.185702
119,1.983333,23.849508,79.108238,-19.422394,0.910978,0.933980,0.186097
120,2.000000,24.741301,79.714767,-20.463425,0.913001,0.934503,0.186035
121,2.016667,25.863220,79.569878,-20.997120,0.914696,0.934945,0.185270
122,2.033333,24.843941,79.537804,-18.925894,0.917171,0.934719,0.183650
123,2.050000,26.991117,79.768402,-21.826582,0.918409,0.935464,0.184586
124,2.066667,28.880110,79.754639,-23.626163,0.919784,0.936289,0.184847
125,2.083333,30.767418,80.168274,-25.784977,0.921242,0.936683,0.184807
126,2.100000,29.651283,80.173729,-24.243963,0.923655,0.936781,0.184008
127,2.116667,29.717159,80.334030,-24.850861,0.925583,0.937662,0.184430
128,2.133333,31.082535,80.388832,-25.944668,0.926905,0.937756,0.184151
129,2.150000,28.274496,80.988686,-23.262018,0.929599,0.937957,0.184554
130,2.166667,28.243769,80.999168,-22.898111,0.931471,0.938496,0.184089
131,2.183333,28.901861,81.209671,-23.565344,0.933004,0.938392,0.184289
132,2.200000,29.077988,81.841064,-23.945698,0.934629,0.939051,0.184344
133,2.216667,29.293093,81.497047,-24.531561,0.936248,0.939098,0.185036
134,2.233333,27.838745,81.858238,-22.914410,0.938114,0.939334,0.184910
135,2.250000,28.102446,82.264969,-22.670176,0.940293,0.939246,0.184495
136,2.266667,31.045666,82.493019,-26.090338,0.941017,0.939455,0.185280
137,2.283333,33.212776,82.688736,-28.015263,0.942392,0.939059,0.185088
138,2.300000,32.114639,82.709587,-27.369511,0.944054,0.938909,0.186174
139,2.316667,32.995609,83.483704,-28.292023,0.945997,0.938761,0.186813
140,2.333333,33.960857,83.570511,-28.590937,0.947275,0.938203,0.185837
141,2.350000,35.085732,83.847374,-29.360203,0.948903,0.937947,0.185996
142,2.366667,38.004448,83.976135,-32.529140,0.949293,0.937728,0.186693
143,2.383333,39.531521,83.996223,-34.593735,0.950044,0.937366,0.187844
144,2.400000,36.636364,84.643089,-31.286089,0.952410,0.936284,0.187638
145,2.416667,43.102543,84.728790,-37.472569,0.953073,0.936339,0.188377
146,2.433333,43.875999,84.729790,-37.312050,0.953795,0.935723,0.187308
147,2.450000,52.212219,84.762283,-46.065365,0.954780,0.935217,0.188479
148,2.466667,55.554966,84.999138,-49.458984,0.955583,0.934831,0.189217
149,2.483333,57.528240,84.969360,-51.368221,0.956466,0.934656,0.190212
150,2.500000,61.504086,85.263161,-55.192711,0.957089,0.934548,0.191022
151,2.516667,67.751465,85.170822,-61.515629,0.957533,0.934261,0.192076
152,2.533333,73.354027,85.850060,-68.198898,0.959420,0.933936,0.194764
153,2.550000,75.081230,85.384651,-69.374237,0.958952,0.933329,0.194684
154,2.566667,76.835304,85.217804,-70.218979,0.959162,0.933151,0.194260
155,2.583333,79.742455,85.197357,-73.664909,0.960554,0.932661,0.196812
156,2.600000,88.347733,84.988503,-82.779762,0.960794,0.932768,0.199287
157,2.616667,88.996429,84.849571,-82.709702,0.961387,0.932350,0.199043
158,2.633333,92.718208,85.072624,-86.583878,0.962761,0.932581,0.200925
159,2.650000,98.801552,85.223015,-92.953102,0.963825,0.932551,0.202799
160,2.666667,98.495758,84.759010,-92.700325,0.963661,0.933417,0.204871
161,2.683333,104.499290,84.733658,-98.164536,0.964362,0.933092,0.205441
162,2.700000,108.169685,84.568306,-102.310448,0.964659,0.933719,0.207905
163,2.716667,110.970444,84.468346,-105.164482,0.966184,0.933661,0.209773
164,2.733333,112.428261,84.057541,-106.842094,0.966228,0.934143,0.211872
165,2.750000,117.835106,83.792198,-112.373558,0.967352,0.934273,0.214206
166,2.766667,119.544228,83.787735,-115.290863,0.968223,0.934793,0.217472
167,2.783333,125.509033,83.533005,-120.806244,0.969519,0.935485,0.219101
168,2.800000,131.502670,83.538391,-126.336784,0.970529,0.936588,0.220692
169,2.816667,132.181366,83.408119,-127.854355,0.971155,0.936495,0.223626
170,2.833333,134.885834,83.114128,-129.954895,0.971917,0.937014,0.225237
171,2.850000,136.441269,82.656471,-132.867630,0.972392,0.937569,0.229096
172,2.866667,138.854874,82.514671,-134.953445,0.973606,0.937490,0.230679
173,2.883333,139.952103,82.320198,-135.521942,0.974084,0.938109,0.232154
174,2.900000,145.339111,82.163071,-141.132904,0.975792,0.938264,0.235079
175,2.916667,149.108231,82.119019,-145.156448,0.976829,0.938908,0.237733
176,2.933333,151.605652,81.955223,-148.063126,0.978504,0.939195,0.240264
177,2.950000,146.178604,81.203270,-141.002853,0.977167,0.939191,0.240623
178,2.966667,149.305954,80.740677,-145.461487,0.978277,0.939721,0.245160
179,2.983333,150.487274,80.461128,-146.653488,0.979256,0.939210,0.247248
180,3.000000,152.321732,80.349182,-147.695023,0.980270,0.938836,0.248088
181,3.016667,152.290237,79.729736,-149.061752,0.980940,0.939147,0.252614
182,3.033333,152.893616,79.333626,-149.368958,0.981902,0.939215,0.254542
183,3.050000,156.678604,79.096069,-153.283066,0.982516,0.938778,0.257222
184,3.066667,157.113800,78.862419,-153.229279,0.983343,0.938481,0.259079
185,3.083333,157.709702,78.683319,-154.256638,0.984079,0.938460,0.261942
186,3.100000,157.984818,78.203125,-154.523682,0.984635,0.938805,0.264236
187,3.116667,161.215149,77.968140,-157.064575,0.985106,0.938045,0.265696
188,3.133333,159.523209,77.189445,-156.074921,0.985606,0.937652,0.269503
189,3.150000,159.224747,76.928726,-155.892303,0.985614,0.937871,0.271984
190,3.166667,158.700729,76.563255,-154.447540,0.985598,0.937324,0.273220
191,3.183333,160.498962,75.815323,-156.442261,0.986735,0.937172,0.276141
192,3.200000,161.352997,76.024979,-157.514999,0.987762,0.936596,0.278742
193,3.216667,160.555542,75.420815,-157.181396,0.987773,0.936275,0.282106
194,3.233333,161.649933,74.978638,-158.263748,0.988304,0.935545,0.284215
195,3.250000,162.457306,74.702179,-158.623367,0.988149,0.935305,0.286799
196,3.266667,164.243546,74.445808,-160.518661,0.989174,0.934677,0.288776
197,3.283333,164.688828,74.148300,-161.140930,0.989702,0.934083,0.291471
198,3.300000,163.911972,73.653976,-160.274933,0.989603,0.933535,0.293893
199,3.316667,165.710861,73.360580,-162.298538,0.989988,0.933775,0.297000
200,3.333333,163.888321,72.851967,-160.036545,0.990336,0.933337,0.299485
201,3.350000,163.712036,72.761902,-159.733887,0.990404,0.933376,0.302214
202,3.366667,165.807846,72.406403,-161.589554,0.991272,0.932916,0.303561
203,3.383333,165.989761,71.835526,-162.263763,0.991506,0.932878,0.307329
204,3.400000,165.130646,71.564026,-161.536316,0.991216,0.932983,0.310324
205,3.416667,166.871399,71.319626,-163.187912,0.991705,0.933285,0.312486
206,3.433333,166.619492,71.007187,-162.970139,0.991786,0.933321,0.315640
207,3.450000,167.217697,70.537628,-163.335297,0.992094,0.933217,0.317480
208,3.466667,167.344040,70.183533,-163.619095,0.992436,0.933729,0.320765
209,3.483333,166.333313,69.621140,-163.391800,0.991820,0.934541,0.324571
210,3.500000,166.406204,69.361198,-162.551422,0.992287,0.934280,0.326329
211,3.516667,165.454178,69.035904,-161.458939,0.991624,0.934565,0.328773
212,3.533333,165.783951,68.457504,-161.528061,0.991615,0.934956,0.331062
213,3.550000,165.838882,68.060471,-161.645798,0.991473,0.935108,0.334235
214,3.566667,166.007584,67.963318,-163.099091,0.992670,0.935086,0.338689
215,3.583333,166.027206,67.617157,-163.140198,0.992898,0.934930,0.341351
216,3.600000,166.272141,67.129356,-163.790359,0.992994,0.935176,0.344727
217,3.616667,167.650696,66.985107,-164.090927,0.992999,0.934612,0.345833
218,3.633333,166.904861,66.719795,-165.075409,0.994017,0.934956,0.350878
219,3.650000,166.190323,66.445786,-164.290054,0.993705,0.934542,0.353821
220,3.666667,166.180618,66.043907,-163.877502,0.993792,0.934766,0.355863
221,3.683333,165.807312,65.670509,-163.229095,0.993818,0.934672,0.358583
222,3.700000,165.276016,65.178993,-162.507858,0.993971,0.934980,0.360867
223,3.716667,165.789886,64.906586,-163.241257,0.994817,0.934903,0.363965
224,3.733333,164.294800,64.445160,-162.063812,0.994297,0.935575,0.367012
225,3.750000,164.944778,64.103249,-161.892044,0.994370,0.935616,0.368173
226,3.766667,166.683365,64.044991,-164.670944,0.995533,0.936669,0.372108
227,3.783333,169.434891,64.455849,-167.170013,0.997806,0.937086,0.373549
228,3.800000,168.108536,63.696953,-166.147003,0.997121,0.938452,0.376681
229,3.816667,167.613632,63.284073,-166.172073,0.997541,0.939415,0.379571
230,3.833333,168.129410,63.037796,-166.898987,0.998181,0.940439,0.382171
231,3.850000,168.572632,63.137913,-167.838394,0.998650,0.941467,0.384782
232,3.866667,168.832413,62.685680,-167.006180,0.998303,0.942108,0.386059
233,3.883333,168.685150,62.296871,-167.469299,0.999543,0.942562,0.388760
234,3.900000,169.107147,62.080677,-167.865753,0.999299,0.943181,0.390636
235,3.916667,169.065430,61.826080,-167.984665,1.000197,0.943911,0.393142
236,3.933333,169.948746,61.592003,-168.945816,1.000327,0.944129,0.394912
237,3.950000,170.631927,61.616379,-169.818436,1.000459,0.944185,0.396888
238,3.966667,170.702759,61.163055,-168.966171,1.000620,0.943717,0.397907
239,3.983333,171.393005,60.766048,-169.369110,1.000821,0.943450,0.398963
240,4.000000,172.060181,60.440487,-170.696609,1.001207,0.944019,0.402231
241,4.016667,171.776062,60.244270,-169.255539,0.999667,0.944154,0.401614
242,4.033333,171.242111,60.238197,-170.111465,1.000632,0.943786,0.405665
243,4.050000,171.277451,59.980610,-169.889999,0.999848,0.943681,0.406721
244,4.066667,171.848511,59.570221,-170.188202,1.000096,0.943325,0.408093
245,4.083333,171.845764,59.487717,-169.988922,0.999787,0.942693,0.409229
246,4.100000,171.089966,59.273388,-169.530167,0.999420,0.942570,0.411346
247,4.116667,171.392838,59.146919,-169.220016,0.998527,0.942887,0.412278
248,4.133333,172.070358,58.885399,-169.633926,0.998635,0.942001,0.413092
249,4.150000,171.720093,58.715969,-168.967712,0.997875,0.941984,0.413918
250,4.166667,171.711548,58.534611,-169.015015,0.997242,0.941713,0.415294
251,4.183333,171.627090,58.156384,-168.569214,0.996029,0.941359,0.416401
252,4.200000,171.858734,58.016453,-169.244186,0.995755,0.941362,0.418289
253,4.216667,171.617599,57.662212,-168.925751,0.994842,0.940718,0.419343
254,4.233333,170.294464,57.678112,-167.831635,0.993210,0.940861,0.421214
255,4.250000,171.782181,57.490726,-168.990356,0.993352,0.940048,0.421764
256,4.266667,171.061554,57.308456,-169.041016,0.992212,0.939938,0.424371
257,4.283333,170.414291,57.117310,-168.614456,0.991194,0.939516,0.425784
258,4.300000,170.327484,56.983696,-167.818298,0.990289,0.939549,0.426234
259,4.316667,171.169037,56.870186,-168.570648,0.990053,0.939450,0.427001
260,4.333333,170.784348,56.775055,-168.158127,0.989100,0.939425,0.427955
261,4.350000,170.880814,56.676830,-168.521469,0.988160,0.939309,0.429071
262,4.366667,170.354645,56.507763,-167.515594,0.986542,0.938891,0.429680
263,4.383333,170.114380,56.261524,-167.250977,0.985295,0.939103,0.430713
264,4.400000,170.210114,56.187332,-167.371246,0.984563,0.938385,0.431530
265,4.416667,169.812515,56.196655,-167.745575,0.984078,0.938448,0.433360
266,4.433333,169.275269,56.045395,-167.491592,0.982847,0.938409,0.434641
267,4.450000,169.879761,56.046227,-168.341248,0.982354,0.937779,0.435940
268,4.466667,170.001816,56.024971,-167.685333,0.980686,0.937601,0.435880
269,4.483333,170.334915,55.813480,-167.921295,0.980228,0.937287,0.436783
270,4.500000,170.323624,55.987637,-168.127274,0.979911,0.936614,0.437359
271,4.516667,170.170975,55.837769,-167.492325,0.978746,0.936647,0.437693
272,4.533333,170.451080,55.766640,-167.937042,0.977815,0.936335,0.438569
273,4.550000,170.824310,55.697121,-168.087646,0.977048,0.936596,0.438937
274,4.566667,170.934128,55.549564,-168.406494,0.976904,0.936898,0.439649
275,4.583333,170.761032,55.664215,-168.855560,0.975865,0.937699,0.441015
276,4.600000,170.455032,55.659611,-168.323792,0.974844,0.938010,0.441400
277,4.616667,170.999435,55.672974,-168.314789,0.974332,0.938066,0.440767
278,4.633333,170.733765,55.656837,-168.619019,0.973708,0.939012,0.442560
279,4.650000,171.273972,55.602959,-168.705887,0.973103,0.938855,0.442266
280,4.666667,171.221649,55.450317,-168.932434,0.971460,0.939696,0.443424
281,4.683333,171.470993,55.374439,-168.821793,0.969945,0.940018,0.443178
282,4.700000,170.632416,55.593513,-168.071304,0.969187,0.940191,0.444034
283,4.716667,170.410950,55.454174,-168.293350,0.968663,0.940953,0.444719
284,4.733333,170.469055,55.458542,-168.253510,0.967896,0.941216,0.444969
285,4.750000,169.483276,55.567051,-167.853561,0.967114,0.941530,0.446175
286,4.766667,170.386169,55.558918,-167.734161,0.965932,0.941807,0.445214
287,4.783333,170.118271,55.471485,-167.288467,0.964964,0.942046,0.445178
288,4.800000,171.608810,55.736664,-169.531723,0.965151,0.942738,0.445509
289,4.816667,172.213028,55.803280,-170.133072,0.964301,0.943357,0.445997
290,4.833333,172.059036,55.717438,-169.325699,0.962771,0.943584,0.445767
291,4.850000,172.541367,55.967327,-169.533783,0.961661,0.944194,0.446092
292,4.866667,173.248428,55.897472,-170.755981,0.961466,0.944219,0.446384
293,4.883333,173.085312,56.232391,-170.523651,0.960369,0.943991,0.446167
294,4.900000,172.076584,56.228104,-170.199905,0.958940,0.944570,0.447492
295,4.916667,171.919662,56.199547,-169.542450,0.957511,0.944556,0.446730
296,4.933333,172.086533,56.275578,-169.496719,0.956323,0.944507,0.446614
297,4.950000,172.119781,56.463833,-169.446701,0.955158,0.944597,0.446696
298,4.966667,172.750595,56.672531,-169.906784,0.954229,0.944305,0.446545
299,4.983333,172.754272,56.740005,-169.517242,0.952759,0.944563,0.446843
300,5.000000,171.602936,56.853741,-168.505188,0.950957,0.944731,0.447250
301,5.016667,171.736053,57.045078,-169.891678,0.950439,0.944761,0.448383
302,5.033333,172.657715,57.268921,-171.170853,0.949308,0.945028,0.448628
303,5.050000,173.056702,57.244598,-170.406845,0.946900,0.945033,0.447731
304,5.066667,172.122559,57.258595,-169.279526,0.945372,0.945163,0.447715
305,5.083333,171.896118,57.399204,-168.402496,0.943226,0.945347,0.447224
306,5.100000,171.941879,57.556282,-169.341812,0.942085,0.945429,0.448336
307,5.116667,171.890366,58.010983,-169.755280,0.940785,0.945325,0.448992
308,5.133333,170.955750,57.986320,-168.197250,0.938569,0.945816,0.448905
309,5.150000,171.479782,58.036201,-167.487885,0.936183,0.945694,0.447498
310,5.166667,170.900421,58.454113,-167.037872,0.934495,0.945957,0.448359
311,5.183333,171.493774,58.952293,-168.324341,0.933320,0.946334,0.448662
312,5.200000,171.544724,58.698853,-168.354523,0.931487,0.945922,0.448514
313,5.216667,172.404709,58.691147,-168.291550,0.929724,0.946114,0.447785
314,5.233333,172.189148,59.336239,-168.655762,0.927785,0.945946,0.448458
315,5.250000,171.514435,59.167778,-168.649872,0.925946,0.946396,0.449941
316,5.266667,171.886658,59.474720,-168.175339,0.923877,0.946442,0.448974
317,5.283333,170.676605,59.624969,-167.828613,0.921637,0.946958,0.450704
318,5.300000,170.794052,59.809952,-166.952545,0.919492,0.946467,0.449258
319,5.316667,169.698257,60.098911,-166.626770,0.918145,0.946943,0.451251
320,5.333333,169.825928,60.295845,-166.054642,0.915751,0.947163,0.450395
321,5.350000,168.996140,60.391331,-166.219452,0.913810,0.947053,0.451994
322,5.366667,169.005508,60.755703,-166.551605,0.911638,0.947445,0.452774
323,5.383333,169.671280,60.932850,-166.588867,0.909919,0.947685,0.452401
324,5.400000,169.858780,61.236492,-166.359116,0.908104,0.947652,0.451925
325,5.416667,170.246246,61.574661,-166.631454,0.906557,0.947379,0.451848
326,5.433333,169.524414,61.650162,-166.171432,0.904227,0.947880,0.452545
327,5.450000,168.565964,61.803410,-165.306961,0.902019,0.947840,0.453073
328,5.466667,168.275208,62.263805,-165.313889,0.900205,0.947566,0.453658
329,5.483333,167.787613,62.590534,-164.983322,0.898812,0.947721,0.454489
330,5.500000,167.486008,62.805084,-164.347031,0.896359,0.947523,0.454523
331,5.516667,167.163345,62.961025,-163.657913,0.894145,0.947183,0.454624
332,5.533333,166.986755,63.620186,-164.031906,0.893162,0.947368,0.455750
333,5.550000,168.358017,63.787888,-164.987198,0.891850,0.946840,0.455345
334,5.566667,168.197037,63.888294,-165.466919,0.889798,0.947298,0.456300
335,5.583333,167.684769,64.308533,-164.621628,0.887389,0.946968,0.456457
336,5.600000,168.088287,64.748764,-164.774475,0.886247,0.946721,0.456316
337,5.616667,167.909103,65.174660,-164.665512,0.884701,0.946708,0.456478
338,5.633333,167.304520,65.656967,-164.677338,0.882630,0.946775,0.457327
339,5.650000,166.457306,65.578392,-163.675491,0.880484,0.946766,0.457743
340,5.666667,166.593887,65.619911,-163.847092,0.878995,0.946180,0.458038
341,5.683333,167.635391,66.106522,-164.934708,0.878078,0.945884,0.458421
342,5.700000,167.550201,66.593765,-164.555664,0.876805,0.946002,0.458275
343,5.716667,166.693649,66.712029,-162.848831,0.874019,0.945874,0.457849
344,5.733333,168.024246,67.301872,-164.708115,0.872611,0.946107,0.458657
345,5.750000,166.572784,67.391014,-163.725098,0.870773,0.946157,0.459463
346,5.766667,167.193344,67.920975,-163.809860,0.869477,0.945784,0.459024
347,5.783333,166.722198,68.359169,-163.754562,0.868202,0.944965,0.460081
348,5.800000,165.607330,68.787979,-163.035233,0.865970,0.945653,0.460728
349,5.816667,164.288284,69.078415,-161.480011,0.863452,0.945704,0.460639
350,5.833333,164.991745,69.569023,-161.077118,0.861854,0.944812,0.459605
351,5.850000,163.737228,69.818108,-160.872498,0.860586,0.944574,0.461052
352,5.866667,163.352859,70.268341,-161.569656,0.859000,0.944718,0.462728
353,5.883333,164.040298,70.283745,-160.738876,0.857025,0.944767,0.461484
354,5.900000,166.687042,70.966522,-163.655197,0.856097,0.944449,0.461669
355,5.916667,167.343185,71.737259,-163.993912,0.854663,0.944377,0.460953
356,5.933333,164.863647,71.581429,-162.132996,0.852344,0.944421,0.462559
357,5.950000,166.355545,72.274902,-162.894302,0.851110,0.943898,0.461695
358,5.966667,165.192551,72.726479,-162.029114,0.848982,0.944479,0.462165
359,5.983333,165.238480,73.072655,-161.263153,0.847308,0.944317,0.461225
360,6.000000,162.938934,73.154999,-159.958435,0.845196,0.944491,0.463240
361,6.016667,161.188812,73.659012,-158.009186,0.842889,0.944815,0.462952
362,6.033333,159.548584,73.805649,-156.816849,0.841099,0.944815,0.464031
363,6.050000,163.115601,74.871124,-158.366318,0.839995,0.944293,0.461103
364,6.066667,161.566467,75.079117,-158.017349,0.838086,0.944932,0.463563
365,6.083333,161.480835,75.498306,-158.508759,0.836230,0.944969,0.464411
366,6.100000,161.876022,75.656487,-158.550842,0.834219,0.945188,0.464284
367,6.116667,160.240616,75.984619,-156.912704,0.832100,0.944689,0.464521
368,6.133333,159.315170,76.854256,-155.234039,0.829954,0.944641,0.463620
369,6.150000,157.826370,77.162285,-154.814575,0.828304,0.944575,0.465042
370,6.166667,158.678864,77.397362,-155.823135,0.827399,0.943460,0.465481
371,6.183333,157.610321,77.718796,-154.005127,0.824635,0.944183,0.464783
372,6.200000,153.946533,77.757584,-150.293304,0.821948,0.943960,0.465197
373,6.216667,154.649384,78.328606,-150.215225,0.820013,0.943553,0.464037
374,6.233333,154.966446,78.610985,-151.191223,0.818232,0.943859,0.465485
375,6.250000,155.129135,79.307594,-151.546295,0.817018,0.943391,0.465949
376,6.266667,153.840561,79.982101,-149.560822,0.814213,0.942907,0.464712
377,6.283333,151.264618,80.099464,-147.419296,0.812332,0.942258,0.465918
378,6.300000,151.279129,80.574501,-147.673065,0.810466,0.942420,0.466399
379,6.316667,149.196884,80.740913,-146.183182,0.808785,0.942590,0.467246
380,6.333333,145.372787,81.082520,-140.974869,0.805729,0.942238,0.465358
381,6.350000,143.147232,81.679863,-139.566971,0.804095,0.941422,0.466497
382,6.366667,143.843353,82.140877,-139.640930,0.802095,0.941342,0.466127
383,6.383333,140.033813,82.087280,-136.410782,0.799323,0.941441,0.466737
384,6.400000,135.715012,82.256912,-132.238998,0.796654,0.941367,0.467189
385,6.416667,133.628448,82.593216,-129.776062,0.794633,0.940829,0.466633
386,6.433333,132.872726,82.949524,-128.913162,0.792170,0.941062,0.466724
387,6.450000,132.868088,83.820824,-128.717682,0.791311,0.941378,0.466624
388,6.466667,125.862411,84.073120,-122.039665,0.788709,0.940958,0.467217
389,6.483333,123.782402,84.120438,-120.744019,0.786651,0.940638,0.467907
390,6.500000,119.772003,84.497375,-116.621902,0.784810,0.940503,0.468098
391,6.516667,114.139297,84.726387,-110.809044,0.782966,0.940521,0.467709
392,6.533333,106.830154,84.023811,-103.303764,0.779232,0.940749,0.468099
393,6.550000,101.264221,84.419121,-98.382301,0.778038,0.940921,0.468413
394,6.566667,97.660980,84.380318,-93.594589,0.775756,0.941236,0.466689
395,6.583333,92.459290,84.097801,-88.719620,0.773246,0.941498,0.467331
396,6.600000,89.665894,84.602814,-86.185516,0.771898,0.941593,0.467667
397,6.616667,85.724472,84.021187,-82.197250,0.768726,0.942096,0.467362
398,6.633333,77.314163,84.911331,-73.739601,0.768060,0.942175,0.467459
399,6.650000,73.205215,84.054581,-69.014580,0.765419,0.942023,0.466415
400,6.666667,72.138496,84.114098,-67.935791,0.763863,0.941437,0.466115
401,6.683333,69.410172,83.474098,-65.722122,0.760920,0.942247,0.466903
402,6.700000,65.255005,83.540482,-61.198025,0.760145,0.941943,0.466205
403,6.716667,61.148972,82.989037,-56.745483,0.758189,0.941825,0.465522
404,6.733333,59.451359,82.755043,-54.702042,0.756227,0.940999,0.464498
405,6.750000,57.739594,82.180031,-53.830204,0.753918,0.941318,0.465596
406,6.766667,54.385860,82.340157,-50.168144,0.753130,0.942038,0.465346
407,6.783333,50.007740,82.216225,-45.756905,0.751551,0.941630,0.465176
408,6.800000,46.656891,82.117615,-42.500641,0.749843,0.941749,0.464905
409,6.816667,45.105293,81.805672,-40.714436,0.748772,0.941351,0.464243
410,6.833333,43.616974,81.522163,-39.375275,0.747503,0.941571,0.464639
411,6.850000,41.602417,81.219360,-37.176105,0.746275,0.941461,0.464051
412,6.866667,37.112419,81.138954,-32.436344,0.745687,0.941432,0.463285
413,6.883333,39.161186,80.381134,-34.572433,0.743577,0.941886,0.463194
414,6.900000,38.762600,79.881569,-33.852482,0.742417,0.941118,0.462311
415,6.916667,37.547001,79.626770,-33.149834,0.741160,0.941220,0.463133
416,6.933333,36.887760,79.347145,-32.285660,0.740201,0.941163,0.462824
417,6.950000,35.816811,79.103828,-31.020302,0.739306,0.940954,0.462509
418,6.966667,31.540707,78.765205,-26.472399,0.738396,0.941277,0.461683
419,6.983333,30.622963,78.493515,-25.497040,0.737706,0.940990,0.461296
420,7.000000,30.031303,78.133530,-25.910780,0.736619,0.941282,0.462677
421,7.016667,30.231312,77.863747,-25.649530,0.735933,0.941534,0.461934
422,7.033333,29.264383,77.539848,-25.001078,0.735240,0.941597,0.462193
423,7.050000,28.701456,77.001450,-24.573162,0.734354,0.941688,0.462009
424,7.066667,27.828419,76.605576,-23.724388,0.733869,0.941844,0.461894
425,7.083333,27.578522,76.236511,-23.564222,0.733488,0.941984,0.461785
426,7.100000,26.884283,75.946754,-22.616606,0.732929,0.942194,0.461498
427,7.116667,25.871450,75.863380,-20.569761,0.733291,0.942077,0.460470
428,7.133333,25.041155,75.403595,-20.053720,0.732788,0.942342,0.460813
429,7.150000,25.040016,75.067268,-19.738295,0.731998,0.942283,0.460077
430,7.166667,24.326418,74.846336,-19.361069,0.731660,0.942489,0.460312
431,7.183333,20.499489,74.702911,-14.940197,0.732932,0.943282,0.460009
432,7.200000,21.490051,74.321922,-16.329298,0.731961,0.943130,0.460224
433,7.216667,20.668320,74.064209,-15.671342,0.731882,0.943003,0.460390
434,7.233333,19.304090,73.874306,-14.068928,0.732743,0.942757,0.460037
435,7.250000,20.400782,73.303986,-16.023146,0.731780,0.942318,0.460962
436,7.266667,20.502754,72.968529,-15.974894,0.731729,0.942396,0.460710
437,7.283333,18.560104,72.935646,-13.708590,0.732518,0.942313,0.460547
438,7.300000,18.059153,72.615631,-13.894389,0.732226,0.942749,0.461598
439,7.316667,17.241842,72.380257,-13.046530,0.732498,0.942726,0.461721
440,7.333333,16.439520,72.103180,-12.242531,0.732614,0.942959,0.461783
441,7.350000,15.230875,71.864456,-10.349562,0.733072,0.942609,0.460676
442,7.366667,14.274977,71.576904,-9.453120,0.733365,0.942852,0.460689
443,7.383333,15.553511,71.332123,-11.843102,0.732538,0.943246,0.462093
444,7.400000,14.669957,71.028671,-9.921322,0.733200,0.943104,0.460396
445,7.416667,14.157896,70.767212,-10.095823,0.732895,0.943341,0.461084
446,7.433333,14.978033,70.535904,-10.836749,0.732652,0.943357,0.460445
447,7.450000,14.698159,70.291817,-10.409348,0.732893,0.943252,0.459983
448,7.466667,13.270504,69.900574,-9.703370,0.733080,0.943794,0.460822
449,7.483333,14.231837,69.607254,-10.362318,0.732860,0.943466,0.459829
450,7.500000,12.457278,69.275208,-8.631233,0.733481,0.943471,0.459809
451,7.516667,12.269123,69.296959,-7.731678,0.734080,0.943125,0.458876
452,7.533333,11.339463,69.231300,-6.377134,0.734644,0.942986,0.458123
453,7.550000,11.665269,68.968185,-7.499879,0.733843,0.943487,0.458568
454,7.566667,12.433281,68.946243,-7.998237,0.733510,0.943099,0.457797
455,7.583333,11.605655,68.472298,-7.944767,0.733531,0.942963,0.457948
456,7.600000,10.649078,68.177200,-6.803947,0.733900,0.942403,0.457257
457,7.616667,11.108971,67.939720,-6.776053,0.733623,0.942955,0.456243
458,7.633333,11.180902,67.783180,-6.725508,0.733307,0.942993,0.455541
459,7.650000,11.268714,67.959511,-6.731501,0.732978,0.943150,0.454729
460,7.666667,9.782328,68.017029,-5.549495,0.733398,0.943912,0.454513
461,7.683333,9.472000,67.603577,-5.194074,0.733221,0.944141,0.453942
462,7.700000,9.465853,67.275948,-4.667406,0.733374,0.944120,0.452616
463,7.716667,9.462733,67.020332,-4.882030,0.732895,0.944305,0.452219
464,7.733333,9.363508,66.774673,-4.699075,0.732643,0.944397,0.450439
465,7.750000,7.127474,66.732262,-1.975686,0.733429,0.944562,0.449378
466,7.766667,9.079079,66.555763,-4.653827,0.731519,0.944953,0.449204
467,7.783333,9.686162,66.458038,-5.586425,0.730417,0.944575,0.448505
468,7.800000,8.271163,66.234200,-4.666377,0.730219,0.944787,0.447961
469,7.816667,8.170755,65.930679,-4.087330,0.729827,0.944661,0.446107
470,7.833333,7.566728,66.012306,-3.496789,0.729750,0.944644,0.445141
471,7.850000,7.925683,65.961403,-3.294740,0.729076,0.944749,0.443283
472,7.866667,8.077881,65.582298,-3.776389,0.727964,0.944560,0.442125
473,7.883333,8.835999,65.553574,-5.277989,0.726327,0.944793,0.441736
474,7.900000,9.115667,65.482574,-5.100163,0.725660,0.944354,0.440047
475,7.916667,9.093868,65.333206,-5.350624,0.724950,0.944466,0.438845
476,7.933333,11.239522,65.227554,-7.933273,0.722331,0.943682,0.437429
477,7.950000,11.380040,64.803093,-7.847400,0.721554,0.944197,0.435730
478,7.966667,10.556580,64.958076,-5.869678,0.722392,0.943941,0.432569
479,7.983333,9.307077,64.698288,-5.203466,0.722397,0.943148,0.432064
480,8.000000,10.500256,64.860832,-6.513027,0.720293,0.944235,0.430264
481,8.016667,10.799154,64.940292,-6.615471,0.719065,0.943151,0.428163
482,8.033333,10.018900,64.495155,-6.218831,0.718281,0.943028,0.427139
483,8.050000,10.494620,64.444679,-5.894997,0.717741,0.942691,0.423799
484,8.066667,11.881921,64.192375,-7.001776,0.716705,0.942728,0.421900
485,8.083333,10.804225,64.476524,-5.639504,0.716259,0.943362,0.419733
486,8.100000,11.608906,64.135307,-7.662019,0.714914,0.942530,0.419170
487,8.116667,13.071188,63.809719,-9.129060,0.713039,0.942510,0.417130
488,8.133333,13.335217,63.782150,-8.982948,0.713002,0.943038,0.414436
489,8.150000,13.649668,63.595310,-9.174226,0.712167,0.942914,0.412072
490,8.166667,13.029636,63.664223,-8.266552,0.712197,0.943114,0.409719
491,8.183333,13.232278,64.066109,-7.755792,0.711979,0.942493,0.406767
492,8.200000,13.743420,63.628944,-9.073104,0.710854,0.941858,0.405559
493,8.216667,12.967262,63.812374,-7.338730,0.711509,0.942247,0.402736
494,8.233333,14.304684,63.590771,-8.723777,0.710316,0.942164,0.399803
495,8.250000,14.275312,63.605652,-9.260127,0.709889,0.941753,0.398429
496,8.266667,13.581654,63.695789,-7.377346,0.711034,0.941554,0.394663
497,8.283333,14.716887,63.534084,-9.810705,0.709701,0.940902,0.394342
498,8.300000,14.788907,63.666065,-9.240095,0.709859,0.940619,0.391189
499,8.316667,14.916181,63.614094,-9.740813,0.709695,0.940474,0.389723
500,8.333333,14.212690,63.574078,-7.978916,0.710894,0.939897,0.386423
501,8.350000,14.093343,63.780956,-9.237959,0.710232,0.939453,0.385612
502,8.366667,13.551908,63.764339,-8.422006,0.710769,0.938876,0.382824
503,8.383333,12.892464,64.204842,-6.991164,0.711699,0.938815,0.379895
504,8.400000,12.459182,64.403526,-6.819083,0.712301,0.938512,0.378215
505,8.416667,12.081674,63.861565,-7.736924,0.711745,0.938495,0.377788
506,8.433333,11.509127,64.230438,-7.110767,0.712936,0.938624,0.375436
507,8.450000,12.819564,64.365852,-7.400874,0.713040,0.938157,0.372127
508,8.466667,12.716022,64.654015,-6.725147,0.714229,0.938441,0.369209
509,8.483333,12.537206,64.745644,-6.889916,0.714856,0.938478,0.367941
510,8.500000,11.794971,64.421524,-6.768982,0.714778,0.938929,0.366329
511,8.516667,12.004626,64.572311,-6.700174,0.715897,0.938904,0.363964
512,8.533333,12.304865,64.730629,-6.517154,0.716431,0.938845,0.361192
513,8.550000,10.930311,64.714417,-5.380162,0.717103,0.938830,0.359753
514,8.566667,11.450987,64.875687,-5.416121,0.717718,0.938823,0.357172
515,8.583333,11.585626,65.091843,-5.288477,0.718325,0.938891,0.354686
516,8.600000,12.256923,65.204071,-6.066825,0.718534,0.938438,0.352551
517,8.616667,13.395768,64.986504,-8.379118,0.717666,0.937882,0.351727
518,8.633333,13.095893,64.984184,-7.773242,0.718620,0.938477,0.349680
519,8.650000,12.468099,65.432938,-5.777044,0.720512,0.938164,0.346137
520,8.666667,12.568225,65.510193,-6.887449,0.720391,0.938085,0.345479
521,8.683333,12.487773,65.485352,-6.900058,0.720901,0.937917,0.343691
522,8.700000,12.316376,65.348251,-6.934947,0.721296,0.937927,0.342259
523,8.716667,11.424091,65.553146,-5.739641,0.722570,0.937430,0.339770
524,8.733333,11.172739,65.706802,-4.950969,0.723774,0.937768,0.337316
525,8.750000,11.620461,65.771149,-5.862978,0.723665,0.937165,0.336334
526,8.766667,11.859859,65.898056,-6.426064,0.723769,0.937129,0.334794
527,8.783333,11.756250,66.044746,-5.931360,0.724523,0.936785,0.333142
528,8.800000,11.399028,66.100014,-5.691160,0.725392,0.936066,0.331089
529,8.816667,12.509572,66.195557,-6.845760,0.725483,0.935863,0.329231
530,8.833333,12.470264,66.242165,-7.031617,0.725738,0.935520,0.327894
531,8.850000,12.894037,66.553864,-6.675107,0.726780,0.934956,0.325460
532,8.866667,12.026211,66.636681,-5.718990,0.728001,0.934279,0.323313
533,8.883333,12.454992,66.769966,-6.575318,0.727678,0.934355,0.322288
534,8.900000,12.318871,66.617722,-6.272648,0.728386,0.933987,0.320854
535,8.916667,13.004538,66.943588,-6.690810,0.728879,0.933510,0.318897
536,8.933333,13.043694,66.877083,-7.399117,0.728021,0.933561,0.318147
537,8.950000,11.639007,67.186424,-6.137848,0.729771,0.933108,0.316711
538,8.966667,11.824656,67.374458,-5.613129,0.730616,0.932403,0.314609
539,8.983333,12.239600,67.517159,-6.426931,0.730267,0.931952,0.313371
540,9.000000,11.371118,67.556244,-5.757317,0.731016,0.932175,0.312244
541,9.016667,12.569732,67.722008,-6.995378,0.730944,0.931595,0.310649
542,9.033333,12.529156,67.821510,-7.036304,0.731401,0.931034,0.309729
543,9.050000,12.310939,67.597290,-6.559808,0.732023,0.930529,0.307928
544,9.066667,12.001549,67.680923,-6.638043,0.732173,0.930066,0.307052
545,9.083333,12.323001,67.886551,-6.465795,0.732276,0.929354,0.304823
546,9.100000,12.239794,67.829773,-6.382809,0.732660,0.928888,0.303659
547,9.116667,11.938746,68.139091,-6.105300,0.733087,0.928269,0.302436
548,9.133333,12.669924,68.516975,-6.057398,0.733342,0.928117,0.299917
549,9.150000,12.916903,68.605576,-6.276355,0.733300,0.927884,0.298950
550,9.166667,14.233357,68.891968,-7.013782,0.733516,0.926890,0.296630
551,9.183333,12.226709,68.281937,-6.917654,0.733143,0.926882,0.298276
552,9.200000,13.087545,68.837799,-7.234211,0.733716,0.926071,0.296012
553,9.216667,12.773743,68.729195,-7.147829,0.734013,0.925215,0.295150
554,9.233333,13.847932,68.763260,-8.426338,0.733421,0.925173,0.294249
555,9.250000,13.667337,68.733459,-8.374400,0.733643,0.924721,0.293199
556,9.266667,14.200371,68.983528,-8.306603,0.733596,0.924689,0.291199
557,9.283333,15.206276,69.234444,-9.752335,0.733105,0.924146,0.290182
558,9.300000,15.148258,69.502800,-8.955385,0.733585,0.924070,0.288562
559,9.316667,14.450867,69.344933,-8.513320,0.733946,0.923578,0.287837
560,9.333333,14.228072,69.311188,-9.025513,0.733785,0.923293,0.287550
561,9.350000,12.984231,69.323303,-8.031471,0.734138,0.922827,0.286685
562,9.366667,13.513604,69.429214,-8.693055,0.734399,0.922814,0.285433
563,9.383333,13.645536,69.262619,-8.715083,0.734279,0.922326,0.283805
564,9.400000,15.284893,69.569771,-11.010524,0.733493,0.922280,0.283423
565,9.416667,13.709992,69.542274,-8.744385,0.734333,0.922357,0.281836
566,9.433333,14.853296,69.799232,-9.814447,0.734142,0.921947,0.280570
567,9.450000,15.009618,69.919769,-9.391768,0.734387,0.921973,0.278546
568,9.466667,14.317910,69.873230,-9.051565,0.734688,0.921619,0.277934
569,9.483333,14.537921,69.890167,-9.263423,0.734657,0.921712,0.276632
570,9.500000,13.795691,70.282814,-8.615388,0.735140,0.921642,0.275676
571,9.516667,15.224036,70.476540,-10.354609,0.734596,0.921577,0.274619
572,9.533333,15.301251,70.249451,-10.189190,0.734632,0.921269,0.273063
573,9.550000,14.905013,70.505898,-9.783278,0.735282,0.921621,0.272474
574,9.566667,15.632318,70.657455,-10.880063,0.734857,0.922132,0.271341
575,9.583333,14.957529,70.160889,-10.435268,0.734712,0.922691,0.270869
576,9.600000,14.503118,70.629135,-9.680235,0.735366,0.922877,0.269022
577,9.616667,14.786659,70.678093,-9.732697,0.735584,0.923455,0.267203
578,9.633333,15.086514,70.501839,-9.663763,0.735452,0.923924,0.265547
579,9.650000,14.419117,70.641808,-9.203788,0.735974,0.924073,0.264657
580,9.666667,14.972897,70.900307,-9.428328,0.736242,0.924200,0.263103
581,9.683333,15.849890,70.721634,-10.395871,0.735405,0.924646,0.261630
582,9.700000,16.113718,70.831009,-10.771940,0.735711,0.925400,0.260440
583,9.716667,15.698883,70.835297,-10.809450,0.735712,0.925322,0.259914
584,9.733333,14.279833,70.621300,-10.100681,0.736167,0.925290,0.259589
585,9.750000,14.104428,71.256554,-9.221274,0.736827,0.925816,0.257404
586,9.766667,14.096969,71.106110,-9.306981,0.736903,0.925900,0.256271
587,9.783333,13.805106,71.107933,-8.779655,0.737366,0.926011,0.254663
588,9.800000,14.247700,71.445930,-8.932304,0.737517,0.925858,0.252647
589,9.816667,12.779943,71.552315,-8.855262,0.737374,0.926087,0.253469
590,9.833333,13.095851,71.743294,-8.049626,0.738120,0.925788,0.250877
591,9.850000,14.040891,71.574333,-9.545973,0.737385,0.926589,0.249876
592,9.866667,13.955955,71.345268,-9.113873,0.737398,0.926588,0.247920
593,9.883333,13.415566,71.408455,-8.714023,0.737926,0.926520,0.246662
594,9.900000,14.928514,71.678627,-10.441735,0.737554,0.926921,0.245666
595,9.916667,14.992383,71.787437,-9.345190,0.738024,0.926714,0.242766
596,9.933333,14.795949,71.573174,-9.729309,0.737556,0.926944,0.242091
597,9.950000,14.260688,71.507370,-9.683076,0.737701,0.926616,0.241459
598,9.966667,14.795030,71.831429,-10.073806,0.737763,0.926355,0.240058
599,9.983333,16.033722,71.539536,-11.418117,0.737090,0.926753,0.238412
600,10.000000,15.372969,71.603004,-10.465054,0.737552,0.926439,0.236705
601,10.016667,16.041941,71.830017,-10.360482,0.737913,0.925662,0.234455
602,10.033333,16.788729,71.907211,-10.640557,0.737774,0.925360,0.232542
603,10.050000,16.772581,71.899902,-10.193266,0.738001,0.925274,0.230734
604,10.066667,17.400455,71.606285,-11.551560,0.737089,0.925310,0.230163
605,10.083333,17.627689,71.632317,-11.754475,0.737251,0.924484,0.228895
606,10.100000,17.063295,71.550003,-11.224332,0.737625,0.923302,0.227806
607,10.116667,17.190020,71.727150,-11.620939,0.737438,0.923012,0.226821
608,10.133333,17.784510,71.862221,-11.560517,0.737600,0.922493,0.224836
609,10.150000,17.516565,71.761620,-11.223490,0.737911,0.921560,0.223702
610,10.166667,16.704762,71.770576,-11.050990,0.737843,0.921168,0.223455
611,10.183333,17.214161,71.658150,-11.174520,0.737880,0.920462,0.221922
612,10.200000,17.857601,71.664734,-11.951340,0.738021,0.919684,0.221098
613,10.216667,18.261909,71.918213,-11.890538,0.737900,0.919126,0.220158
614,10.233333,17.817852,71.519142,-11.517372,0.737792,0.918545,0.219209
615,10.250000,18.425535,71.423050,-11.817774,0.737812,0.917766,0.218004
616,10.266667,18.254930,71.273529,-11.615225,0.738305,0.916786,0.217301
617,10.283333,18.855566,71.229668,-11.916183,0.738226,0.916389,0.216231
618,10.300000,17.422436,71.416496,-10.292837,0.739074,0.915625,0.215415
619,10.316667,16.534517,71.696648,-9.644456,0.739584,0.914792,0.215402
620,10.333333,16.017483,71.693001,-9.465995,0.739734,0.914184,0.215406
621,10.350000,16.298197,71.669785,-9.740350,0.739823,0.913698,0.215028
622,10.366667,17.092737,71.527397,-10.697096,0.739535,0.913489,0.214853
623,10.383333,17.638237,71.551582,-11.278561,0.739561,0.913186,0.214629
624,10.400000,17.151260,71.497055,-10.700368,0.740012,0.912928,0.214421
625,10.416667,17.666845,71.425186,-10.914987,0.740153,0.912929,0.213975
626,10.433333,17.787079,71.340279,-11.054338,0.740268,0.913027,0.214043
627,10.450000,17.822386,71.271446,-11.158211,0.740305,0.913104,0.214141
628,10.466667,17.096346,71.107773,-10.594184,0.740627,0.913383,0.214596
629,10.483333,16.489697,71.019417,-10.164762,0.740844,0.913712,0.214965
630,10.500000,15.844395,70.984421,-9.481266,0.741108,0.913962,0.215057
631,10.516667,15.342347,70.941254,-9.697669,0.741132,0.914439,0.216325
632,10.533333,16.936905,70.945602,-11.967234,0.740234,0.914219,0.217088
633,10.550000,15.520505,70.836670,-10.092080,0.741229,0.915015,0.217175
634,10.566667,15.372893,70.576965,-9.171276,0.741482,0.915813,0.216627
635,10.583333,15.629590,70.598503,-9.701121,0.741605,0.916528,0.217605
636,10.600000,14.924797,70.600914,-9.546624,0.741992,0.917210,0.218890
637,10.616667,14.545380,70.124214,-9.219746,0.742140,0.917647,0.219218
638,10.633333,15.515714,70.063210,-9.872337,0.742031,0.918570,0.219218
639,10.650000,15.899463,69.840065,-10.502995,0.742019,0.919458,0.219904
640,10.666667,15.361234,69.959122,-9.984380,0.742689,0.920775,0.220844
641,10.683333,14.499645,69.974670,-8.423664,0.743439,0.922499,0.220795
642,10.700000,14.408189,69.785217,-8.867406,0.743255,0.924721,0.222270
643,10.716667,15.498391,69.834465,-9.554289,0.743357,0.926967,0.222565
644,10.733333,14.635086,69.976913,-8.280046,0.744384,0.928850,0.222368
645,10.750000,14.349990,70.050346,-8.042831,0.744614,0.931139,0.223399
646,10.766667,14.339768,69.540512,-9.018673,0.743771,0.933672,0.225143
647,10.783333,12.429473,69.600235,-7.130137,0.745141,0.936340,0.226363
648,10.800000,13.432418,69.684845,-8.051849,0.744683,0.938998,0.227364
649,10.816667,12.896276,69.444351,-7.304064,0.745335,0.941919,0.227308
650,10.833333,13.575486,69.123428,-8.818214,0.744412,0.944754,0.228768
651,10.850000,12.866779,68.942535,-7.583632,0.745164,0.947747,0.229152
652,10.866667,13.226156,69.083122,-7.817581,0.745874,0.950807,0.229683
653,10.883333,13.667521,68.737877,-8.847533,0.745235,0.953887,0.231492
654,10.900000,14.469276,68.807793,-8.832038,0.745728,0.956660,0.231039
655,10.916667,15.472288,68.317619,-9.872905,0.745600,0.959507,0.232063
656,10.933333,15.629004,68.284752,-9.977841,0.745801,0.962318,0.232706
657,10.950000,15.321626,68.343735,-9.193978,0.746449,0.964718,0.232961
658,10.966667,14.421270,68.224297,-9.331676,0.746430,0.967368,0.235140
659,10.983333,13.447248,68.136375,-8.336588,0.747233,0.969655,0.236088
660,11.000000,13.888527,67.931686,-9.127849,0.746673,0.971777,0.237079
661,11.016667,12.996911,68.087212,-7.961958,0.747415,0.974280,0.237838
662,11.033333,14.135955,67.789619,-8.686597,0.747724,0.976378,0.237926
663,11.050000,12.659904,67.712860,-7.387066,0.748278,0.978507,0.239131
664,11.066667,13.644783,67.339516,-8.805355,0.747748,0.980640,0.240449
665,11.083333,12.496056,67.464943,-7.268183,0.748867,0.983060,0.241008
666,11.100000,12.046834,67.435715,-7.947892,0.749204,0.985075,0.243268
667,11.116667,12.283415,67.479958,-6.866513,0.750252,0.987028,0.242343
668,11.133333,12.029505,67.140617,-7.739016,0.749872,0.989354,0.245039
669,11.150000,12.427114,66.895981,-8.190043,0.749832,0.992336,0.245664
670,11.166667,11.286652,67.072166,-6.435456,0.751050,0.993896,0.245740
671,11.183333,11.206656,66.965027,-6.863066,0.751094,0.996245,0.246869
672,11.200000,11.197601,66.864700,-7.110151,0.750911,0.997994,0.247747
673,11.216667,11.189209,66.501366,-6.922294,0.751443,0.999701,0.248343
674,11.233333,11.243241,66.615700,-6.235071,0.751896,1.001163,0.247783
675,11.250000,12.235361,66.596939,-7.618888,0.751857,1.002512,0.249804
676,11.266667,12.745763,66.502113,-8.837247,0.751970,1.003410,0.250633
677,11.283333,12.477308,66.251831,-8.026697,0.752434,1.004243,0.250700
678,11.300000,12.905240,66.217949,-8.328242,0.752611,1.004874,0.251319
679,11.316667,12.621857,66.379509,-7.990170,0.753259,1.005441,0.251856
680,11.333333,12.801322,66.298355,-8.034510,0.753684,1.005775,0.251990
681,11.350000,11.757093,66.129753,-6.977013,0.754150,1.005863,0.252258
682,11.366667,11.478636,66.298401,-7.179427,0.754753,1.006003,0.253381
683,11.383333,10.950147,65.972778,-6.125373,0.755454,1.005861,0.253028
684,11.400000,10.672963,65.833420,-6.141064,0.755695,1.005808,0.253949
685,11.416667,10.556922,66.091614,-6.576953,0.756367,1.005513,0.255089
686,11.433333,10.524817,66.019211,-5.887003,0.757328,1.004699,0.254896
687,11.450000,10.417527,65.992851,-6.107750,0.757650,1.003981,0.255715
688,11.466667,11.085552,65.888268,-6.775180,0.757546,1.003536,0.255808
689,11.483333,11.053980,65.813507,-6.923557,0.757909,1.003049,0.256213
690,11.500000,11.477606,65.831429,-7.567059,0.757728,1.002269,0.256245
691,11.516667,10.497818,65.836586,-6.724149,0.758264,1.002262,0.256743
692,11.533333,9.782895,65.900391,-5.818660,0.758950,1.001875,0.256735
693,11.550000,8.900991,65.883743,-4.949094,0.759648,1.001378,0.256827
694,11.566667,8.156775,65.891006,-4.505894,0.759971,1.001198,0.257220
695,11.583333,7.928033,66.008797,-3.612689,0.760830,1.000718,0.256425
696,11.600000,8.198452,65.889946,-4.180672,0.760455,1.000543,0.256924
697,11.616667,8.648965,65.887093,-3.971597,0.760949,1.000088,0.255976
698,11.633333,9.025359,65.967133,-4.428819,0.761138,0.999829,0.256072
699,11.650000,9.770066,65.966560,-4.589333,0.761018,0.999326,0.255112
700,11.666667,9.973797,66.050301,-4.879932,0.761265,0.998642,0.255022
701,11.683333,9.591830,65.972672,-4.217733,0.761440,0.998525,0.254418
702,11.700000,9.517794,66.111343,-4.246930,0.761518,0.998138,0.254160
703,11.716667,10.031345,66.050644,-4.731981,0.761301,0.998002,0.253923
704,11.733333,9.558892,66.023323,-4.227990,0.761397,0.997574,0.253519
705,11.750000,9.685985,66.017082,-4.360795,0.761499,0.997203,0.253170
706,11.766667,10.301223,66.038780,-5.060725,0.761253,0.996635,0.252621
707,11.783333,10.448835,65.856155,-5.015524,0.761446,0.996080,0.252171
708,11.800000,11.383451,65.880554,-6.014121,0.760943,0.995542,0.251886
709,11.816667,10.978290,65.529671,-5.283311,0.761121,0.995350,0.251219
710,11.833333,11.680542,65.496521,-5.983477,0.760653,0.995138,0.251042
711,11.850000,12.540870,65.640053,-7.401562,0.760425,0.994692,0.251018
712,11.866667,12.155286,65.420570,-6.716033,0.760182,0.994183,0.250681
713,11.883333,12.193644,65.502625,-7.054613,0.760020,0.993948,0.250557
714,11.900000,12.377297,65.631355,-7.051550,0.759870,0.993814,0.250033
715,11.916667,12.179397,65.960396,-6.442114,0.760220,0.993327,0.249042
716,11.933333,12.205940,66.026398,-6.380619,0.760193,0.993039,0.248521
717,11.950000,11.872035,66.115616,-6.169258,0.760307,0.992779,0.248351
718,11.966667,12.689340,66.160660,-6.566704,0.760001,0.992438,0.247633
719,11.983333,13.905036,66.000343,-7.790602,0.759353,0.991752,0.247339
720,12.000000,14.288014,66.139572,-8.001262,0.759265,0.991134,0.247058
721,12.016667,14.782341,66.017807,-8.248359,0.759282,0.990472,0.246591
722,12.033333,14.981380,66.028725,-8.636625,0.759062,0.989703,0.246617
723,12.050000,14.738512,66.076477,-8.621028,0.759076,0.988935,0.246691
724,12.066667,14.226980,66.338432,-8.030829,0.759856,0.988135,0.246572
725,12.083333,14.328849,66.336761,-8.697932,0.759524,0.987725,0.247245
726,12.100000,15.145646,66.375351,-10.095401,0.758833,0.986928,0.247715
727,12.116667,15.303392,66.086189,-10.708384,0.758357,0.986367,0.247994
728,12.133333,14.430961,66.280991,-8.913704,0.759847,0.985682,0.247066
729,12.150000,15.124775,66.155785,-9.668277,0.759874,0.985072,0.247082
730,12.166667,15.082670,66.087631,-9.156637,0.760641,0.984296,0.246575
731,12.183333,15.432737,66.223267,-9.780631,0.760993,0.983702,0.247045
732,12.200000,16.385950,66.431862,-10.478249,0.760991,0.983392,0.247015
733,12.216667,16.739161,66.541794,-10.491938,0.761725,0.983066,0.246767
734,12.233333,16.151983,66.614357,-10.176873,0.762338,0.982744,0.247228
735,12.250000,15.614223,66.671776,-9.826905,0.763081,0.982397,0.247626
736,12.266667,15.400118,66.678085,-9.307840,0.763848,0.982285,0.247327
737,12.283333,14.924698,66.717300,-9.635334,0.764375,0.981932,0.248318
738,12.300000,15.363888,66.810204,-10.191550,0.765213,0.981258,0.249166
739,12.316667,15.219863,66.908325,-10.051337,0.766238,0.980487,0.249220
740,12.333333,16.453901,67.120392,-10.768015,0.766682,0.980225,0.249247
741,12.350000,16.706032,67.217583,-11.028898,0.767680,0.980195,0.249793
742,12.366667,16.716928,67.107002,-11.636106,0.768316,0.980417,0.251056
743,12.383333,16.336109,67.271156,-10.352144,0.769848,0.979852,0.250262
744,12.400000,16.094196,67.355377,-10.258636,0.771080,0.979466,0.250867
745,12.416667,15.639006,67.466019,-10.455546,0.772185,0.979207,0.252178
746,12.433333,15.842883,67.806976,-10.537235,0.773676,0.978325,0.252242
747,12.450000,15.185910,67.813255,-9.830883,0.774835,0.978476,0.252569
748,12.466667,15.854644,67.925331,-11.053979,0.775713,0.978152,0.253718
749,12.483333,14.788786,67.827850,-10.501239,0.777163,0.978520,0.255027
750,12.500000,15.234967,68.069725,-10.417734,0.778833,0.978303,0.254746
751,12.516667,15.946986,68.127693,-11.044538,0.780006,0.978101,0.254973
752,12.533333,15.037883,68.331390,-10.450205,0.782383,0.977944,0.255852
753,12.550000,15.891502,68.012726,-10.822260,0.783184,0.978829,0.255775
754,12.566667,15.278074,68.125191,-10.391356,0.784796,0.979014,0.256538
755,12.583333,14.721788,68.355255,-10.094861,0.786882,0.978642,0.257622
756,12.600000,15.413551,68.522095,-10.687415,0.788529,0.979119,0.257620
757,12.616667,14.933323,68.852135,-9.950864,0.790931,0.979190,0.257965
758,12.633333,16.106110,68.388741,-11.348828,0.791279,0.979988,0.258304
759,12.650000,14.956955,68.483131,-10.425339,0.793944,0.980042,0.259137
760,12.666667,14.784467,68.810555,-10.234422,0.795847,0.980696,0.259553
761,12.683333,15.694738,69.062943,-11.037351,0.797843,0.981012,0.259850
762,12.700000,15.244780,69.104897,-11.145440,0.799942,0.981276,0.260822
763,12.716667,16.316149,69.167366,-11.778435,0.801461,0.981937,0.260622
764,12.733333,15.867867,69.101204,-10.685299,0.804233,0.982226,0.260299
765,12.750000,15.703433,69.498810,-10.934656,0.806127,0.982707,0.261082
766,12.766667,15.657664,69.515999,-11.053062,0.808398,0.982875,0.261584
767,12.783333,15.851544,69.573036,-11.008749,0.810526,0.983127,0.261393
768,12.800000,14.929441,69.693001,-10.467168,0.812811,0.983744,0.262548
769,12.816667,14.375257,70.004768,-10.663466,0.815549,0.983504,0.263852
770,12.833333,14.532223,70.044029,-11.124296,0.817465,0.983530,0.263931
771,12.850000,13.524239,69.970787,-9.064112,0.820372,0.983713,0.262882
772,12.866667,15.054251,70.335518,-11.136720,0.822611,0.983358,0.263484
773,12.883333,13.930543,70.270935,-9.201715,0.825855,0.983379,0.262666
774,12.900000,14.132899,70.337105,-9.355813,0.828050,0.983167,0.262876
775,12.916667,14.981074,70.377930,-10.721729,0.830018,0.983403,0.263732
776,12.933333,15.899015,70.615089,-11.682570,0.832031,0.983007,0.263666
777,12.950000,14.776893,70.822830,-10.222468,0.835029,0.982982,0.263163
778,12.966667,15.277520,70.828896,-11.337170,0.837634,0.982468,0.264343
779,12.983333,15.085129,71.119652,-10.419806,0.840252,0.982342,0.263578
780,13.000000,15.259937,71.304848,-10.674708,0.843037,0.982203,0.263502
781,13.016667,14.288074,71.251251,-9.951303,0.845563,0.981613,0.263395
782,13.033333,16.164345,71.526329,-12.087136,0.847472,0.981314,0.263635
783,13.050000,17.587929,71.683968,-13.007609,0.849328,0.980692,0.262479
784,13.066667,15.592812,71.810844,-10.649195,0.853257,0.980521,0.262432
785,13.083333,15.375012,71.917427,-10.478271,0.855788,0.980223,0.262480
786,13.100000,15.136844,72.188049,-10.361837,0.858886,0.979790,0.262662
787,13.116667,15.109847,72.284210,-10.035123,0.861147,0.979099,0.262156
788,13.133333,14.669971,72.297501,-9.425750,0.863946,0.978317,0.261519
789,13.150000,14.634896,72.641258,-9.921735,0.866673,0.978265,0.261999
790,13.166667,13.072351,72.987747,-8.402017,0.869104,0.978124,0.261934
791,13.183333,13.984490,73.145226,-9.142976,0.871169,0.977320,0.261186
792,13.200000,13.314780,73.238190,-8.985686,0.874251,0.977177,0.261581
793,13.216667,13.133545,73.382095,-7.819966,0.876496,0.977022,0.259866
794,13.233333,13.470924,73.994064,-8.749286,0.878620,0.976756,0.261161
795,13.250000,13.066113,73.802650,-8.161385,0.881269,0.976467,0.260389
796,13.266667,12.468846,73.792015,-7.267528,0.884363,0.975995,0.259982
797,13.283333,12.562313,74.069084,-6.929111,0.886502,0.975275,0.259058
798,13.300000,12.879463,73.875740,-7.375682,0.888414,0.975025,0.258731
799,13.316667,13.751713,74.290833,-8.120906,0.890140,0.974716,0.258168
800,13.333333,15.099377,74.547089,-10.010197,0.891725,0.974854,0.259100
801,13.350000,14.938763,74.554138,-10.073062,0.893618,0.974517,0.258862
802,13.366667,13.016386,74.437019,-8.328547,0.895744,0.973948,0.258942
803,13.383333,13.514585,74.979424,-8.524679,0.898278,0.974043,0.258270
804,13.400000,14.158441,74.947464,-9.047271,0.900275,0.973420,0.257788
805,13.416667,14.074954,75.227257,-9.103950,0.901130,0.973677,0.257838
806,13.433333,17.242611,75.262901,-12.026839,0.902344,0.972903,0.257354
807,13.450000,16.750935,75.441582,-10.929995,0.904712,0.972622,0.256442
808,13.466667,17.615021,75.585579,-12.429134,0.905944,0.972868,0.257060
809,13.483333,17.743111,75.771835,-12.424371,0.907578,0.971637,0.256804
810,13.500000,17.613760,75.935425,-12.498334,0.909030,0.971646,0.257072
811,13.516667,19.308401,75.915131,-14.098752,0.909955,0.971427,0.256587
812,13.533333,19.324614,76.136482,-13.548018,0.912031,0.971018,0.255411
813,13.550000,18.765306,76.678024,-13.725657,0.913744,0.970858,0.256784
814,13.566667,20.104362,76.899055,-15.204965,0.914605,0.970702,0.256519
815,13.583333,20.090790,76.859016,-15.107921,0.915508,0.970668,0.256498
816,13.600000,20.535961,76.815331,-15.651525,0.917066,0.970437,0.256202
817,13.616667,21.002380,76.923637,-16.089781,0.919029,0.969793,0.255847
818,13.633333,22.269917,77.072174,-16.754343,0.920284,0.970257,0.254927
819,13.650000,22.741295,77.461815,-17.906765,0.921682,0.970905,0.256357
820,13.666667,23.711115,77.564148,-18.627300,0.922763,0.970543,0.256199
821,13.683333,24.810741,77.845665,-19.352020,0.924167,0.970441,0.255560
822,13.700000,24.726986,77.888985,-19.685694,0.925442,0.969996,0.255406
823,13.716667,25.955769,78.155159,-21.097826,0.926728,0.970205,0.255701
824,13.733333,23.878006,78.287605,-18.420959,0.928708,0.970438,0.254833
825,13.750000,25.400831,78.359451,-20.875275,0.929601,0.970592,0.255911
826,13.766667,26.667936,78.189613,-22.686127,0.930190,0.970467,0.256523
827,13.783333,27.016340,78.769203,-22.921228,0.932008,0.969882,0.256357
828,13.800000,26.147045,79.277100,-21.866661,0.933838,0.969862,0.255856
829,13.816667,25.637232,78.898071,-21.283028,0.934752,0.969836,0.255343
830,13.833333,25.926472,79.207260,-21.624060,0.936935,0.969572,0.255870
831,13.850000,29.921253,79.599205,-25.015833,0.937590,0.969721,0.255121
832,13.866667,29.373352,79.756721,-25.402418,0.939016,0.969109,0.255834
833,13.883333,28.372589,79.767662,-23.768400,0.940575,0.969438,0.255150
834,13.900000,31.035103,80.070274,-26.705818,0.941545,0.969023,0.255087
835,13.916667,30.005650,80.126488,-25.660086,0.943293,0.969072,0.255425
836,13.933333,31.012041,80.559982,-26.052296,0.945001,0.968532,0.254066
837,13.950000,31.561424,80.926277,-27.182175,0.946015,0.968676,0.254694
838,13.966667,33.071255,81.326431,-28.414671,0.947410,0.967725,0.254347
839,13.983333,33.849159,81.027115,-29.323263,0.948599,0.967415,0.253898
840,14.000000,32.196381,81.357773,-27.840601,0.950441,0.966945,0.254372
841,14.016667,34.011898,81.484932,-29.512882,0.952228,0.966510,0.254544
842,14.033333,36.257805,81.646446,-31.124926,0.953089,0.966214,0.253359
843,14.050000,37.238861,81.940170,-32.278912,0.954294,0.965676,0.253415
844,14.066667,34.149128,82.640862,-28.865982,0.956556,0.965582,0.252623
845,14.083333,38.652458,82.304405,-34.270878,0.956508,0.965747,0.253694
846,14.100000,40.167175,82.670303,-35.799625,0.958730,0.965466,0.253584
847,14.116667,41.905140,82.574959,-37.541912,0.959753,0.965399,0.253660
848,14.133333,39.614685,82.803314,-34.671268,0.961497,0.965138,0.252307
849,14.150000,45.258137,82.831192,-40.952862,0.961893,0.966034,0.252872
850,14.166667,42.260014,83.016319,-37.560162,0.963184,0.965615,0.252646
851,14.183333,43.070660,83.599892,-38.054623,0.965417,0.965572,0.251952
852,14.200000,44.614750,83.725304,-39.582481,0.966689,0.965474,0.252061
853,14.216667,48.258648,84.143929,-42.483475,0.968062,0.965276,0.250711
854,14.233333,52.559055,84.264465,-48.094994,0.969081,0.965757,0.252899
855,14.250000,50.673130,84.449364,-46.616158,0.970507,0.965727,0.253427
856,14.266667,50.893307,84.468803,-45.884533,0.971961,0.965208,0.251828
857,14.283333,49.072777,84.752296,-45.009998,0.973169,0.964928,0.252817
858,14.300000,53.309891,84.998009,-48.687862,0.974490,0.964245,0.252167
859,14.316667,53.325294,85.104820,-49.047012,0.975094,0.964538,0.252592
860,14.333333,59.986145,85.538269,-56.081642,0.976784,0.964320,0.253249
861,14.350000,62.092110,85.594757,-58.258358,0.977810,0.963759,0.252969
862,14.366667,64.332870,85.895393,-59.575027,0.978642,0.963450,0.251990
863,14.383333,68.248154,85.900681,-63.282078,0.979572,0.963268,0.251613
864,14.400000,73.694450,85.772942,-68.871017,0.980197,0.963213,0.252209
865,14.416667,74.720795,85.733887,-69.691696,0.980643,0.963101,0.251744
866,14.433333,78.002991,85.727943,-73.490295,0.981814,0.962318,0.252386
867,14.450000,81.444672,85.881317,-77.569328,0.982540,0.962191,0.253295
868,14.466667,85.916969,85.994713,-81.513229,0.983191,0.962204,0.252580
869,14.483333,87.284752,86.151726,-84.109108,0.983993,0.962079,0.254367
870,14.500000,85.543533,87.129829,-81.739388,0.985783,0.962320,0.253690
871,14.516667,86.870720,86.737801,-82.482819,0.985274,0.962151,0.252989
872,14.533333,96.800140,85.997490,-91.384766,0.985107,0.961676,0.251710
873,14.550000,100.494560,86.119240,-95.798576,0.986079,0.961299,0.253384
874,14.566667,98.887421,86.686150,-93.344597,0.986811,0.960539,0.251983
875,14.583333,101.097176,86.444366,-96.040512,0.986939,0.960176,0.253032
876,14.600000,104.236336,86.172264,-99.277100,0.986763,0.959848,0.253392
877,14.616667,107.670387,85.723022,-102.682610,0.986361,0.959508,0.253768
878,14.633333,110.733978,85.677170,-105.915123,0.986277,0.959111,0.254061
879,14.650000,116.637352,86.459885,-111.349609,0.987716,0.958728,0.253631
880,14.666667,114.589249,85.513176,-109.642593,0.986889,0.958870,0.254401
881,14.683333,116.802437,85.305847,-112.058144,0.986832,0.958734,0.255082
882,14.700000,117.810890,85.051453,-113.716545,0.986696,0.958881,0.256586
883,14.716667,120.257843,85.014336,-116.008003,0.986920,0.958772,0.256867
884,14.733333,119.176979,84.703651,-114.659264,0.986231,0.958912,0.257206
885,14.750000,122.872757,84.222313,-118.903023,0.985944,0.959296,0.258499
886,14.766667,123.651299,84.215309,-118.474129,0.985662,0.959671,0.257161
887,14.783333,119.855751,83.899612,-115.328705,0.985373,0.959529,0.258687
888,14.800000,119.256760,83.653984,-115.561554,0.985435,0.959691,0.260300
889,14.816667,120.231522,83.550529,-116.346634,0.985618,0.959846,0.260482
890,14.833333,123.851601,83.382881,-118.936096,0.986410,0.959252,0.259621
891,14.850000,123.258156,83.292603,-119.543381,0.986203,0.959654,0.261845
892,14.866667,123.991882,82.907837,-119.411926,0.985749,0.959214,0.261440
893,14.883333,124.216599,82.598557,-119.526932,0.985306,0.958593,0.261888
894,14.900000,127.227837,82.910660,-121.621506,0.986097,0.958356,0.261653
895,14.916667,127.567429,82.279526,-122.794006,0.985628,0.957706,0.263676
896,14.933333,131.255753,82.212341,-126.255188,0.986330,0.957182,0.264234
897,14.950000,131.046204,82.199577,-125.909760,0.986425,0.956804,0.264713
898,14.966667,132.033173,82.329857,-126.925560,0.986738,0.956321,0.265647
899,14.983333,132.183502,82.220360,-127.119545,0.987366,0.956244,0.266789
900,15.000000,134.560242,82.201508,-129.243103,0.987765,0.956018,0.267520
901,15.016667,136.875702,82.493309,-130.949142,0.988350,0.955358,0.267203
902,15.033333,140.904297,82.358017,-134.961929,0.988916,0.955943,0.268650
903,15.050000,139.638474,81.752792,-134.325165,0.988257,0.956003,0.271167
904,15.066667,140.527451,82.045555,-135.390137,0.989434,0.955421,0.272628
905,15.083333,141.675827,81.874451,-137.093750,0.989998,0.955283,0.274565
906,15.100000,142.729813,81.844337,-136.938492,0.990229,0.955470,0.274397
907,15.116667,143.983932,82.220482,-138.162979,0.991244,0.954549,0.275599
908,15.133333,144.930145,81.860764,-139.666504,0.991705,0.954750,0.278264
909,15.150000,147.301193,81.861893,-141.237823,0.992442,0.954444,0.278969
910,15.166667,147.354309,81.979446,-141.340576,0.992967,0.953511,0.280588
911,15.183333,144.984802,81.504845,-139.513000,0.992739,0.953387,0.283272
912,15.200000,147.179871,81.126587,-141.436829,0.993509,0.952961,0.284128
913,15.216667,148.453461,81.466614,-143.265488,0.994289,0.953334,0.287149
914,15.233333,150.682236,81.277084,-145.540909,0.995401,0.952658,0.288800
915,15.250000,148.712189,81.227989,-143.616013,0.995136,0.952288,0.291325
916,15.266667,153.463760,81.152145,-148.363235,0.996483,0.952584,0.293154
917,15.283333,152.723465,80.982620,-147.771500,0.996554,0.952651,0.295566
918,15.300000,151.040817,80.692520,-145.366714,0.995881,0.952592,0.296924
919,15.316667,152.465012,80.816368,-146.538651,0.996959,0.952378,0.298540
920,15.333333,154.546310,80.575760,-150.205917,0.998214,0.952524,0.303204
921,15.350000,154.261139,80.610031,-148.778671,0.997918,0.952660,0.303827
922,15.366667,152.583221,80.880089,-147.799149,0.997849,0.953100,0.307222
923,15.383333,153.115158,80.419304,-147.851379,0.998121,0.952487,0.309000
924,15.400000,152.642502,80.394722,-148.080994,0.998741,0.952166,0.312489
925,15.416667,154.472778,80.147675,-150.318619,0.998652,0.952758,0.315092
926,15.433333,155.697083,80.372658,-150.750046,0.999323,0.952552,0.317149
927,15.450000,153.577820,80.330719,-149.400940,0.998977,0.953006,0.320709
928,15.466667,156.218292,80.263641,-151.793442,0.999218,0.952935,0.322761
929,15.483333,152.720734,80.148270,-149.258820,0.999367,0.952965,0.326949
930,15.500000,154.803268,79.682251,-151.176056,0.999464,0.952446,0.329385
931,15.516667,153.261078,79.761436,-148.928650,0.999571,0.952092,0.331421
932,15.533333,154.390533,79.404701,-150.900314,0.999563,0.951790,0.335046
933,15.550000,151.919632,79.579437,-149.233109,0.999641,0.951152,0.338407
934,15.566667,152.952164,79.600906,-150.244553,0.999178,0.951233,0.341110
935,15.583333,153.411911,79.582924,-150.329575,0.999146,0.950701,0.343356
936,15.600000,153.722687,79.477722,-150.581345,0.998993,0.950771,0.345685
937,15.616667,155.122894,79.342636,-152.719193,0.999036,0.950465,0.348999
938,15.633333,155.899841,79.593925,-153.749542,0.999322,0.950887,0.352029
939,15.650000,157.088348,79.443626,-153.840240,0.998894,0.950546,0.352992
940,15.666667,154.948318,79.304543,-151.532227,0.998641,0.950482,0.355417
941,15.683333,153.580429,79.151604,-150.989990,0.998322,0.951065,0.359041
942,15.700000,156.198700,79.192986,-153.355606,0.998274,0.951230,0.361280
943,15.716667,155.930954,79.199272,-152.621643,0.997945,0.950896,0.363099
944,15.733333,152.687500,78.668915,-148.812332,0.996583,0.950921,0.364660
945,15.750000,153.994537,79.096123,-151.907227,0.997218,0.951366,0.369168
946,15.766667,153.936050,78.577744,-151.568710,0.997163,0.950999,0.371274
947,15.783333,153.116882,78.790771,-151.123169,0.996788,0.950802,0.373412
948,15.800000,153.209259,78.791954,-150.565186,0.996049,0.950411,0.375139
949,15.816667,152.863037,78.582153,-149.544479,0.995787,0.950269,0.376157
950,15.833333,153.519089,78.702049,-150.544907,0.995631,0.950646,0.379078
951,15.850000,154.065353,78.800583,-150.617340,0.995744,0.949648,0.379770
952,15.866667,154.784119,79.138237,-151.726303,0.995401,0.949302,0.382941
953,15.883333,153.025742,78.558510,-149.978470,0.995262,0.948962,0.384905
954,15.900000,151.781921,78.266693,-149.224243,0.994198,0.948684,0.387362
955,15.916667,152.284561,78.257088,-148.998093,0.993843,0.949255,0.388568
956,15.933333,153.790695,78.135574,-150.317825,0.993806,0.949223,0.389758
957,15.950000,154.579010,78.804482,-151.789917,0.994286,0.949548,0.392339
958,15.966667,152.243362,78.228523,-149.516449,0.993489,0.949039,0.394579
959,15.983333,154.297989,78.495949,-150.800186,0.993162,0.949577,0.395527
960,16.000000,156.218155,78.157806,-153.606415,0.992745,0.949773,0.397731
961,16.016667,154.594604,78.229912,-152.443161,0.992864,0.949818,0.400410
962,16.033333,156.512131,78.092690,-153.908051,0.993352,0.950433,0.401500
963,16.050000,154.938599,78.223900,-152.077103,0.992584,0.951354,0.402963
964,16.066667,154.387314,78.376213,-151.295380,0.991904,0.951606,0.403845
965,16.083333,155.530426,78.441795,-152.602646,0.991957,0.951909,0.405807
966,16.100000,156.588470,78.494247,-154.155731,0.992226,0.952292,0.407811
967,16.116667,155.655457,78.229408,-153.477005,0.991726,0.952455,0.409601
968,16.133333,156.645325,78.137794,-153.802444,0.990940,0.953322,0.410581
969,16.150000,157.787567,78.131683,-154.847610,0.991270,0.953239,0.411625
970,16.166667,157.231293,78.464424,-154.419159,0.990682,0.953581,0.412868
971,16.183333,157.095139,78.465637,-154.535538,0.989585,0.954208,0.414765
972,16.200000,156.477280,78.019432,-153.933594,0.989179,0.954643,0.416173
973,16.216667,155.747498,77.729118,-152.157852,0.988576,0.954648,0.416256
974,16.233333,156.402161,77.919655,-153.074951,0.987944,0.955542,0.417882
975,16.250000,155.188492,78.312874,-151.839890,0.987495,0.955735,0.419230
976,16.266667,155.526352,78.398102,-152.827103,0.987853,0.955042,0.421213
977,16.283333,156.083832,78.260841,-152.784851,0.987409,0.955055,0.421580
978,16.300000,154.795181,78.012856,-152.028030,0.985965,0.956207,0.423703
979,16.316667,152.205566,78.153091,-148.275253,0.984567,0.955646,0.423353
980,16.333333,152.166672,78.241600,-148.382935,0.984012,0.955912,0.424682
981,16.350000,153.626221,77.945618,-150.231277,0.984254,0.955794,0.426566
982,16.366667,152.522675,77.873306,-149.551727,0.983811,0.955261,0.428589
983,16.383333,153.431061,78.208855,-149.877808,0.983286,0.954330,0.428660
984,16.400000,151.924728,78.132942,-148.311462,0.982807,0.953125,0.429759
985,16.416667,153.570496,78.189476,-149.979187,0.983078,0.952376,0.431021
986,16.433333,152.527542,77.936440,-148.833710,0.982374,0.951870,0.432283
987,16.450000,151.722870,78.037811,-147.783493,0.981526,0.950361,0.432668
988,16.466667,152.170380,77.824806,-148.594421,0.982069,0.949437,0.434373
989,16.483333,151.456070,78.029060,-147.523666,0.981482,0.948284,0.435120
990,16.500000,152.486450,78.161827,-149.328461,0.981142,0.947644,0.437180
991,16.516667,153.361069,78.423294,-149.791534,0.981452,0.946034,0.437362
992,16.533333,153.177948,78.413231,-149.409576,0.980763,0.945478,0.438083
993,16.550000,153.310211,78.199326,-150.028610,0.980787,0.944211,0.440207
994,16.566667,152.799469,78.129890,-149.285461,0.980435,0.943222,0.441105
995,16.583333,153.054688,78.170502,-149.396729,0.980409,0.942296,0.441838
996,16.600000,151.304993,78.190613,-147.366684,0.979893,0.941023,0.442417
997,16.616667,150.563034,78.392586,-147.543488,0.979844,0.939853,0.444294
998,16.633333,149.809998,78.052559,-146.583786,0.979372,0.938935,0.445428
999,16.650000,151.583038,78.815086,-147.251450,0.980151,0.938341,0.444849
1000,16.666667,150.182999,78.674812,-146.010986,0.979943,0.937902,0.446469
1001,16.683333,152.091049,78.687675,-148.398666,0.980459,0.937120,0.447934
1002,16.700000,150.899490,78.434319,-147.840134,0.980543,0.936336,0.449840
1003,16.716667,152.464447,78.532112,-149.250748,0.981080,0.936323,0.450896
1004,16.733333,151.328003,78.651695,-148.119843,0.980391,0.935868,0.451772
1005,16.750000,152.020096,78.842598,-148.892578,0.980760,0.935430,0.452437
1006,16.766667,152.462830,78.653839,-148.842926,0.981100,0.934485,0.453107
1007,16.783333,154.303238,79.077499,-149.665543,0.982265,0.933103,0.452215
1008,16.800000,148.017456,78.466911,-144.855423,0.981208,0.933450,0.455831
1009,16.816667,149.280136,78.504829,-146.058517,0.981626,0.933457,0.456685
1010,16.833333,150.507477,79.145180,-147.318497,0.982976,0.932678,0.457210
1011,16.850000,149.194016,79.108177,-145.969833,0.982863,0.932523,0.458024
1012,16.866667,148.184509,78.912094,-145.143036,0.983079,0.932643,0.459097
1013,16.883333,148.128601,79.089478,-145.225189,0.983467,0.932899,0.460048
1014,16.900000,150.111572,79.312515,-147.292435,0.984097,0.933259,0.461079
1015,16.916667,148.377579,79.505898,-144.335815,0.984225,0.933474,0.460055
1016,16.933333,150.181946,79.514763,-146.743057,0.985321,0.933072,0.461691
1017,16.950000,147.679367,79.388596,-144.013168,0.985529,0.933039,0.461889
1018,16.966667,148.661621,79.380661,-145.082611,0.986057,0.933310,0.462574
1019,16.983333,146.284195,79.389633,-142.410141,0.986194,0.933522,0.462763
1020,17.000000,147.233688,79.956161,-144.450241,0.987427,0.933244,0.464940
1021,17.016667,147.857254,79.926414,-144.267365,0.988383,0.933842,0.464633
1022,17.033333,146.606766,79.761276,-143.407669,0.988486,0.934061,0.465708
1023,17.050000,146.038086,79.707069,-143.084549,0.989097,0.933996,0.466725
1024,17.066667,146.791824,79.743477,-144.042267,0.989569,0.933657,0.467367
1025,17.083333,148.972198,80.346504,-146.008133,0.990835,0.932962,0.467292
1026,17.100000,147.435745,80.051292,-144.924622,0.991044,0.933074,0.468471
1027,17.116667,149.456848,80.388062,-146.923904,0.992157,0.933125,0.468834
1028,17.133333,155.524155,80.874275,-152.215546,0.993126,0.932319,0.467568
1029,17.150000,151.849594,80.753395,-148.933670,0.993237,0.932554,0.468863
1030,17.166667,151.234726,80.885208,-148.467133,0.993668,0.932436,0.469053
1031,17.183333,150.370895,81.006561,-147.557037,0.994196,0.932303,0.469240
1032,17.200000,150.458817,81.157669,-147.606308,0.994753,0.932330,0.469323
1033,17.216667,147.964508,81.104492,-144.507278,0.994932,0.931868,0.468793
1034,17.233333,151.521637,81.348801,-148.608826,0.996023,0.931354,0.469505
1035,17.250000,152.059814,81.648216,-148.843323,0.996221,0.930752,0.469281
1036,17.266667,152.482971,81.652115,-148.577087,0.995891,0.930319,0.468214
1037,17.283333,154.406097,82.106537,-151.555771,0.996691,0.930177,0.469536
1038,17.300000,151.534271,82.036514,-148.709824,0.996739,0.929946,0.469360
1039,17.316667,152.671127,82.103783,-148.740906,0.996709,0.929696,0.468034
1040,17.333333,154.845947,82.416801,-152.114319,0.997016,0.930064,0.469526
1041,17.350000,155.909500,82.572708,-152.828674,0.997159,0.930330,0.469025
1042,17.366667,155.673325,82.637665,-152.666885,0.997159,0.930774,0.469044
1043,17.383333,156.110229,82.754959,-153.032104,0.997082,0.931044,0.468844
1044,17.400000,153.686340,82.555374,-150.110199,0.996013,0.931775,0.468152
1045,17.416667,155.433578,82.710136,-152.003372,0.995698,0.931737,0.468471
1046,17.433333,158.497910,83.122955,-155.155899,0.995578,0.932573,0.468609
1047,17.450000,157.706955,82.983620,-153.657272,0.994417,0.932206,0.467000
1048,17.466667,158.849243,83.225288,-155.401199,0.993739,0.932694,0.467840
1049,17.483333,158.100433,83.253181,-154.361649,0.992377,0.932690,0.466808
1050,17.500000,160.961639,83.714912,-157.296631,0.992556,0.933343,0.467051
1051,17.516667,161.230988,83.871994,-156.546432,0.990920,0.933726,0.465692
1052,17.533333,161.560226,83.594719,-157.193115,0.990060,0.934067,0.465808
1053,17.550000,161.134232,83.994537,-156.966293,0.989128,0.934227,0.466225
1054,17.566667,158.561600,84.347328,-154.162918,0.987570,0.933807,0.465523
1055,17.583333,154.326813,84.114372,-150.603806,0.985636,0.934477,0.466383
1056,17.600000,155.860779,83.941338,-151.534576,0.983442,0.934938,0.465654
1057,17.616667,154.613831,84.435509,-150.076828,0.981995,0.934980,0.465046
1058,17.633333,150.580307,84.532104,-146.134323,0.979314,0.935318,0.464755
1059,17.650000,151.181931,84.385872,-147.439575,0.977113,0.935705,0.465886
1060,17.666667,149.971375,84.200951,-145.908661,0.974457,0.936393,0.465205
1061,17.683333,144.990021,84.723526,-141.273514,0.972833,0.936258,0.465744
1062,17.700000,140.339615,84.705734,-136.577728,0.970285,0.936155,0.465630
1063,17.716667,141.897202,84.468376,-137.351151,0.967390,0.936294,0.463931
1064,17.733333,137.360809,84.574379,-133.744537,0.964243,0.937007,0.465400
1065,17.750000,135.413513,84.589035,-131.765121,0.961987,0.937025,0.465381
1066,17.766667,134.015350,84.827316,-128.820160,0.959224,0.936878,0.462520
1067,17.783333,130.958450,84.501106,-126.924370,0.955630,0.937432,0.464555
1068,17.800000,128.090408,84.698975,-123.652214,0.953726,0.937003,0.464103
1069,17.816667,123.633896,84.224449,-119.243858,0.949438,0.936817,0.463554
1070,17.833333,125.207123,84.247726,-122.204010,0.946887,0.936880,0.465540
1071,17.850000,121.734856,84.062103,-117.690063,0.943178,0.936268,0.463805
1072,17.866667,120.486618,84.661743,-115.472832,0.941259,0.935630,0.462051
1073,17.883333,122.380600,84.242119,-117.724144,0.938286,0.935331,0.463042
1074,17.900000,118.001312,84.268631,-113.692772,0.934828,0.934402,0.463241
1075,17.916667,118.340843,84.589386,-113.631149,0.932806,0.934202,0.462890
1076,17.933333,117.201431,84.501236,-112.620224,0.929245,0.933287,0.463011
1077,17.950000,116.194427,84.554413,-111.206230,0.926242,0.932556,0.462450
1078,17.966667,119.275543,84.324982,-114.905464,0.923271,0.932102,0.463203
1079,17.983333,114.255959,84.334038,-109.939392,0.919956,0.930823,0.463134
1080,18.000000,114.144722,84.449615,-109.279762,0.917280,0.930221,0.462475
1081,18.016667,114.103142,84.276459,-109.804291,0.913952,0.930083,0.463319
1082,18.033333,109.561218,84.477570,-104.803993,0.911582,0.929463,0.462855
1083,18.050000,107.743889,84.330284,-102.801086,0.908254,0.928436,0.462367
1084,18.066667,107.220535,84.380814,-103.064415,0.905517,0.928477,0.464042
1085,18.083333,104.120781,84.686714,-98.557503,0.902144,0.928640,0.462033
1086,18.100000,102.358292,84.884453,-97.446671,0.899720,0.927730,0.463008
1087,18.116667,101.539459,84.606216,-97.195229,0.896305,0.927980,0.464126
1088,18.133333,100.351921,84.887581,-94.986626,0.893751,0.927199,0.462928
1089,18.150000,96.863876,84.508743,-91.775391,0.890417,0.926891,0.463584
1090,18.166667,95.265114,84.602478,-89.686867,0.887854,0.926958,0.463464
1091,18.183333,95.636604,84.477295,-90.231926,0.884922,0.925987,0.464003
1092,18.200000,91.604836,84.110847,-86.827705,0.881579,0.926189,0.465637
1093,18.216667,92.510330,84.415443,-86.792900,0.879411,0.926194,0.464548
1094,18.233333,93.514023,84.190170,-88.141373,0.876009,0.925864,0.465760
1095,18.250000,87.202652,84.190132,-81.781647,0.873807,0.925489,0.466087
1096,18.266667,87.897713,85.173317,-82.853416,0.871726,0.925224,0.466999
1097,18.283333,90.056793,84.831367,-84.741089,0.868945,0.925374,0.467749
1098,18.300000,83.237778,84.716354,-77.541985,0.865902,0.925127,0.467224
1099,18.316667,84.836853,84.640030,-79.393242,0.863717,0.924752,0.468570
1100,18.333333,80.818573,85.038765,-75.800781,0.861771,0.924112,0.469689
1101,18.350000,77.126740,85.032608,-71.307823,0.859057,0.923501,0.468861
1102,18.366667,77.486725,84.380196,-72.707825,0.855263,0.923812,0.471196
1103,18.383333,75.079102,84.348717,-70.234299,0.852828,0.923583,0.472013
1104,18.400000,76.294868,84.194878,-71.414063,0.850087,0.922728,0.472657
1105,18.416667,70.487564,84.324692,-65.299438,0.847404,0.923005,0.473094
1106,18.433333,71.223724,83.695518,-66.797943,0.844416,0.922476,0.474568
1107,18.450000,72.006004,83.922264,-66.977058,0.841925,0.922988,0.475003
1108,18.466667,67.378761,84.374779,-62.437710,0.840639,0.922721,0.476095
1109,18.483333,67.135849,83.898643,-62.430069,0.837473,0.921852,0.476820
1110,18.500000,64.668854,83.876404,-60.596497,0.835428,0.922212,0.478617
1111,18.516667,62.198826,84.165787,-57.424835,0.833871,0.922392,0.478419
1112,18.533333,59.714535,83.917419,-55.630535,0.831169,0.922013,0.480535
1113,18.550000,57.323025,83.976830,-53.344246,0.828760,0.922244,0.481347
1114,18.566667,55.889637,83.597893,-52.280056,0.826426,0.921287,0.482549
1115,18.583333,54.755077,83.374435,-50.484566,0.823663,0.921328,0.482454
1116,18.600000,54.845547,83.564117,-51.141129,0.821687,0.921594,0.484228
1117,18.616667,51.309891,83.411873,-47.779121,0.819672,0.920605,0.484732
1118,18.633333,50.036121,83.421127,-46.020863,0.817813,0.921231,0.484851
1119,18.650000,48.645443,83.326775,-43.823906,0.814728,0.921577,0.484391
1120,18.666667,49.513767,83.197121,-45.518311,0.812416,0.922122,0.486369
1121,18.683333,47.423286,82.943153,-44.102573,0.810697,0.921873,0.488226
1122,18.700000,44.183632,82.877251,-40.857853,0.807906,0.922157,0.488952
1123,18.716667,45.046669,82.295441,-41.845440,0.805434,0.921588,0.489757
1124,18.733333,43.725235,82.437599,-40.537128,0.804177,0.921727,0.490168
1125,18.750000,44.592926,82.344246,-40.923359,0.801461,0.922194,0.489963
1126,18.766667,42.050552,81.867233,-38.814388,0.799165,0.922038,0.491200
1127,18.783333,39.858101,82.124123,-36.630627,0.797310,0.921686,0.491571
1128,18.800000,38.150314,81.809837,-35.262501,0.795441,0.921226,0.492336
1129,18.816667,36.916031,81.705627,-33.897842,0.793471,0.921851,0.492797
1130,18.833333,35.417542,81.541168,-31.678675,0.791137,0.921778,0.492325
1131,18.850000,35.607010,81.781738,-32.264053,0.789454,0.921396,0.493465
1132,18.866667,31.752987,81.493660,-27.134394,0.788163,0.920497,0.490888
1133,18.883333,31.929899,81.087463,-28.511797,0.785129,0.920832,0.493150
1134,18.900000,34.181789,80.591888,-31.380754,0.782407,0.920632,0.493670
1135,18.916667,28.017220,80.790977,-24.190947,0.781746,0.920510,0.492963
1136,18.933333,30.330042,80.550377,-26.234459,0.778787,0.920157,0.492545
1137,18.950000,31.731131,80.328186,-27.332176,0.777123,0.918841,0.492142
1138,18.966667,25.647608,79.785957,-21.736544,0.775633,0.919035,0.492900
1139,18.983333,27.889528,79.951218,-23.725191,0.773006,0.919859,0.492869
1140,19.000000,28.252945,79.693245,-24.633863,0.770337,0.918975,0.493230
1141,19.016667,26.194750,79.431213,-22.335316,0.768920,0.918598,0.492933
1142,19.033333,25.004539,78.940163,-21.882032,0.766367,0.918614,0.494161
1143,19.050000,25.844933,78.966957,-22.354900,0.764210,0.918213,0.493112
1144,19.066667,25.855122,78.577362,-21.421400,0.762056,0.918430,0.491403
1145,19.083333,22.843237,78.335640,-18.365652,0.761056,0.918073,0.491387
1146,19.100000,25.435452,78.335907,-21.687532,0.757937,0.917518,0.492298
1147,19.116667,24.033552,77.881325,-19.560093,0.755876,0.917179,0.490993
1148,19.133333,24.199781,77.744858,-19.914177,0.754008,0.917096,0.491059
1149,19.150000,23.098316,77.264565,-18.394670,0.752113,0.916519,0.490759
1150,19.166667,24.628769,77.108521,-19.952337,0.749678,0.916990,0.490565
1151,19.183333,21.961769,76.819893,-16.965513,0.747830,0.917066,0.489655
1152,19.200000,19.920013,76.761497,-15.767385,0.746089,0.917564,0.490505
1153,19.216667,22.278105,76.528824,-17.811861,0.743755,0.917266,0.489838
1154,19.233333,21.720350,76.019577,-16.235649,0.741711,0.917281,0.488868
1155,19.250000,18.350613,75.673302,-13.205236,0.740446,0.916923,0.488597
1156,19.266667,21.292875,75.661552,-15.816447,0.738081,0.916344,0.487765
1157,19.283333,22.017715,75.202057,-17.343063,0.735031,0.916534,0.488711
1158,19.300000,19.786036,75.168564,-14.720342,0.734188,0.916221,0.488153
1159,19.316667,19.546574,74.655151,-14.396697,0.731603,0.916477,0.487919
1160,19.333333,18.766684,74.711037,-14.124737,0.730193,0.916187,0.488163
1161,19.350000,20.037090,74.201866,-15.349029,0.727299,0.915681,0.488035
1162,19.366667,20.619848,73.961746,-16.348978,0.725110,0.915680,0.488195
1163,19.383333,20.468056,73.611946,-15.434364,0.723465,0.915739,0.487021
1164,19.400000,17.646872,73.917244,-11.976212,0.722747,0.914772,0.486596
1165,19.416667,18.497259,73.258636,-14.248412,0.720400,0.914688,0.488311
1166,19.433333,20.025530,72.858253,-15.438898,0.717887,0.914643,0.487261
1167,19.450000,19.253386,72.560944,-14.817607,0.715848,0.914453,0.487536
1168,19.466667,20.679691,72.330704,-16.341373,0.713741,0.914119,0.487401
1169,19.483333,18.726746,72.078941,-13.222012,0.713210,0.914656,0.486402
1170,19.500000,18.281853,72.049782,-13.595360,0.711665,0.914685,0.487174
1171,19.516667,19.076897,71.532486,-13.666674,0.709701,0.914427,0.486239
1172,19.533333,17.643581,71.343201,-13.354551,0.708021,0.914521,0.487631
1173,19.550000,18.050005,71.220695,-12.767018,0.706789,0.914844,0.486243
1174,19.566667,19.863857,70.782516,-14.237796,0.704832,0.915018,0.486029
1175,19.583333,18.798420,70.565964,-14.445828,0.703683,0.915459,0.487452
1176,19.600000,20.188532,70.137993,-14.995690,0.701341,0.915586,0.486381
1177,19.616667,19.771154,69.666328,-14.455819,0.700556,0.915878,0.486355
1178,19.633333,18.667305,69.596779,-14.043076,0.699636,0.916350,0.487083
1179,19.650000,19.617146,69.201973,-13.945299,0.698852,0.916367,0.486007
1180,19.666667,19.003325,68.821472,-14.029716,0.697079,0.916802,0.486896
1181,19.683333,19.233892,68.841682,-14.137734,0.696075,0.917183,0.486759
1182,19.700000,17.720984,68.741302,-12.708106,0.696071,0.917232,0.487106
1183,19.716667,16.971739,68.712212,-11.732805,0.695875,0.917313,0.487144
1184,19.733333,16.554134,68.243668,-10.894247,0.695274,0.917459,0.486844
1185,19.750000,15.978024,68.209572,-10.472660,0.694837,0.917588,0.487109
1186,19.766667,15.928461,67.737801,-11.266551,0.693803,0.917184,0.488371
1187,19.783333,16.057051,67.809998,-10.818498,0.694027,0.916718,0.487747
1188,19.800000,16.708746,67.568527,-11.865144,0.693107,0.916897,0.488602
1189,19.816667,16.369919,67.144745,-11.142327,0.692827,0.916277,0.488177
1190,19.833333,16.200560,67.021652,-11.672114,0.691913,0.916133,0.489375
1191,19.850000,15.692088,66.915306,-10.939706,0.691745,0.915779,0.489440
1192,19.866667,15.091929,66.683380,-9.963675,0.691739,0.915184,0.489115
1193,19.883333,14.824508,66.557213,-9.466240,0.691810,0.914622,0.489090
1194,19.900000,14.456474,66.603119,-9.169480,0.692060,0.914232,0.489567
1195,19.916667,13.894033,66.189445,-8.827665,0.692150,0.913672,0.489821
1196,19.933333,14.128864,66.137398,-8.758709,0.692206,0.913186,0.489660
1197,19.950000,13.979513,65.887421,-7.881804,0.692777,0.912369,0.488827
1198,19.966667,14.084225,65.726410,-8.148388,0.692790,0.912093,0.489587
1199,19.983333,13.648767,65.530487,-7.570705,0.693204,0.911979,0.489765
1200,20.000000,13.056314,65.206963,-6.968143,0.693896,0.911279,0.489949
1201,20.016667,13.343075,65.078110,-7.413039,0.693495,0.911652,0.490474
1202,20.033333,12.652978,64.825043,-6.805812,0.693879,0.911696,0.491032
1203,20.050000,12.030516,64.654068,-6.055133,0.694474,0.911864,0.491249
1204,20.066667,12.549378,64.746506,-6.830154,0.693910,0.911799,0.491820
1205,20.083333,12.079487,64.557640,-6.580245,0.694245,0.911765,0.492322
1206,20.100000,12.209286,64.254524,-6.753611,0.694550,0.911722,0.492427
1207,20.116667,12.129720,64.059937,-6.620945,0.694919,0.911732,0.492654
1208,20.133333,11.751597,64.133965,-6.244072,0.695295,0.911193,0.493356
1209,20.150000,11.857943,64.117012,-6.404791,0.695501,0.910936,0.493493
1210,20.166667,11.001741,63.837696,-5.435662,0.696607,0.910927,0.493858
1211,20.183333,11.787238,63.740356,-6.721240,0.695887,0.910412,0.494239
1212,20.200000,10.466271,63.368919,-4.932389,0.697526,0.910550,0.494074
1213,20.216667,10.282320,63.300842,-4.942130,0.697664,0.910182,0.494402
1214,20.233333,9.770705,63.157730,-4.647410,0.698106,0.909896,0.494808
1215,20.250000,9.440346,63.065727,-4.433509,0.698450,0.909853,0.495023
1216,20.266667,9.382051,62.961700,-4.306697,0.698927,0.909949,0.494823
1217,20.283333,9.382453,62.784119,-4.381118,0.699144,0.910311,0.494908
1218,20.300000,9.274669,62.597740,-4.453569,0.699533,0.910457,0.494987
1219,20.316667,9.286202,62.546516,-4.453680,0.699885,0.910616,0.494834
1220,20.333333,10.177109,62.336018,-5.660540,0.699216,0.911358,0.494937
1221,20.350000,9.990745,62.247715,-5.225222,0.700229,0.911579,0.494496
1222,20.366667,9.807073,62.085258,-4.869122,0.700971,0.912665,0.494324
1223,20.383333,8.718474,61.916443,-4.170135,0.701454,0.913138,0.494183
1224,20.400000,9.278194,61.993107,-5.063089,0.701130,0.913203,0.494333
1225,20.416667,8.502406,61.984760,-3.661148,0.702358,0.913975,0.493721
1226,20.433333,8.396364,61.874146,-3.677957,0.702724,0.914331,0.493195
1227,20.450000,7.903500,61.750553,-3.138803,0.703523,0.914875,0.492519
1228,20.466667,7.601508,61.481960,-3.911937,0.703431,0.915302,0.493128
1229,20.483333,8.102888,61.129448,-3.906672,0.703391,0.915578,0.491821
1230,20.500000,8.886983,60.930485,-4.700188,0.703287,0.916090,0.491080
1231,20.516667,9.121579,60.770672,-4.995227,0.703433,0.916094,0.490416
1232,20.533333,8.959536,60.397198,-5.050620,0.704033,0.916057,0.489795
1233,20.550000,9.067906,60.621700,-4.790704,0.704545,0.916389,0.488777
1234,20.566667,9.403231,60.626358,-5.492548,0.704424,0.916910,0.488247
1235,20.583333,8.719204,60.756939,-4.567614,0.705283,0.917376,0.486656
1236,20.600000,8.235550,60.376907,-5.311917,0.705619,0.917354,0.486797
1237,20.616667,8.212998,60.374912,-5.037728,0.706549,0.917391,0.485407
1238,20.633333,8.922759,60.271694,-4.479583,0.706732,0.917789,0.482496
1239,20.650000,9.692232,60.277336,-5.394568,0.706514,0.918240,0.481176
1240,20.666667,10.646277,60.140316,-6.558707,0.706015,0.918891,0.480093
1241,20.683333,11.195874,59.853828,-7.200238,0.706155,0.918736,0.478552
1242,20.700000,11.277489,60.288422,-6.498621,0.708027,0.919112,0.476477
1243,20.716667,11.217072,60.091595,-7.250237,0.708448,0.919114,0.475660
1244,20.733333,10.393589,59.977264,-6.620800,0.709633,0.919380,0.474700
1245,20.750000,9.718669,60.506638,-4.081869,0.712543,0.918419,0.471332
1246,20.766667,10.735283,59.839088,-6.330615,0.711452,0.918591,0.470571
1247,20.783333,11.019234,60.037643,-6.391546,0.712237,0.919024,0.468731
1248,20.800000,11.787232,59.881710,-6.975286,0.712427,0.918890,0.466299
1249,20.816667,11.258738,59.948429,-7.342153,0.713611,0.918539,0.465778
1250,20.833333,10.090805,59.502518,-6.231205,0.715076,0.917922,0.464152
1251,20.850000,11.451878,59.696651,-6.727526,0.716046,0.917754,0.461255
1252,20.866667,11.440027,59.500839,-7.250777,0.717429,0.917019,0.460029
1253,20.883333,10.293546,60.012569,-5.085620,0.720297,0.916105,0.457423
1254,20.900000,11.379967,59.401310,-6.757435,0.720314,0.916221,0.456086
1255,20.916667,12.036603,59.288841,-6.565089,0.722047,0.916090,0.452799
1256,20.933333,12.589640,59.571339,-6.994108,0.723320,0.915743,0.450898
1257,20.950000,12.575331,59.940601,-6.893471,0.724745,0.915386,0.448895
1258,20.966667,11.861648,59.683975,-7.190992,0.726158,0.914729,0.448369
1259,20.983333,11.961839,59.533562,-7.031034,0.728143,0.914879,0.445837
1260,21.000000,12.916965,59.762310,-7.573653,0.729826,0.914271,0.443310
1261,21.016667,11.185882,59.787159,-5.264767,0.733113,0.914249,0.440845
1262,21.033333,12.558241,59.966194,-6.460916,0.734121,0.914178,0.438574
1263,21.050000,11.590860,59.880733,-6.435411,0.736100,0.913935,0.438252
1264,21.066667,11.666044,59.737469,-6.317684,0.738268,0.913823,0.435437
1265,21.083333,12.492297,59.814896,-7.240885,0.739696,0.913472,0.433896
1266,21.100000,10.726761,59.694359,-5.112380,0.743483,0.912971,0.431715
1267,21.116667,11.615945,60.384895,-5.188921,0.746044,0.912966,0.429012
1268,21.133333,11.376858,60.173946,-6.133908,0.747023,0.912523,0.428585
1269,21.150000,11.887848,60.214592,-5.997444,0.749777,0.912344,0.425596
1270,21.166667,11.345053,60.323315,-6.237109,0.751981,0.912444,0.424924
1271,21.183333,12.441690,60.257103,-7.040764,0.754096,0.912162,0.422590
1272,21.200000,12.236711,60.150131,-6.598863,0.756596,0.912023,0.420386
1273,21.216667,11.794307,60.522648,-6.485339,0.759760,0.912075,0.419147
1274,21.233333,13.059737,60.361004,-7.611191,0.761515,0.912378,0.417158
1275,21.250000,12.855410,60.506351,-6.890456,0.764850,0.911859,0.414382
1276,21.266667,13.100613,60.589085,-7.364416,0.767064,0.912737,0.413059
1277,21.283333,12.472576,60.669956,-7.210071,0.770068,0.912616,0.412058
1278,21.300000,12.387829,60.566212,-6.825696,0.773014,0.913218,0.409992
1279,21.316667,11.906477,60.603489,-5.330952,0.777478,0.913735,0.407275
1280,21.333333,12.122300,60.921455,-6.533437,0.779596,0.914134,0.406576
1281,21.350000,11.116630,60.956818,-5.265584,0.783107,0.914600,0.404658
1282,21.366667,12.470023,61.214115,-6.876689,0.785379,0.914600,0.403159
1283,21.383333,12.234982,61.339626,-6.668471,0.788214,0.915615,0.401816
1284,21.400000,11.238883,61.707134,-5.061188,0.792775,0.915404,0.399585
1285,21.416667,11.726253,61.788425,-5.858305,0.795420,0.915913,0.398238
1286,21.433333,10.681986,61.693848,-4.878221,0.798669,0.915804,0.396868
1287,21.450000,10.891094,62.028267,-5.605452,0.801122,0.915801,0.396011
1288,21.466667,9.500597,61.843681,-3.442833,0.805442,0.915396,0.393749
1289,21.483333,9.728689,62.138432,-3.534539,0.808640,0.914836,0.392314
1290,21.500000,8.303531,62.666885,-3.209534,0.811681,0.914573,0.392315
1291,21.516667,7.258906,62.738251,-0.685151,0.815770,0.914020,0.388747
1292,21.533333,7.065088,62.761276,-1.618826,0.818188,0.914508,0.388622
1293,21.550000,6.860955,63.055397,-1.269923,0.821058,0.913831,0.387025
1294,21.566667,6.422663,63.168076,-0.941048,0.823725,0.913919,0.385471
1295,21.583333,8.089673,63.264977,-3.373978,0.825114,0.913218,0.384785
1296,21.600000,6.882904,63.448586,-1.621536,0.829157,0.913359,0.382858
1297,21.616667,7.578411,63.818291,-2.336438,0.831089,0.913017,0.381337
1298,21.633333,6.816071,63.994045,0.346947,0.835355,0.913159,0.377594
1299,21.650000,6.765400,64.071754,-1.141499,0.836690,0.913430,0.377823
1300,21.666667,5.309939,64.198631,-1.128010,0.838458,0.912480,0.377720
1301,21.683333,5.282200,64.611076,0.312344,0.841197,0.912284,0.374622
1302,21.700000,4.768365,64.626610,0.102529,0.843196,0.911613,0.373494
1303,21.716667,4.391709,64.636330,0.237743,0.844943,0.911346,0.371831
1304,21.733333,4.379486,65.050507,-0.260394,0.846027,0.910782,0.370562
1305,21.750000,2.286494,65.046158,1.559569,0.848830,0.909321,0.369321
1306,21.766667,0.834450,65.516853,2.804107,0.850466,0.908856,0.367506
1307,21.783333,0.027067,65.757317,3.845427,0.851991,0.907817,0.364893
1308,21.800000,-0.452719,66.061501,3.331747,0.852298,0.906084,0.363738
1309,21.816667,-3.379259,66.235458,5.893202,0.854027,0.905701,0.362175
1310,21.833333,-5.280033,66.104347,8.199400,0.855303,0.904910,0.359038
1311,21.850000,-4.057780,66.807053,6.298563,0.854725,0.903891,0.356691
1312,21.866667,-4.707331,66.844444,6.619932,0.854417,0.903615,0.353983
1313,21.883333,-6.823406,66.864983,8.706359,0.855396,0.902591,0.351247
1314,21.900000,-7.961282,67.393806,10.320560,0.855563,0.901451,0.346934
1315,21.916667,-8.383510,67.191452,9.759393,0.853973,0.900364,0.344806
1316,21.933333,-8.765272,67.466972,9.365331,0.852333,0.899250,0.341367
1317,21.950000,-10.507518,67.611900,10.988108,0.851819,0.897695,0.337883
1318,21.966667,-11.330478,67.890999,11.722497,0.850022,0.895659,0.333452
1319,21.983333,-12.111736,67.836159,11.684757,0.847830,0.893922,0.329718
1320,22.000000,-12.872300,67.921814,12.348700,0.845599,0.891645,0.324751
1321,22.016667,-12.441571,68.314331,11.613634,0.842436,0.889162,0.319958
1322,22.033333,-11.389505,68.751541,10.561536,0.839053,0.886452,0.314358
1323,22.050000,-10.163040,68.840721,9.243482,0.835670,0.883085,0.308517
1324,22.066667,-9.749843,68.805565,8.450315,0.831857,0.879662,0.303271
1325,22.083333,-7.841923,69.302521,7.367678,0.827797,0.875792,0.295502
1326,22.100000,-7.169537,69.412445,6.058763,0.824208,0.871321,0.290050
1327,22.116667,-5.553849,69.838402,5.186732,0.819386,0.867290,0.282265
1328,22.133333,-4.299551,70.031860,4.180949,0.815179,0.862328,0.274248
1329,22.150000,-2.996732,70.319000,2.665289,0.809853,0.858110,0.267240
1330,22.166667,-3.287008,70.219055,2.544372,0.805044,0.853538,0.259817
1331,22.183333,-3.154076,70.869820,2.657609,0.799862,0.848819,0.251451
1332,22.200000,-2.782563,71.241287,1.986553,0.794692,0.844581,0.243329
1333,22.216667,-2.214715,71.312943,1.027189,0.788832,0.840558,0.235137
1334,22.233333,-1.299219,71.713165,1.704888,0.783052,0.835969,0.224173
1335,22.250000,-1.155397,71.815483,0.867188,0.777004,0.831427,0.215603
1336,22.266667,-1.195729,72.180664,1.415800,0.771566,0.827112,0.205653
1337,22.283333,0.055283,72.397552,0.214973,0.764727,0.823066,0.195627
1338,22.300000,2.797254,72.482880,-3.094360,0.757411,0.818631,0.185955
1339,22.316667,2.234107,72.738297,-1.215884,0.751726,0.815838,0.174233
1340,22.333333,2.863053,73.017380,-2.827670,0.744355,0.811920,0.164661
1341,22.350000,3.127310,73.428818,-1.907564,0.738064,0.808739,0.152349
1342,22.366667,5.902663,73.607292,-4.929095,0.730281,0.805686,0.141470
1343,22.383333,6.495069,73.560410,-5.984808,0.722781,0.802934,0.130974
1344,22.400000,6.077867,73.476372,-4.758684,0.716671,0.800537,0.118737
1345,22.416667,9.677234,73.873497,-7.613103,0.708756,0.798221,0.105996
1346,22.433333,10.162185,73.812523,-7.712151,0.701239,0.796542,0.094224
1347,22.450000,13.569504,73.782433,-10.811741,0.693565,0.794147,0.081978
1348,22.466667,17.105659,73.678711,-14.111411,0.685210,0.791937,0.069432
1349,22.483333,17.910540,73.797951,-14.041136,0.677945,0.790375,0.056615
1350,22.500000,19.876604,73.697014,-15.798542,0.670402,0.788532,0.044201
1351,22.516667,20.862381,73.683449,-16.820570,0.663122,0.786983,0.031952
1352,22.533333,22.570038,73.358162,-18.339752,0.655374,0.785647,0.019125
1353,22.550000,25.720436,73.434441,-21.252466,0.647382,0.785639,0.006869
1354,22.566667,26.953392,73.476494,-21.859882,0.640855,0.784815,-0.006288
1355,22.583333,29.881794,73.011963,-24.276842,0.633027,0.784903,-0.018966
1356,22.600000,32.862289,73.013428,-26.906000,0.626278,0.784829,-0.031658
1357,22.616667,35.839584,72.280540,-30.211754,0.618803,0.785642,-0.042980
1358,22.633333,39.375671,71.260117,-33.303310,0.611893,0.786961,-0.055820
1359,22.650000,42.300385,70.161255,-36.785912,0.604765,0.788177,-0.067338
1360,22.666667,45.579639,69.611938,-39.106171,0.599219,0.789453,-0.079940
1361,22.683333,46.359703,69.338562,-39.820244,0.594308,0.790625,-0.092458
1362,22.700000,47.631317,68.695557,-41.766422,0.588918,0.792364,-0.102774
1363,22.716667,48.156124,68.707352,-42.046227,0.584986,0.793978,-0.114887
1364,22.733333,49.373592,68.503380,-44.208447,0.581086,0.796263,-0.125319
1365,22.750000,49.112637,68.242607,-43.952255,0.578459,0.797346,-0.137002
1366,22.766667,49.596161,68.132149,-44.623749,0.576020,0.798980,-0.148407
1367,22.783333,50.612377,68.341545,-46.189125,0.573796,0.800036,-0.158594
1368,22.800000,51.186256,68.533287,-46.027168,0.572397,0.801661,-0.170385
1369,22.816667,50.152870,68.784241,-45.427494,0.571347,0.801715,-0.180807
1370,22.833333,47.801426,69.928574,-41.834572,0.572157,0.801696,-0.192519
1371,22.850000,45.416340,71.342194,-38.674980,0.573129,0.800980,-0.203267
1372,22.866667,41.632183,72.828682,-33.931316,0.574407,0.799952,-0.213959
1373,22.883333,38.076992,74.245987,-28.384647,0.575464,0.799287,-0.226366
1374,22.900000,29.071163,76.055542,-18.544270,0.578071,0.797309,-0.236143
1375,22.916667,23.557159,76.629425,-11.396605,0.579745,0.795776,-0.247987
1376,22.933333,20.940409,77.193138,-8.755931,0.580484,0.794412,-0.257327
1377,22.950000,12.927121,77.223145,-0.040485,0.584063,0.791023,-0.267635
1378,22.966667,21.166994,77.598824,-10.053385,0.579743,0.790112,-0.274464
1379,22.983333,13.719326,77.491440,-1.366957,0.582980,0.789057,-0.285006
1380,23.000000,12.367285,77.596680,0.125923,0.582438,0.787407,-0.292828
1381,23.016667,5.962737,77.777763,6.327668,0.583493,0.785889,-0.300490
1382,23.033333,0.795456,77.968155,11.646216,0.583604,0.783662,-0.308044
1383,23.050000,-3.431541,77.933815,15.711034,0.582912,0.781488,-0.314970
1384,23.066667,-8.413600,77.879929,21.642120,0.583212,0.779845,-0.322889
1385,23.083333,-10.731192,77.602615,23.180918,0.582127,0.776886,-0.329036
1386,23.100000,-11.274306,77.603134,23.225254,0.580297,0.773642,-0.335244
1387,23.116667,-8.418898,77.628326,19.490669,0.577823,0.770092,-0.340938
1388,23.133333,-5.513958,77.402214,15.521297,0.575056,0.766311,-0.346593
1389,23.150000,-3.877501,77.258644,13.357767,0.572933,0.762403,-0.352255
1390,23.166667,-0.540499,77.468338,9.541154,0.569081,0.758178,-0.357832
1391,23.183333,0.874284,77.069786,6.582399,0.565001,0.753331,-0.361141
1392,23.200000,-0.655395,77.347137,9.209940,0.561979,0.750284,-0.367624
1393,23.216667,-0.213805,77.456062,9.641287,0.557577,0.747495,-0.373554
1394,23.233333,-7.764167,76.906837,18.035555,0.555972,0.744326,-0.379114
1395,23.250000,-3.403313,77.084061,13.762753,0.550123,0.742468,-0.383477
1396,23.266667,-1.912943,77.063759,12.615088,0.545031,0.740852,-0.388064
1397,23.283333,6.875720,76.590973,3.132118,0.537192,0.738869,-0.391205
1398,23.300000,5.733952,76.318420,3.404330,0.533407,0.737212,-0.394722
1399,23.316667,11.243822,76.348160,-1.985807,0.526042,0.737164,-0.398618
1400,23.333333,14.703731,75.873367,-5.826564,0.519509,0.736258,-0.401592
1401,23.350000,20.163830,75.764023,-10.531013,0.512027,0.736355,-0.405720
1402,23.366667,18.527781,75.472343,-8.259215,0.507012,0.735567,-0.409382
1403,23.383333,19.092554,75.347275,-8.740421,0.500916,0.734764,-0.411872
1404,23.400000,21.604315,74.925896,-10.687883,0.494317,0.733348,-0.415158
1405,23.416667,22.242092,74.296440,-11.905316,0.487461,0.732609,-0.416152
1406,23.433333,25.788469,73.989815,-14.535767,0.480956,0.731549,-0.419723
1407,23.450000,29.808868,73.100716,-19.234026,0.473467,0.730075,-0.420713
1408,23.466667,30.777147,72.710625,-20.261724,0.467394,0.728618,-0.422310
1409,23.483333,35.069557,72.031487,-24.995661,0.459895,0.727084,-0.422920
1410,23.500000,36.510368,71.218285,-26.236231,0.452781,0.726293,-0.424584
1411,23.516667,35.493000,71.047020,-25.978708,0.448342,0.722042,-0.424583
1412,23.533333,35.496277,70.603813,-25.535152,0.442999,0.719363,-0.425773
1413,23.550000,35.637115,70.185585,-25.910097,0.437322,0.715506,-0.425796
1414,23.566667,35.984337,69.713570,-26.454531,0.432255,0.711360,-0.425983
1415,23.583333,36.611858,69.018318,-27.257507,0.426387,0.706831,-0.425525
1416,23.600000,37.816887,68.215858,-29.441893,0.420928,0.701166,-0.424808
1417,23.616667,37.412136,68.077881,-29.000471,0.416986,0.695366,-0.424476
1418,23.633333,38.037964,67.546402,-29.208181,0.412951,0.690449,-0.424414
1419,23.650000,37.385876,67.219795,-30.576603,0.408222,0.684787,-0.421238
1420,23.666667,37.438438,67.029182,-29.499847,0.405332,0.679819,-0.422473
1421,23.683333,34.775982,66.378258,-28.799629,0.402602,0.672877,-0.419478
1422,23.700000,31.958391,67.470108,-26.151554,0.401151,0.667121,-0.418197
1423,23.716667,29.832840,66.916306,-25.039188,0.398188,0.662677,-0.415576
1424,23.733333,28.054228,67.251228,-23.228437,0.396833,0.656933,-0.414803
1425,23.750000,25.521683,67.291565,-22.213371,0.395138,0.651208,-0.411839
1426,23.766667,23.905161,66.974571,-22.038328,0.393753,0.644706,-0.409090
1427,23.783333,21.506510,67.151482,-18.532333,0.393824,0.639282,-0.409565
1428,23.800000,18.959408,67.007164,-18.403204,0.392850,0.632550,-0.406165
1429,23.816667,17.814236,66.635681,-17.688068,0.392287,0.626812,-0.405221
1430,23.833333,15.355222,66.323288,-15.555723,0.392227,0.620688,-0.404161
1431,23.850000,14.210824,65.840164,-15.736024,0.390987,0.614031,-0.402410
1432,23.866667,10.724159,66.323013,-11.593107,0.392183,0.607051,-0.402752
1433,23.883333,9.680736,65.670815,-11.735749,0.391465,0.599988,-0.401230
1434,23.900000,6.909101,65.652336,-8.964917,0.391770,0.593439,-0.401172
1435,23.916667,5.722352,65.512680,-7.092849,0.392131,0.587915,-0.402639
1436,23.933333,5.221189,64.948486,-6.382856,0.392685,0.583375,-0.403756
1437,23.950000,4.744038,64.299072,-6.193305,0.392848,0.580260,-0.404988
1438,23.966667,4.159114,63.978382,-5.318985,0.392931,0.578447,-0.407316
1439,23.983333,3.587015,63.655384,-4.951663,0.392938,0.577850,-0.409608
1440,24.000000,2.603326,62.771862,-4.461161,0.392702,0.577465,-0.411612
1441,24.016667,2.077963,62.159401,-3.737530,0.392804,0.577782,-0.415531
1442,24.033333,1.324449,61.931095,-1.807114,0.393108,0.577830,-0.420188
1443,24.050000,-0.983216,61.178211,-0.561163,0.393459,0.577097,-0.422231
1444,24.066667,-1.548896,60.999840,1.728279,0.393957,0.577055,-0.427889
1445,24.083333,-1.559751,60.595261,3.494469,0.394060,0.577392,-0.433470
1446,24.100000,-0.278408,60.120747,2.476442,0.392577,0.575879,-0.437743
1447,24.116667,0.116943,59.319546,4.011604,0.392723,0.574940,-0.443830
1448,24.133333,2.170758,58.862450,2.830908,0.391103,0.573677,-0.449555
1449,24.150000,2.933079,58.376396,1.949473,0.389707,0.571619,-0.454068
1450,24.166667,3.194075,57.712982,3.202896,0.389575,0.569607,-0.460248
1451,24.183333,2.247873,56.736130,3.946162,0.389210,0.566038,-0.464637
1452,24.200000,3.855238,56.630894,3.350387,0.386500,0.564104,-0.470647
1453,24.216667,2.632148,55.801147,4.937198,0.386245,0.560256,-0.475907
1454,24.233333,2.970413,55.544033,4.869252,0.383790,0.555718,-0.480720
1455,24.250000,3.319887,54.583427,6.284667,0.382570,0.552433,-0.487205
1456,24.266667,3.190537,53.915764,6.302926,0.379804,0.547455,-0.491231
1457,24.283333,4.177341,53.677574,6.650428,0.377758,0.542019,-0.497349
1458,24.300000,4.341292,52.544739,7.474885,0.376078,0.535815,-0.502350
1459,24.316667,5.812720,52.045319,7.321492,0.373485,0.530818,-0.507917
1460,24.333333,6.267809,51.691185,7.198725,0.370135,0.524983,-0.512243
1461,24.350000,6.962728,51.057922,6.312267,0.365537,0.520108,-0.515797
1462,24.366667,6.377606,50.228203,7.596772,0.363129,0.516553,-0.519898
1463,24.383333,5.507504,49.075195,7.499055,0.359282,0.512483,-0.522169
1464,24.400000,6.454868,49.173546,8.116313,0.353989,0.511428,-0.526797
1465,24.416667,5.251453,47.739941,7.933565,0.350273,0.507164,-0.527838
1466,24.433333,6.254261,47.696827,6.981412,0.343755,0.504776,-0.531166
1467,24.450000,5.514839,46.026943,6.641711,0.339707,0.500839,-0.532566
1468,24.466667,3.825925,45.004417,7.055317,0.336093,0.495780,-0.533206
1469,24.483333,8.976518,45.316021,2.299121,0.325559,0.494095,-0.537507
1470,24.500000,9.075918,43.906876,0.880964,0.319190,0.490121,-0.537862
1471,24.516667,8.729331,43.009064,0.676347,0.314613,0.485135,-0.539237
1472,24.533333,10.422214,42.178360,-1.114783,0.307129,0.481971,-0.541304
1473,24.550000,10.728985,41.466557,-2.132114,0.300665,0.478064,-0.542347
1474,24.566667,10.983197,40.983917,-2.306260,0.295067,0.476150,-0.543758
1475,24.583333,9.704231,39.736629,-2.357827,0.290110,0.473805,-0.543774
1476,24.600000,9.846286,38.950706,-2.973917,0.284845,0.472449,-0.544561
1477,24.616667,11.035789,37.795464,-5.272679,0.277385,0.472665,-0.544988
1478,24.633333,11.520842,37.214565,-5.476197,0.272703,0.472585,-0.546296
1479,24.650000,12.266685,36.137791,-6.146449,0.267374,0.471712,-0.546903
1480,24.666667,13.674324,35.383999,-7.440665,0.261405,0.471329,-0.547659
1481,24.683333,14.056103,34.438725,-7.071748,0.257730,0.469508,-0.548569
1482,24.700000,15.530636,33.623062,-7.799757,0.252559,0.468855,-0.549354
1483,24.716667,15.190842,32.672447,-6.942613,0.249926,0.466102,-0.549150
1484,24.733333,16.270615,32.042210,-7.254047,0.246540,0.464574,-0.549926
1485,24.750000,16.989635,30.684410,-9.110717,0.241825,0.461703,-0.549097
1486,24.766667,17.210205,30.206890,-8.579308,0.239641,0.460665,-0.548608
1487,24.783333,17.529421,29.727552,-8.678634,0.237863,0.458943,-0.548022
1488,24.800000,17.856222,29.111063,-9.598127,0.234639,0.457504,-0.546759
1489,24.816667,16.592720,28.675549,-8.845437,0.233956,0.454838,-0.544259
1490,24.833333,16.201855,28.288954,-8.763400,0.232974,0.452404,-0.542053
1491,24.850000,15.656606,27.721764,-8.856562,0.232036,0.449732,-0.539639
1492,24.866667,15.770115,27.695393,-7.792822,0.232248,0.446774,-0.537687
1493,24.883333,15.206624,27.527283,-7.222916,0.233027,0.443737,-0.535114
1494,24.900000,15.641485,27.258459,-6.473538,0.233837,0.440356,-0.532808
1495,24.916667,15.513268,27.053555,-6.460386,0.234850,0.436577,-0.529541
1496,24.933333,15.281889,26.565218,-6.721778,0.235714,0.432089,-0.525965
1497,24.950000,14.702785,26.132465,-6.819580,0.236881,0.426785,-0.521809
1498,24.966667,13.700934,26.284029,-6.562897,0.238508,0.422306,-0.517623
1499,24.983333,12.411298,26.354090,-6.698790,0.240149,0.416165,-0.512683
1500,25.000000,10.462023,26.642260,-4.555245,0.244359,0.410894,-0.508276
1501,25.016667,9.310391,27.002571,-3.884279,0.246549,0.404552,-0.503652
1502,25.033333,6.845405,26.842916,-1.868569,0.251552,0.397442,-0.498386
1503,25.050000,6.072591,26.812567,-1.507847,0.253710,0.389703,-0.493905
1504,25.066667,5.459727,26.859468,-1.005367,0.257081,0.382300,-0.489662
1505,25.083333,6.082820,27.088690,-0.648276,0.259727,0.374844,-0.486678
1506,25.100000,5.188817,26.936190,-0.245989,0.263461,0.366530,-0.481859
1507,25.116667,4.752594,26.567757,-0.039154,0.267232,0.356839,-0.477127
1508,25.133333,4.853229,26.287336,-0.348234,0.270799,0.346606,-0.473085
1509,25.150000,4.838023,26.396141,0.397826,0.274625,0.337340,-0.469247
1510,25.166667,5.158884,26.390392,0.064109,0.277521,0.328589,-0.465779
1511,25.183333,4.279642,26.771639,2.024935,0.283309,0.319808,-0.462072
1512,25.200000,4.029202,26.915163,2.540019,0.287124,0.310431,-0.458457
1513,25.216667,3.066595,26.455725,1.946301,0.290064,0.300181,-0.453571
1514,25.233333,1.355184,26.549427,3.338677,0.295183,0.291483,-0.448896
1515,25.250000,1.643188,26.958138,3.606569,0.297819,0.284031,-0.446100
1516,25.266667,-0.591246,26.740383,4.768986,0.303623,0.275568,-0.440363
1517,25.283333,1.498394,27.440315,3.682349,0.304421,0.268749,-0.439346
1518,25.300000,1.652398,27.759018,5.177075,0.309393,0.263363,-0.437440
1519,25.316667,0.784506,27.542309,5.467929,0.313603,0.255567,-0.433390
1520,25.333333,1.771323,27.922215,4.576009,0.315076,0.248569,-0.431161
1521,25.350000,2.917220,28.169703,3.426555,0.316629,0.243111,-0.429256
1522,25.366667,0.104865,28.655239,5.386936,0.322291,0.236142,-0.424954
1523,25.383333,-0.003377,28.602617,5.608086,0.325177,0.230044,-0.422950
1524,25.400000,0.297539,29.636173,5.628394,0.327124,0.225096,-0.421170
1525,25.416667,-0.062001,29.643560,4.564701,0.329256,0.216802,-0.418352
1526,25.433333,-1.538897,29.521566,5.871543,0.334014,0.209967,-0.415275
1527,25.450000,0.045493,29.853197,3.564975,0.333560,0.202953,-0.413841
1528,25.466667,0.848184,30.922081,3.921944,0.335656,0.197281,-0.413215
1529,25.483333,0.191086,30.885145,3.771020,0.338862,0.189244,-0.410320
1530,25.500000,2.842448,31.691675,2.574068,0.339259,0.182856,-0.411402
1531,25.516667,2.820387,31.639011,0.929582,0.339792,0.174878,-0.408684
1532,25.533333,3.254925,32.583080,1.936737,0.342514,0.169113,-0.409169
1533,25.550000,2.422436,32.815018,0.535001,0.343432,0.161269,-0.406356
1534,25.566667,1.892824,33.565014,1.909040,0.346723,0.155709,-0.406611
1535,25.583333,1.640004,34.096127,2.102595,0.348653,0.151092,-0.405392
1536,25.600000,1.631036,34.866245,1.499351,0.350072,0.145586,-0.404594
1537,25.616667,2.319562,35.213989,1.322418,0.352082,0.141720,-0.404751
1538,25.633333,6.236122,36.206154,-0.222449,0.351490,0.140416,-0.407403
1539,25.650000,6.894363,36.411079,0.351362,0.354650,0.138152,-0.407546
1540,25.666667,7.479988,36.218246,-1.149068,0.356479,0.133660,-0.406669
1541,25.683333,9.315156,37.305763,-2.582915,0.357241,0.132058,-0.407015
1542,25.700000,8.119838,37.320183,-2.906612,0.359151,0.129202,-0.404923
1543,25.716667,10.370768,38.679836,-4.791018,0.359708,0.128620,-0.406403
1544,25.733333,10.994518,39.523548,-4.171322,0.362256,0.128338,-0.407706
1545,25.750000,8.480337,39.603123,-3.410980,0.365971,0.125037,-0.404979
1546,25.766667,7.294847,40.871540,-3.189258,0.368248,0.122116,-0.403829
1547,25.783333,6.995804,41.974163,-2.251414,0.370815,0.120414,-0.403762
1548,25.800000,9.333293,43.259682,-2.620127,0.371545,0.120875,-0.405083
1549,25.816667,6.947701,43.472839,-0.207946,0.378803,0.115566,-0.403641
1550,25.833333,11.523317,45.540802,-2.394504,0.377682,0.116621,-0.406263
1551,25.850000,11.692133,45.120068,-2.579824,0.381414,0.112671,-0.403387
1552,25.866667,24.870296,42.174129,-9.013600,0.373320,0.107772,-0.409478
1553,25.883333,7.400685,47.049664,-0.287459,0.390219,0.103684,-0.399829
1554,25.900000,,,,,,
1555,25.916667,,,,,,
1556,25.933333,7.817644,51.227848,-0.845165,0.395942,0.099825,-0.396697
1557,25.950000,4.445260,50.785748,3.579418,0.402972,0.095276,-0.397610
1558,25.966667,2.807346,51.971668,3.206826,0.404810,0.092425,-0.393631
1559,25.983333,2.376894,53.558723,3.196713,0.405717,0.089983,-0.391301
1560,26.000000,3.339927,55.480480,4.851404,0.408536,0.089413,-0.392823
1561,26.016667,6.227619,56.695816,2.923198,0.409648,0.087240,-0.392495
1562,26.033333,1.024850,56.542576,5.752123,0.414187,0.082903,-0.387798
1563,26.050000,5.640123,58.647251,3.212345,0.414055,0.082637,-0.389228
1564,26.066667,3.290638,58.810669,4.260334,0.416847,0.079674,-0.386685
1565,26.083333,1.471597,59.692848,4.306334,0.419116,0.075602,-0.382988
1566,26.100000,0.201044,60.794662,5.721997,0.421127,0.073659,-0.382201
1567,26.116667,1.124393,62.210381,3.717858,0.420309,0.071992,-0.379495
1568,26.133333,1.710638,63.258305,4.014757,0.421402,0.071442,-0.379570
1569,26.150000,,,,,,
1570,26.166667,-1.024481,66.457138,6.207079,0.421997,0.065383,-0.374677
1571,26.183333,-9.239439,67.014572,13.700597,0.426754,0.060881,-0.371905
1572,26.200000,5.297756,67.008644,-1.743720,0.420336,0.058675,-0.370157
1573,26.216667,13.657649,69.588585,-3.763646,0.419648,0.058672,-0.377988
1574,26.233333,0.789303,70.823227,4.537574,0.423170,0.050657,-0.369287
1575,26.250000,14.268696,71.738663,-8.252594,0.418054,0.052258,-0.368961
1576,26.266667,11.531344,71.865738,-5.935596,0.420512,0.048770,-0.368001
1577,26.283333,6.581594,73.110374,-4.601260,0.419508,0.044007,-0.361040
1578,26.300000,,,,,,
1579,26.316667,10.461918,76.471283,-6.697011,0.418702,0.040589,-0.361520
1580,26.333333,22.485888,77.585838,-18.060398,0.414540,0.041697,-0.360467
1581,26.350000,19.123356,78.627991,-15.841455,0.415284,0.038900,-0.358004
1582,26.366667,32.543133,79.885612,-29.060452,0.411987,0.037834,-0.355739
1583,26.383333,,,,,,
1584,26.400000,4.522297,80.345306,-5.360714,0.417327,0.031009,-0.350369
1585,26.416667,53.788097,80.379829,-50.194534,0.409484,0.035707,-0.352793
1586,26.433333,79.340172,80.604836,-74.949707,0.406502,0.038792,-0.349799
1587,26.450000,85.340630,79.681976,-83.591614,0.404461,0.038565,-0.345019
1588,26.466667,94.650970,79.753632,-90.411171,0.404738,0.040977,-0.347993
1589,26.483333,92.691978,81.570671,-90.757591,0.407971,0.037023,-0.347235
1590,26.500000,107.107834,83.538277,-106.108795,0.410633,0.035289,-0.345449
1591,26.516667,109.484222,80.228134,-108.276329,0.407293,0.036602,-0.344805
1592,26.533333,114.617271,78.316978,-113.537308,0.406653,0.035571,-0.343692
1593,26.550000,120.824966,78.143219,-120.193642,0.408167,0.032523,-0.342685
1594,26.566667,129.760803,78.019234,-129.011887,0.410525,0.028431,-0.341974
1595,26.583333,129.859238,75.199997,-127.979561,0.408885,0.029669,-0.341774
1596,26.600000,143.264862,76.734375,-142.957870,0.414335,0.023584,-0.339660
1597,26.616667,134.425537,72.670044,-132.268417,0.410753,0.029350,-0.342182
1598,26.633333,142.781464,72.067993,-140.361420,0.413338,0.027171,-0.342516
1599,26.650000,144.259491,70.779808,-143.615082,0.415065,0.027994,-0.340150
1600,26.666667,155.191284,70.860306,-155.644028,0.420837,0.022683,-0.339755
1601,26.683333,155.327911,68.469345,-154.351364,0.421139,0.024177,-0.342501
1602,26.700000,155.591995,67.230087,-154.325455,0.423144,0.023217,-0.343528
1603,26.716667,155.953323,65.016563,-154.193558,0.425113,0.022069,-0.344138
1604,26.733333,153.843536,62.894772,-152.575684,0.426807,0.020276,-0.343304
1605,26.750000,153.402863,61.117256,-151.389374,0.428817,0.018585,-0.344407
1606,26.766667,154.295914,59.213173,-150.415634,0.431156,0.019264,-0.347884
1607,26.783333,159.530304,59.051140,-156.636597,0.436971,0.014831,-0.348276
1608,26.800000,164.097900,57.923733,-160.705276,0.441600,0.012499,-0.350541
1609,26.816667,166.281723,55.821377,-164.215515,0.445893,0.011271,-0.349755
1610,26.833333,170.489059,55.068253,-168.324936,0.450823,0.010143,-0.352893
1611,26.850000,171.661530,53.561638,-171.554901,0.455542,0.008688,-0.352959
1612,26.866667,172.739182,51.474693,-173.031677,0.458981,0.007539,-0.353003
1613,26.883333,174.605896,50.402802,-174.300934,0.463459,0.005800,-0.357856
1614,26.900000,172.894196,48.036533,-171.728058,0.464435,0.004658,-0.357547
1615,26.916667,177.015549,46.569546,-175.192154,0.471193,0.001408,-0.362054
1616,26.933333,176.985260,46.711433,-174.203125,0.474803,-0.002795,-0.366641
1617,26.950000,171.946396,42.163822,-168.735138,0.473600,0.000102,-0.363076
1618,26.966667,174.730667,41.435707,-171.292999,0.479071,-0.004687,-0.366869
1619,26.983333,172.667572,38.647213,-167.142776,0.477602,-0.002929,-0.367699
1620,27.000000,174.017532,36.770176,-170.629593,0.483833,-0.006208,-0.367274
1621,27.016667,176.254089,35.375717,-173.351578,0.488801,-0.006231,-0.369682
1622,27.033333,177.161530,33.733326,-175.074158,0.492513,-0.007113,-0.371023
1623,27.050000,178.017578,32.114235,-176.780167,0.496106,-0.006730,-0.372230
1624,27.066667,178.274551,30.566607,-177.000214,0.498807,-0.007452,-0.373457
1625,27.083333,178.794724,28.847950,-177.863907,0.502816,-0.007061,-0.374863
1626,27.100000,179.511322,27.071404,-176.714371,0.503902,-0.006011,-0.377439
1627,27.116667,177.492035,24.515734,-176.095215,0.505623,-0.006982,-0.375186
1628,27.133333,178.465027,23.540144,-175.005356,0.506636,-0.005856,-0.377356
1629,27.150000,177.613495,21.329508,-175.935394,0.509379,-0.008007,-0.375624
1630,27.166667,177.122879,18.720732,-174.148178,0.510283,-0.007413,-0.375839
1631,27.183333,178.400620,17.583263,-176.843964,0.513925,-0.006985,-0.376541
1632,27.200000,178.609924,15.959569,-177.951904,0.515784,-0.006160,-0.376710
1633,27.216667,178.184982,14.418746,-177.123123,0.515172,-0.007735,-0.375965
1634,27.233333,178.856049,12.851241,-178.531540,0.517030,-0.006393,-0.376491
1635,27.250000,178.502502,11.172621,-178.020325,0.516062,-0.007153,-0.375761
1636,27.266667,178.555893,9.472473,-178.462769,0.516604,-0.007622,-0.375814
1637,27.283333,178.516403,7.710463,-178.254135,0.516871,-0.007598,-0.375410
1638,27.300000,177.439636,5.463518,-178.346146,0.516578,-0.008551,-0.372303
1639,27.316667,178.366669,3.903915,-178.594208,0.516391,-0.007269,-0.372760
1640,27.333333,178.039108,2.524109,-177.978882,0.515411,-0.008303,-0.371927
1641,27.350000,177.799606,1.031951,-177.945786,0.514819,-0.008539,-0.371257
1642,27.366667,178.696426,-0.612097,-177.781830,0.514029,-0.008651,-0.371179
1643,27.383333,179.071243,-3.150896,179.408249,0.516145,-0.009370,-0.369770
1644,27.400000,179.049347,-4.351065,179.382278,0.515217,-0.008839,-0.369314
1645,27.416667,179.573212,-5.918860,178.075043,0.515745,-0.008945,-0.369863
1646,27.433333,-179.913971,-6.742543,179.006012,0.513535,-0.008357,-0.370368
1647,27.450000,-179.821487,-8.688959,177.589600,0.513886,-0.008418,-0.370245
1648,27.466667,-179.829041,-10.444850,177.665665,0.512941,-0.007974,-0.370300
1649,27.483333,177.761169,-11.875051,176.889542,0.513348,-0.008766,-0.367494
1650,27.500000,178.236160,-12.983406,177.651794,0.512167,-0.007985,-0.368282
1651,27.516667,177.037796,-14.153996,178.834473,0.510384,-0.008117,-0.367220
1652,27.533333,175.057129,-16.003904,179.708450,0.508506,-0.009895,-0.363602
1653,27.550000,175.803467,-17.767885,177.264938,0.512202,-0.009120,-0.367094
1654,27.566667,175.715286,-18.639040,177.507111,0.511181,-0.008222,-0.367749
1655,27.583333,175.160873,-20.308435,177.149872,0.511109,-0.008541,-0.366891
1656,27.600000,175.293030,-21.640001,178.412201,0.509607,-0.008449,-0.366371
1657,27.616667,176.519470,-23.067982,-179.160629,0.505814,-0.008727,-0.366350
1658,27.633333,174.939560,-24.408365,177.603394,0.509524,-0.008632,-0.365941
1659,27.650000,174.701859,-25.453741,176.614456,0.510699,-0.008931,-0.366973
1660,27.666667,174.880325,-26.823261,175.849899,0.511509,-0.008937,-0.367540
1661,27.683333,174.071472,-27.755121,175.526855,0.511921,-0.009411,-0.366997
1662,27.700000,176.251999,-28.967211,179.555542,0.507132,-0.009104,-0.366664
1663,27.716667,174.110260,-29.638350,176.157303,0.511309,-0.009081,-0.366327
1664,27.733333,176.622772,-30.806646,178.054413,0.508888,-0.008808,-0.367900
1665,27.750000,176.319336,-31.900492,179.192032,0.506869,-0.008283,-0.366193
1666,27.766667,175.741699,-32.479580,177.744827,0.508531,-0.008155,-0.367177
1667,27.783333,175.202744,-33.062073,177.241257,0.508959,-0.008144,-0.367088
1668,27.800000,175.544174,-33.335152,177.862396,0.508243,-0.007740,-0.367258
1669,27.816667,175.391388,-33.442829,177.493301,0.508520,-0.007712,-0.367549
1670,27.833333,175.048813,-33.342140,177.182159,0.508600,-0.007870,-0.367548
1671,27.850000,173.879791,-33.267990,177.139923,0.508562,-0.008472,-0.366325
1672,27.866667,174.079163,-33.096798,177.180710,0.508353,-0.008363,-0.366913
1673,27.883333,173.437073,-32.672863,177.072968,0.508236,-0.008209,-0.366929
1674,27.900000,172.588196,-32.383934,177.009933,0.508118,-0.008155,-0.366670
1675,27.916667,171.553070,-32.351330,176.627762,0.508398,-0.008160,-0.366704
1676,27.933333,171.601761,-32.412258,178.691254,0.506061,-0.009342,-0.365946
1677,27.950000,168.191956,-32.556206,174.255783,0.510467,-0.010906,-0.365371
1678,27.966667,166.868973,-32.203609,173.473694,0.511056,-0.009865,-0.365678
1679,27.983333,165.365967,-31.994682,172.339096,0.512444,-0.009432,-0.366801
1680,28.000000,164.999878,-32.165611,174.955582,0.509346,-0.008883,-0.366172
1681,28.016667,163.854279,-32.174534,175.374405,0.508831,-0.009307,-0.365802
1682,28.033333,161.929138,-32.767841,174.751022,0.509413,-0.008868,-0.365647
1683,28.050000,160.947601,-32.322380,173.623398,0.510401,-0.009077,-0.367255
1684,28.066667,159.400436,-32.622917,175.086273,0.508449,-0.008729,-0.366361
1685,28.083333,155.570572,-31.893087,172.243317,0.511510,-0.008448,-0.365518
1686,28.100000,154.088776,-32.344025,173.690460,0.509172,-0.008360,-0.364589
1687,28.116667,151.194000,-32.035679,171.215149,0.511845,-0.007921,-0.365380
1688,28.133333,153.635162,-31.843500,176.718628,0.505169,-0.007086,-0.368066
1689,28.150000,150.449722,-31.724712,175.331833,0.506584,-0.006981,-0.367542
1690,28.166667,148.337326,-32.056469,176.384415,0.504591,-0.005904,-0.366752
1691,28.183333,142.353836,-31.566963,172.485809,0.508449,-0.005421,-0.364124
1692,28.200000,141.732513,-30.568037,172.056656,0.509490,-0.005188,-0.366705
1693,28.216667,141.301743,-29.863087,174.718781,0.506733,-0.003923,-0.365931
1694,28.233333,141.913376,-29.104904,175.636627,0.506029,-0.005701,-0.366446
1695,28.250000,139.307312,-27.328272,171.929489,0.510629,-0.005306,-0.366325
1696,28.266667,141.900787,-27.069895,179.099991,0.501166,-0.004282,-0.366806
1697,28.283333,137.831879,-26.761209,175.222031,0.506190,-0.003257,-0.365684
1698,28.300000,136.063522,-26.637947,174.877563,0.506548,-0.002933,-0.364475
1699,28.316667,134.814896,-26.288055,173.512543,0.508444,-0.003497,-0.365645
1700,28.333333,135.184464,-26.190638,175.810608,0.505115,-0.002349,-0.366479
1701,28.350000,134.635452,-26.087944,175.264877,0.505653,-0.002309,-0.366334
1702,28.366667,135.538162,-25.808260,176.003250,0.503938,-0.003294,-0.366326
1703,28.383333,135.503220,-25.984314,175.698990,0.504354,-0.002817,-0.366373
1704,28.400000,135.808975,-25.778612,175.495682,0.504268,-0.002987,-0.366101
1705,28.416667,136.269836,-25.736973,175.437912,0.504249,-0.003127,-0.366607
1706,28.433333,136.482864,-25.695961,175.519791,0.503652,-0.003335,-0.366334
1707,28.450000,135.443466,-26.231268,174.461746,0.503938,-0.003338,-0.365331
1708,28.466667,135.224609,-26.156660,174.429626,0.503961,-0.003350,-0.365348
1709,28.483333,134.639801,-26.040833,173.838684,0.504830,-0.003035,-0.365446
1710,28.500000,133.994385,-25.779917,173.307480,0.505719,-0.002698,-0.365305
1711,28.516667,134.006531,-25.849686,174.215454,0.504542,-0.001585,-0.365401
1712,28.533333,133.922745,-25.931824,174.038803,0.504789,-0.001687,-0.365207
1713,28.550000,135.483383,-26.058680,175.002823,0.504263,-0.002595,-0.366276
1714,28.566667,135.696838,-26.287968,174.985992,0.504198,-0.002665,-0.366191
1715,28.583333,136.068039,-26.451624,175.276901,0.503923,-0.002977,-0.366230
1716,28.600000,136.911697,-27.041716,177.128082,0.501166,-0.002620,-0.365603
1717,28.616667,137.703735,-27.135754,178.134995,0.499965,-0.002738,-0.365726
1718,28.633333,136.390228,-26.335739,176.894302,0.501681,-0.002657,-0.363915
1719,28.650000,137.881866,-26.982613,177.246048,0.501608,-0.003724,-0.365261
1720,28.666667,137.171768,-26.922188,175.598862,0.503796,-0.002919,-0.365176
1721,28.683333,138.615067,-27.352268,176.553818,0.502324,-0.003378,-0.365362
1722,28.700000,137.047607,-26.063988,170.354599,0.510996,-0.004863,-0.366088
1723,28.716667,142.055130,-26.706215,176.327103,0.503642,-0.004935,-0.368910
1724,28.733333,139.212967,-27.040052,172.818329,0.507950,-0.003831,-0.365954
1725,28.750000,141.570129,-27.627611,173.029678,0.507717,-0.005371,-0.367191
1726,28.766667,144.224380,-28.089672,175.101730,0.504282,-0.006739,-0.365681
1727,28.783333,146.201324,-27.815245,175.161758,0.504646,-0.006351,-0.367792
1728,28.800000,147.500214,-27.869200,173.970139,0.505990,-0.006634,-0.367640
1729,28.816667,149.647293,-28.768860,175.284378,0.503808,-0.006490,-0.367013
1730,28.833333,148.326553,-28.402473,169.664291,0.510876,-0.007373,-0.365612
1731,28.850000,150.763779,-29.031740,169.459579,0.510482,-0.007052,-0.365413
1732,28.866667,154.885880,-30.215862,172.529755,0.506561,-0.007906,-0.365148
1733,28.883333,159.181305,-30.468304,172.122498,0.507155,-0.008616,-0.367579
1734,28.900000,161.476761,-31.174616,171.596771,0.507940,-0.008048,-0.367348
1735,28.916667,164.319427,-31.785398,173.354996,0.505620,-0.008813,-0.364677
1736,28.933333,169.753876,-32.659798,174.475906,0.504555,-0.009413,-0.367173
1737,28.950000,170.989685,-32.931747,172.452438,0.506726,-0.009106,-0.366162
1738,28.966667,173.996811,-33.748142,172.092422,0.508215,-0.007922,-0.366914
1739,28.983333,174.752197,-33.394604,168.201294,0.512728,-0.008857,-0.367251
1740,29.000000,179.959259,-33.943996,171.341263,0.509537,-0.008341,-0.368116
1741,29.016667,-177.760712,-34.578171,173.189911,0.507933,-0.008373,-0.366802
1742,29.033333,-176.686340,-34.104637,170.105560,0.510647,-0.007685,-0.366495
1743,29.050000,-173.510056,-34.412445,173.115234,0.507457,-0.007528,-0.366413
1744,29.066667,-171.958374,-34.946514,171.661224,0.508752,-0.007319,-0.367021
1745,29.083333,-173.391861,-34.435055,168.199249,0.512370,-0.007206,-0.366596
1746,29.100000,-169.217697,-34.488461,172.462860,0.507719,-0.005614,-0.367183
1747,29.116667,-168.062668,-34.438591,172.803345,0.507070,-0.006399,-0.366711
1748,29.133333,-167.564865,-34.428688,172.952515,0.506849,-0.005984,-0.366819
1749,29.150000,-167.054794,-34.505791,173.192200,0.506541,-0.006087,-0.366827
1750,29.166667,-167.025635,-34.557194,172.816269,0.506834,-0.005916,-0.366864
1751,29.183333,-167.190033,-34.609226,172.903381,0.506536,-0.005899,-0.366553
1752,29.200000,-167.150955,-34.657917,172.782928,0.506667,-0.005790,-0.367166
1753,29.216667,-168.088562,-34.550877,172.076935,0.507044,-0.006581,-0.366404
1754,29.233333,-168.106537,-34.741859,172.894669,0.506792,-0.006360,-0.367782
1755,29.250000,-170.831848,-34.700024,170.782837,0.508787,-0.006549,-0.367261
1756,29.266667,-171.566162,-34.689602,171.459274,0.508905,-0.007020,-0.367528
1757,29.283333,-172.657669,-34.515434,173.614380,0.506559,-0.007351,-0.366035
1758,29.300000,-175.619522,-34.299183,170.731644,0.510076,-0.006855,-0.366603
1759,29.316667,-176.049347,-34.597260,173.916107,0.506973,-0.008054,-0.366060
1760,29.333333,-177.982239,-34.240383,173.391846,0.508104,-0.007781,-0.367134
1761,29.350000,-178.833405,-34.303352,174.706131,0.507011,-0.007846,-0.367254
1762,29.366667,178.164932,-34.231441,174.837921,0.507316,-0.008174,-0.366381
1763,29.383333,176.604935,-34.306412,175.715302,0.506979,-0.009175,-0.366106
1764,29.400000,173.698044,-34.537857,175.525513,0.507728,-0.009914,-0.365678
1765,29.416667,170.343246,-34.217991,173.439667,0.510647,-0.009970,-0.365206
1766,29.433333,170.297333,-34.483185,176.853012,0.507102,-0.009220,-0.366056
1767,29.450000,169.617416,-35.131496,-179.924576,0.504008,-0.008587,-0.364891
1768,29.466667,167.460144,-34.584000,177.447189,0.507917,-0.009631,-0.368189
1769,29.483333,169.003250,-35.184902,-177.693405,0.502491,-0.007772,-0.368138
1770,29.500000,164.376862,-35.506283,178.907959,0.506009,-0.009052,-0.365627
1771,29.516667,164.085114,-35.646069,179.527740,0.505151,-0.008255,-0.365473
1772,29.533333,164.801941,-35.486332,-178.081680,0.501902,-0.008711,-0.364480
1773,29.550000,164.330719,-35.282307,178.951279,0.504768,-0.010338,-0.365653
1774,29.566667,163.773804,-36.006618,178.714844,0.505519,-0.008420,-0.365611
1775,29.583333,162.380005,-36.463173,176.338882,0.507167,-0.009752,-0.363753
1776,29.600000,163.792664,-36.399742,174.861313,0.508622,-0.009539,-0.366298
1777,29.616667,166.386368,-35.997490,175.821198,0.506885,-0.008715,-0.367659
1778,29.633333,166.952667,-35.319859,175.618469,0.506609,-0.009309,-0.366762
1779,29.650000,166.910461,-35.690254,174.373413,0.506535,-0.009171,-0.364858
1780,29.666667,167.941711,-35.141148,173.758331,0.506578,-0.009797,-0.364671
1781,29.683333,169.035675,-36.493908,171.008102,0.508553,-0.010640,-0.364589
1782,29.700000,171.485672,-35.716049,172.367264,0.507117,-0.009684,-0.366643
1783,29.716667,171.552567,-35.613647,168.654282,0.510318,-0.009067,-0.367040
1784,29.733333,172.926636,-35.887688,168.381622,0.510335,-0.009493,-0.366857
1785,29.750000,174.736313,-36.368496,169.930496,0.508426,-0.008780,-0.366581
1786,29.766667,176.297073,-36.385681,170.471207,0.507327,-0.008378,-0.366956
1787,29.783333,177.763641,-36.320271,169.929688,0.507439,-0.008063,-0.367654
1788,29.800000,176.795822,-36.746487,168.609985,0.508896,-0.008300,-0.366407
1789,29.816667,177.447891,-37.234127,169.028763,0.508223,-0.008019,-0.366563
1790,29.833333,176.956635,-37.196312,168.190704,0.509439,-0.009040,-0.366070
1791,29.850000,176.839905,-36.832031,167.927490,0.509575,-0.009260,-0.366380
1792,29.866667,177.236526,-36.968723,169.228973,0.508584,-0.008263,-0.366400
1793,29.883333,176.615982,-36.856384,168.684479,0.508975,-0.008861,-0.366419
1794,29.900000,177.591461,-36.610233,170.895523,0.507173,-0.008673,-0.367275
1795,29.916667,178.925903,-36.994064,175.475006,0.502424,-0.007912,-0.366801
1796,29.933333,175.629257,-36.539585,171.204956,0.508046,-0.008142,-0.367088
1797,29.950000,173.166229,-36.185238,169.190201,0.509976,-0.008929,-0.366139
1798,29.966667,173.439117,-36.417854,170.695221,0.508656,-0.008720,-0.367190
1799,29.983333,173.543945,-36.679535,173.036835,0.506757,-0.009109,-0.366675
1800,30.000000,171.912308,-36.574223,172.179352,0.508038,-0.009726,-0.367325
1801,30.016667,171.969070,-36.939434,173.192734,0.507207,-0.008465,-0.367644
1802,30.033333,167.782196,-37.751690,172.396011,0.507019,-0.010686,-0.361841
1803,30.050000,168.926758,-37.018066,174.002975,0.506054,-0.009944,-0.364289
1804,30.066667,169.603851,-37.080173,173.463547,0.507011,-0.009352,-0.367355
1805,30.083333,168.564209,-37.441986,173.013901,0.507655,-0.008936,-0.367171
1806,30.100000,168.431625,-37.543278,173.396545,0.507295,-0.008694,-0.366956
1807,30.116667,169.015076,-37.712807,174.516006,0.506184,-0.008618,-0.366942
1808,30.133333,169.009567,-37.809353,174.470245,0.506227,-0.008659,-0.366942
1809,30.150000,168.605560,-37.853184,173.604660,0.507155,-0.008753,-0.367017
1810,30.166667,168.407593,-37.761234,172.861374,0.507869,-0.008954,-0.367016
1811,30.183333,168.672012,-37.822727,172.439255,0.508270,-0.009304,-0.367313
1812,30.200000,169.767838,-37.646019,172.389542,0.508058,-0.009220,-0.367510
1813,30.216667,167.762390,-38.064110,172.407501,0.507530,-0.010661,-0.363481
1814,30.233333,168.894852,-37.805420,171.756195,0.508198,-0.010475,-0.364222
1815,30.250000,171.131683,-37.390411,172.655945,0.507461,-0.009477,-0.366668
1816,30.266667,170.943054,-37.397110,170.702408,0.509455,-0.009099,-0.367976
1817,30.283333,171.997696,-37.754173,171.661789,0.508384,-0.008854,-0.368115
1818,30.300000,171.753937,-37.782104,171.659393,0.507974,-0.008974,-0.366703
1819,30.316667,173.187988,-37.858204,173.138458,0.506241,-0.008549,-0.367503
1820,30.333333,173.336517,-37.678577,172.479706,0.506629,-0.009185,-0.368012
1821,30.350000,174.043930,-37.678490,173.211502,0.505657,-0.009851,-0.368390
1822,30.366667,173.458618,-37.638115,172.613922,0.506395,-0.009497,-0.368008
1823,30.383333,172.919968,-37.759586,172.645767,0.506389,-0.009032,-0.367522
1824,30.400000,172.375610,-37.781528,172.265457,0.506721,-0.008931,-0.367454
1825,30.416667,172.140045,-37.791306,172.262985,0.506700,-0.009011,-0.367487
1826,30.433333,172.049210,-37.816868,171.427856,0.507520,-0.008782,-0.368040
1827,30.450000,171.742462,-37.743526,171.142426,0.508221,-0.008490,-0.368409
1828,30.466667,171.304520,-37.673096,170.969437,0.508357,-0.008115,-0.368014
1829,30.483333,170.733704,-37.937370,172.164459,0.506931,-0.009321,-0.366108
1830,30.500000,169.168945,-37.877892,170.590012,0.508429,-0.010394,-0.364879
1831,30.516667,169.006866,-37.978729,171.003494,0.508205,-0.010388,-0.364683
1832,30.533333,169.507217,-38.261803,172.188339,0.507472,-0.009149,-0.365391
1833,30.550000,168.786240,-38.033249,171.404953,0.508663,-0.009592,-0.365625
1834,30.566667,170.718155,-37.855011,174.607986,0.504621,-0.009395,-0.364676
1835,30.583333,170.707321,-37.868523,174.533829,0.504781,-0.009472,-0.364837
1836,30.600000,169.243286,-37.810101,171.103882,0.509071,-0.009516,-0.366619
1837,30.616667,169.817429,-38.069130,172.941559,0.506895,-0.009609,-0.365756
1838,30.633333,170.431030,-37.712181,172.684906,0.506660,-0.010439,-0.365456
1839,30.650000,169.377914,-38.013016,170.909744,0.508667,-0.010361,-0.365447
1840,30.666667,169.484207,-37.970467,170.828552,0.508508,-0.010500,-0.364948
1841,30.683333,170.435913,-37.509132,169.917923,0.509812,-0.009516,-0.367600
1842,30.700000,171.581497,-37.813946,171.465515,0.508113,-0.008321,-0.367941
1843,30.716667,171.376724,-37.908165,171.305084,0.508029,-0.008374,-0.367884
1844,30.733333,171.557312,-37.800812,170.999329,0.508365,-0.008288,-0.368283
1845,30.750000,171.769989,-37.848923,171.105453,0.508085,-0.008440,-0.368375
1846,30.766667,171.899307,-37.831268,171.225983,0.507811,-0.008480,-0.368347
1847,30.783333,171.652130,-37.959522,172.079407,0.506759,-0.008990,-0.367537
1848,30.800000,171.680405,-37.969131,171.813110,0.506797,-0.008859,-0.367641
1849,30.816667,171.694382,-37.765015,172.156921,0.506436,-0.009156,-0.367434
1850,30.833333,171.689575,-37.925591,172.088135,0.506395,-0.009096,-0.367610
1851,30.850000,170.988876,-37.795937,171.580795,0.507088,-0.008671,-0.367291
1852,30.866667,170.817139,-37.604771,170.636276,0.507985,-0.008322,-0.367404
1853,30.883333,171.135406,-37.872456,170.975830,0.507630,-0.008406,-0.367687
1854,30.900000,170.993469,-37.815281,170.865387,0.507918,-0.008386,-0.367712
1855,30.916667,171.104172,-37.777287,171.315033,0.507503,-0.008614,-0.367495
1856,30.933333,171.202682,-37.698788,171.143509,0.507759,-0.008891,-0.367765
1857,30.950000,171.282776,-37.932796,171.528625,0.507670,-0.008930,-0.367830
1858,30.966667,171.051437,-38.032478,172.508911,0.506497,-0.009449,-0.366484
1859,30.983333,170.858475,-37.918236,172.419128,0.506526,-0.009355,-0.366253
1860,31.000000,172.905792,-39.186283,175.893890,0.502955,-0.008259,-0.365225
1861,31.016667,172.729431,-39.172527,175.677490,0.503229,-0.008142,-0.365169
1862,31.033333,168.209061,-38.139694,170.004868,0.509138,-0.010671,-0.364052
1863,31.050000,169.105713,-38.036236,170.460541,0.508788,-0.010315,-0.364930
1864,31.066667,171.128235,-37.923328,172.532333,0.506548,-0.009501,-0.366305
1865,31.083333,171.423523,-37.846851,171.700119,0.507724,-0.008546,-0.367766
1866,31.100000,171.427246,-37.810673,171.479980,0.507807,-0.008938,-0.367698
1867,31.116667,171.392868,-37.837788,171.386383,0.508052,-0.008469,-0.367864
1868,31.133333,171.361282,-37.855865,171.269302,0.508016,-0.008772,-0.367703
1869,31.150000,171.378204,-37.836849,171.229706,0.507867,-0.008645,-0.367756
1870,31.166667,170.944839,-37.757538,171.186707,0.507998,-0.008562,-0.367419
1871,31.183333,171.192490,-37.908154,170.949768,0.508040,-0.008377,-0.367813
1872,31.200000,171.203323,-37.914734,170.896866,0.508077,-0.008370,-0.367788
1873,31.216667,171.202438,-37.971596,171.142578,0.507658,-0.008350,-0.367655
1874,31.233333,171.211990,-37.938046,170.994003,0.507766,-0.008368,-0.367796
1875,31.250000,171.184250,-37.885803,170.952682,0.507714,-0.008387,-0.367786
1876,31.266667,171.019989,-37.847664,171.893143,0.506633,-0.008910,-0.366545
1877,31.283333,171.231903,-37.777241,172.185776,0.506350,-0.009066,-0.366493
1878,31.300000,170.836273,-37.703087,171.986877,0.506669,-0.008999,-0.366407
1879,31.316667,171.270950,-37.778233,172.302475,0.506208,-0.009108,-0.366512
1880,31.333333,171.288712,-37.812969,172.063705,0.506399,-0.009063,-0.366640
1881,31.350000,171.342743,-37.793293,171.456421,0.507212,-0.008742,-0.367485
1882,31.366667,171.347717,-37.845089,171.461304,0.507248,-0.008731,-0.367476
1883,31.383333,171.342316,-37.873497,171.688599,0.506874,-0.008817,-0.367290
1884,31.400000,171.408707,-37.865513,171.577698,0.507151,-0.008754,-0.367431
1885,31.416667,171.137314,-37.737846,172.164917,0.506611,-0.009195,-0.366676
1886,31.433333,171.163071,-37.755569,172.130447,0.506607,-0.009202,-0.366691
1887,31.450000,171.558502,-37.916550,171.871460,0.506782,-0.008779,-0.367363
1888,31.466667,171.505783,-37.860519,171.817047,0.506657,-0.008894,-0.367282
1889,31.483333,171.570343,-37.877365,171.774429,0.506696,-0.008920,-0.367325
1890,31.500000,171.661789,-37.817341,171.676590,0.506801,-0.008815,-0.367535
1891,31.516667,171.513489,-37.747231,172.441895,0.505830,-0.009252,-0.366588
1892,31.533333,171.556549,-37.752247,172.243408,0.505991,-0.009204,-0.366674
1893,31.550000,171.576599,-37.746738,172.116989,0.506202,-0.009143,-0.367221
1894,31.566667,171.504684,-37.711536,171.980148,0.506261,-0.009163,-0.367218
1895,31.583333,171.557266,-37.680786,171.933121,0.506151,-0.009158,-0.366974
1896,31.600000,171.508804,-37.549469,171.879898,0.506292,-0.009131,-0.366988
1897,31.616667,171.483566,-37.766518,171.843079,0.506233,-0.009189,-0.367210
1898,31.633333,171.648224,-37.947914,172.031174,0.506055,-0.009280,-0.367397
1899,31.650000,171.566879,-37.782291,172.033234,0.506131,-0.009305,-0.367336
1900,31.666667,171.426483,-37.827469,171.863907,0.506063,-0.009102,-0.367282
1901,31.683333,171.218658,-37.626930,171.885757,0.506078,-0.009017,-0.367040
1902,31.700000,171.197968,-37.631756,171.880585,0.506078,-0.008983,-0.367099
1903,31.716667,171.433289,-37.737549,172.176437,0.505952,-0.009144,-0.367292
1904,31.733333,171.326736,-37.765400,172.102341,0.505991,-0.009131,-0.367231
1905,31.750000,171.114273,-37.622406,171.869247,0.506076,-0.009000,-0.367113
1906,31.766667,171.159058,-37.619263,171.909622,0.506057,-0.009005,-0.367124
1907,31.783333,171.103851,-37.624519,171.846039,0.506152,-0.009048,-0.367079
1908,31.800000,171.343353,-37.748959,171.999237,0.506054,-0.009175,-0.367384
1909,31.816667,171.259872,-37.626144,171.988068,0.506035,-0.009047,-0.367201
1910,31.833333,171.355301,-37.753166,171.973450,0.506057,-0.009189,-0.367378
1911,31.850000,171.404999,-37.704029,172.010529,0.506073,-0.009153,-0.367268
1912,31.866667,171.409851,-37.711662,171.976654,0.506037,-0.009201,-0.367251
1913,31.883333,171.330231,-37.714890,171.901291,0.506043,-0.009073,-0.367335
1914,31.900000,171.323563,-37.739311,171.837234,0.505923,-0.009036,-0.367249
1915,31.916667,171.309174,-37.604839,171.944046,0.505879,-0.009060,-0.367139
1916,31.933333,171.431625,-37.701599,172.098083,0.505814,-0.009211,-0.367226
1917,31.950000,171.532837,-37.935631,171.917755,0.505688,-0.009076,-0.367506
1918,31.966667,171.358734,-37.704494,172.015503,0.505813,-0.009158,-0.367282
1919,31.983333,171.481201,-37.992466,171.922073,0.505613,-0.009061,-0.367544
1920,32.000000,171.537857,-37.959248,171.909653,0.505566,-0.009100,-0.367712
1921,32.016667,171.495743,-37.952827,171.885193,0.505579,-0.009126,-0.367705
1922,32.033333,171.172531,-37.754375,171.600876,0.505861,-0.008898,-0.367259
1923,32.050000,171.167465,-37.783157,171.655777,0.505785,-0.008915,-0.367143
1924,32.066667,171.112137,-37.783745,171.668503,0.505784,-0.008828,-0.367175
1925,32.083333,171.415085,-37.704048,171.996674,0.505422,-0.009191,-0.367122
1926,32.100000,170.841370,-38.184723,171.237366,0.506516,-0.008673,-0.367673
1927,32.116667,171.149658,-37.780788,171.680008,0.505817,-0.008903,-0.367177
1928,32.133333,171.184158,-37.792770,171.705841,0.505815,-0.008916,-0.367211
1929,32.150000,171.377090,-37.727581,171.969254,0.505545,-0.009105,-0.367121
1930,32.166667,171.173416,-37.808453,171.680542,0.505873,-0.008875,-0.367205
1931,32.183333,171.217789,-37.796349,171.697296,0.505835,-0.008836,-0.367210
1932,32.200000,170.989487,-37.568790,171.842926,0.505913,-0.009001,-0.366903
1933,32.216667,171.036392,-37.532986,171.809647,0.505878,-0.009018,-0.367013
1934,32.233333,170.996841,-37.571701,171.807831,0.505909,-0.008987,-0.366907
1935,32.250000,171.027679,-37.553783,171.813950,0.505860,-0.009056,-0.366894
1936,32.266667,171.034698,-37.551788,171.783707,0.505886,-0.009034,-0.366972
1937,32.283333,171.279984,-37.771091,171.749664,0.505604,-0.008901,-0.367200
1938,32.300000,171.213745,-37.776539,171.637680,0.505743,-0.008872,-0.367272
1939,32.316667,171.169647,-37.775490,171.610550,0.505773,-0.008895,-0.367248
1940,32.333333,171.130630,-37.761898,171.625732,0.505780,-0.008866,-0.367174
1941,32.350000,171.384415,-37.706573,171.979248,0.505344,-0.009149,-0.367129
1942,32.366667,171.049225,-37.755936,171.597870,0.505819,-0.008881,-0.367177
1943,32.383333,171.026886,-37.743214,171.602829,0.505837,-0.008863,-0.367197
1944,32.400000,171.012283,-37.746796,171.626831,0.505864,-0.008884,-0.367184
1945,32.416667,171.443680,-37.659985,171.936707,0.505364,-0.009354,-0.367231
1946,32.433333,171.449005,-37.695942,171.987686,0.505287,-0.009364,-0.367180
1947,32.450000,171.648483,-37.645885,171.995285,0.505247,-0.009540,-0.367426
1948,32.466667,170.799896,-37.770943,171.619186,0.505873,-0.008789,-0.367022
1949,32.483333,171.364716,-37.619812,171.987381,0.505256,-0.009401,-0.367065
1950,32.500000,171.352371,-37.679737,171.958176,0.505357,-0.009329,-0.367155
1951,32.516667,170.883728,-37.721424,171.660461,0.505750,-0.008833,-0.367039
1952,32.533333,171.851746,-37.645069,171.941452,0.505198,-0.009820,-0.367712
1953,32.550000,171.864441,-37.628128,171.900330,0.505247,-0.009837,-0.367737
1954,32.566667,170.795700,-37.759323,171.619522,0.505781,-0.008738,-0.367027
1955,32.583333,170.910629,-37.730400,171.643250,0.505724,-0.008834,-0.367117
1956,32.600000,170.807281,-37.763340,171.606476,0.505748,-0.008742,-0.367067
1957,32.616667,171.509369,-37.675087,171.899582,0.505286,-0.009426,-0.367467
1958,32.633333,170.777359,-37.757923,171.594254,0.505744,-0.008729,-0.367028
1959,32.650000,170.782074,-37.767944,171.613113,0.505741,-0.008742,-0.367012
1960,32.666667,171.846436,-37.644859,171.920242,0.505179,-0.009759,-0.367814
1961,32.683333,171.880600,-37.666519,171.864853,0.505249,-0.009781,-0.367996
1962,32.700000,172.232162,-37.596375,171.927017,0.505033,-0.010263,-0.368177
1963,32.716667,171.647430,-37.686909,171.871857,0.505305,-0.009573,-0.367622
1964,32.733333,171.783966,-37.692738,171.822510,0.505338,-0.009696,-0.367966
1965,32.750000,171.900833,-37.659695,171.874252,0.505259,-0.009906,-0.367915
1966,32.766667,170.804840,-37.755089,171.614761,0.505785,-0.008925,-0.366945
1967,32.783333,171.354782,-37.686485,171.868729,0.505445,-0.009338,-0.367357
1968,32.800000,170.738495,-37.731083,171.642548,0.505814,-0.008740,-0.366965
1969,32.816667,171.513657,-37.698021,171.918610,0.505391,-0.009468,-0.367423
1970,32.833333,171.323517,-37.670403,171.883118,0.505497,-0.009271,-0.367290
1971,32.850000,171.264999,-37.713062,171.884888,0.505525,-0.009232,-0.367175
1972,32.866667,171.347351,-37.631504,171.960388,0.505382,-0.009331,-0.367194
1973,32.883333,171.289948,-37.716476,171.913712,0.505487,-0.009247,-0.367158
1974,32.900000,170.103592,-37.849110,170.658951,0.506922,-0.008233,-0.367254
1975,32.916667,170.794159,-37.785507,171.645813,0.505810,-0.008813,-0.366955
1976,32.933333,171.364166,-37.671669,171.944031,0.505330,-0.009396,-0.367170
1977,32.950000,171.394241,-37.694931,171.927551,0.505328,-0.009458,-0.367229
1978,32.966667,171.580505,-37.687012,171.877975,0.505356,-0.009613,-0.367519
1979,32.983333,171.369949,-37.686790,171.859100,0.505418,-0.009392,-0.367331
1980,33.000000,171.644379,-37.721016,171.817398,0.505489,-0.009668,-0.367785
1981,33.016667,172.174606,-37.672478,171.875809,0.505306,-0.010217,-0.368272
1982,33.033333,171.659821,-37.703495,171.871033,0.505390,-0.009696,-0.367684
1983,33.050000,171.534683,-37.719151,171.818695,0.505535,-0.009590,-0.367683
1984,33.066667,171.283249,-37.715347,171.851578,0.505567,-0.009350,-0.367308
1985,33.083333,171.682571,-37.308781,172.128403,0.504925,-0.010035,-0.366867
1986,33.100000,171.171280,-37.721062,171.897675,0.505608,-0.009286,-0.367132
1987,33.116667,171.229630,-37.373165,172.108246,0.505281,-0.009545,-0.366429
1988,33.133333,171.209595,-37.328629,172.221802,0.505093,-0.009674,-0.366261
1989,33.150000,171.622787,-37.273727,172.134354,0.505123,-0.009913,-0.366833
1990,33.166667,171.739914,-37.272644,172.067535,0.505210,-0.009905,-0.367092
1991,33.183333,171.161804,-37.361298,172.145935,0.505234,-0.009573,-0.366305
1992,33.200000,171.149139,-37.360935,172.090149,0.505306,-0.009519,-0.366378
1993,33.216667,171.453049,-37.306110,172.089905,0.505095,-0.009855,-0.366684
1994,33.233333,171.597031,-37.297981,172.058685,0.505084,-0.009950,-0.366872
1995,33.250000,171.868027,-37.344971,171.990967,0.505060,-0.010209,-0.367261
1996,33.266667,170.988739,-37.365723,172.255249,0.504944,-0.009610,-0.365941
1997,33.283333,171.651932,-37.370327,172.036240,0.504955,-0.010051,-0.366980
1998,33.300000,171.874329,-37.380581,171.966492,0.504985,-0.010282,-0.367292
1999,33.316667,171.944595,-37.343468,171.949905,0.504979,-0.010408,-0.367368
2000,33.333333,171.830765,-37.212330,172.076126,0.504793,-0.010365,-0.367072
2001,33.350000,171.752365,-37.337009,172.016983,0.504958,-0.010169,-0.367132
2002,33.366667,171.815536,-37.342392,171.976547,0.505128,-0.010104,-0.367284
2003,33.383333,171.674713,-37.381542,171.942596,0.505207,-0.009967,-0.367175
2004,33.400000,171.782379,-37.395988,171.940735,0.505181,-0.010123,-0.367298
2005,33.416667,171.655487,-37.383991,171.960403,0.505191,-0.009983,-0.367093
2006,33.433333,171.690170,-37.386471,171.973129,0.505228,-0.009899,-0.367186
2007,33.450000,171.963638,-37.336891,171.999023,0.504971,-0.010377,-0.367362
2008,33.466667,171.138062,-37.752331,171.816711,0.505621,-0.009230,-0.367234
2009,33.483333,171.398758,-37.715126,171.842026,0.505517,-0.009458,-0.367494
2010,33.500000,171.739731,-37.347843,172.045380,0.504898,-0.010064,-0.367064
2011,33.516667,171.488266,-37.700699,171.862457,0.505325,-0.009580,-0.367524
2012,33.533333,171.595657,-37.703823,171.774963,0.505384,-0.009675,-0.367814
2013,33.550000,171.610321,-37.722099,171.762711,0.505373,-0.009694,-0.367850
2014,33.566667,171.903061,-37.704529,171.794388,0.505226,-0.010020,-0.368106
2015,33.583333,171.571671,-37.760387,171.834503,0.505228,-0.009676,-0.367724
2016,33.600000,171.688980,-37.708988,172.006790,0.504784,-0.009747,-0.367724
2017,33.616667,171.708679,-37.740402,171.761322,0.505285,-0.009783,-0.367986
2018,33.633333,170.563248,-38.008106,171.336807,0.506049,-0.008826,-0.367280
2019,33.650000,171.321854,-37.782120,171.754837,0.505447,-0.009459,-0.367592
2020,33.666667,171.543228,-37.754017,171.985321,0.504951,-0.009686,-0.367599
2021,33.683333,171.695389,-37.628391,171.470428,0.505697,-0.009645,-0.368050
2022,33.700000,171.836639,-37.352585,171.906204,0.505000,-0.010294,-0.367351
2023,33.716667,171.677628,-37.354645,171.942596,0.505157,-0.009996,-0.367205
2024,33.733333,171.149445,-37.423660,172.071594,0.505193,-0.009458,-0.366548
2025,33.750000,170.989594,-37.601780,172.195526,0.505103,-0.008840,-0.366594
2026,33.766667,171.598602,-37.400814,171.991791,0.505103,-0.010049,-0.367085
2027,33.783333,171.069595,-37.550114,172.156784,0.505110,-0.008928,-0.366714
2028,33.800000,171.046722,-37.554386,172.133453,0.505142,-0.008874,-0.366728
2029,33.816667,171.104187,-37.527344,172.406189,0.504647,-0.008991,-0.366575
2030,33.833333,171.405396,-37.491158,172.201141,0.504922,-0.009182,-0.367137
2031,33.850000,171.141922,-37.550098,172.303543,0.504847,-0.008955,-0.366646
2032,33.866667,171.223648,-37.507328,172.176193,0.504945,-0.009028,-0.366900
2033,33.883333,171.642838,-37.342342,171.982697,0.505055,-0.009868,-0.367217
2034,33.900000,171.389481,-37.478786,172.195801,0.504846,-0.009191,-0.367028
2035,33.916667,172.146973,-37.494251,171.451401,0.505591,-0.010239,-0.368437
2036,33.933333,172.190613,-37.471340,171.442551,0.505631,-0.010313,-0.368481
2037,33.950000,171.990417,-37.320091,171.989029,0.504769,-0.010486,-0.367391
2038,33.966667,171.870468,-37.353481,171.964951,0.504849,-0.010383,-0.367254
2039,33.983333,170.582535,-37.953941,171.503387,0.506023,-0.008857,-0.367051
2040,34.000000,171.733047,-37.353672,172.020691,0.504914,-0.010116,-0.367109
2041,34.016667,171.720963,-37.371216,171.984222,0.505035,-0.010062,-0.367150
2042,34.033333,171.719406,-37.247452,172.008789,0.505055,-0.010046,-0.367125
2043,34.050000,171.911057,-37.233223,172.073334,0.504739,-0.010440,-0.367194
2044,34.066667,171.656570,-37.366512,172.006958,0.505008,-0.010045,-0.367043
2045,34.083333,171.452621,-37.294525,171.993454,0.505089,-0.009882,-0.366832
2046,34.100000,171.627640,-37.416409,171.996262,0.505046,-0.009966,-0.367037
2047,34.116667,171.963043,-37.347675,171.957031,0.504982,-0.010371,-0.367408
2048,34.133333,171.854477,-37.375229,171.922958,0.505033,-0.010277,-0.367291
2049,34.150000,171.955002,-37.372269,171.975891,0.504920,-0.010393,-0.367329
2050,34.166667,171.210861,-37.781609,171.831314,0.505599,-0.009280,-0.367282
2051,34.183333,171.459595,-37.397320,172.178101,0.504857,-0.009796,-0.366574
2052,34.200000,171.404373,-37.757473,171.846222,0.505529,-0.009433,-0.367474
2053,34.216667,171.496353,-37.731838,171.804138,0.505562,-0.009490,-0.367678
2054,34.233333,171.103729,-37.786976,171.812790,0.505649,-0.009205,-0.367167
2055,34.250000,171.016922,-37.748810,171.833862,0.505644,-0.009102,-0.367110
2056,34.266667,171.384537,-37.743046,171.831177,0.505537,-0.009439,-0.367474
2057,34.283333,171.118118,-37.789059,171.807022,0.505633,-0.009257,-0.367211
2058,34.300000,171.965164,-37.337688,172.069138,0.504734,-0.010421,-0.367254
2059,34.316667,172.011703,-37.290424,172.030548,0.504775,-0.010501,-0.367363
2060,34.333333,171.906891,-37.352024,171.950272,0.504966,-0.010293,-0.367396
2061,34.350000,171.927917,-37.335144,171.998642,0.504845,-0.010385,-0.367314
2062,34.366667,171.007248,-37.801414,171.763763,0.505645,-0.009165,-0.367158
2063,34.383333,171.985672,-37.325619,172.034561,0.504750,-0.010472,-0.367355
2064,34.400000,171.850327,-37.329510,172.002487,0.504963,-0.010094,-0.367369
2065,34.416667,172.023315,-37.327904,172.041794,0.504718,-0.010544,-0.367421
2066,34.433333,171.411530,-37.418385,171.969131,0.505129,-0.009757,-0.366892
2067,34.450000,171.231949,-37.643314,172.501373,0.504463,-0.009031,-0.366623
2068,34.466667,170.943161,-37.623329,172.042099,0.505207,-0.008874,-0.366756
2069,34.483333,171.035492,-37.578499,172.031693,0.505224,-0.008956,-0.366947
2070,34.500000,171.098709,-37.648148,172.290573,0.504815,-0.008956,-0.366744
2071,34.516667,171.067307,-37.667210,172.408997,0.504685,-0.008955,-0.366609
2072,34.533333,170.948013,-37.594151,171.991043,0.505297,-0.008930,-0.366916
2073,34.550000,171.001663,-37.585339,172.123474,0.505153,-0.008944,-0.366847
2074,34.566667,170.623352,-37.701805,171.961182,0.505461,-0.008677,-0.366497
2075,34.583333,170.977020,-37.608574,172.116516,0.505139,-0.008953,-0.366835
2076,34.600000,169.884842,-37.801674,170.138641,0.507624,-0.007867,-0.367487
2077,34.616667,170.184647,-37.807392,170.384613,0.507290,-0.008129,-0.367731
2078,34.633333,170.585358,-37.740677,170.965668,0.506655,-0.008360,-0.367529
2079,34.650000,169.883698,-37.847851,170.099823,0.507677,-0.007809,-0.367572
2080,34.666667,169.861435,-37.942711,170.231262,0.507506,-0.007781,-0.367535
2081,34.683333,171.098312,-37.649849,172.316803,0.504717,-0.009056,-0.366752
2082,34.700000,171.301224,-37.607136,172.357834,0.504584,-0.009187,-0.366979
2083,34.716667,171.376236,-37.609837,172.468277,0.504398,-0.009170,-0.366967
2084,34.733333,171.311401,-37.595592,172.420197,0.504453,-0.009188,-0.366906
2085,34.750000,171.418594,-37.580868,172.493820,0.504349,-0.009214,-0.366969
2086,34.766667,171.057617,-37.669899,172.416138,0.504589,-0.008931,-0.366520
2087,34.783333,171.176392,-37.652584,172.446030,0.504538,-0.009002,-0.366623
2088,34.800000,170.806931,-37.694626,172.058853,0.505214,-0.008762,-0.366527
2089,34.816667,170.799271,-37.672745,172.054596,0.505204,-0.008753,-0.366515
2090,34.833333,171.412857,-37.581944,172.478897,0.504379,-0.009223,-0.366902
2091,34.850000,171.408264,-37.573513,172.483688,0.504387,-0.009187,-0.366886
2092,34.866667,171.121185,-37.599022,172.304062,0.504805,-0.008935,-0.366621
2093,34.883333,171.755646,-37.471741,172.064499,0.504724,-0.010061,-0.367323
2094,34.900000,171.483948,-37.574158,172.545364,0.504226,-0.009198,-0.366935
2095,34.916667,171.526672,-37.538235,172.547440,0.504176,-0.009224,-0.366976
2096,34.933333,171.433792,-37.596123,172.535400,0.504225,-0.009157,-0.366821
2097,34.950000,171.439346,-37.595371,172.497757,0.504247,-0.009171,-0.366867
2098,34.966667,170.947067,-37.987297,171.839233,0.505273,-0.008898,-0.367373
2099,34.983333,170.955383,-37.976818,171.865601,0.505206,-0.008928,-0.367354
2100,35.000000,171.137711,-37.817257,171.641708,0.505352,-0.008993,-0.367428
2101,35.016667,171.379333,-37.919727,171.973053,0.504906,-0.009515,-0.367461
