Format Version,1.23,Take Name,Take 2025-07-31 09.39.20 AM,Take Notes,,Capture Frame Rate,60.000000,Export Frame Rate,60.000000,Capture Start Time,2025-07-31 09.39.20.759 AM,Total Frames in Take,1623,Total Exported Frames,1623,Rotation Type,XYZ,Length Units,Meters,Coordinate Space,Global

,Type,Rigid Body,Rigid Body,Rigid Body,Rigid Body,Rigid Body,Rigid Body
,Name,Ball,Ball,Ball,Ball,Ball,Ball
,ID,"CF199A9F6DD111F05A805CBF6EB0E395","CF199A9F6DD111F05A805CBF6EB0E395","CF199A9F6DD111F05A805CBF6EB0E395","CF199A9F6DD111F05A805CBF6EB0E395","CF199A9F6DD111F05A805CBF6EB0E395","CF199A9F6DD111F05A805CBF6EB0E395"
,,Rotation,Rotation,Rotation,Position,Position,Position
Frame,Time (Seconds),X,Y,Z,X,Y,Z
0,0.000000,9.797361,36.185307,-0.386901,0.746648,0.870884,0.160878
1,0.016667,9.439756,36.308449,-0.403123,0.745739,0.871514,0.165880
2,0.033333,10.182717,36.945267,0.571080,0.746564,0.872401,0.168449
3,0.050000,10.199997,36.868732,-0.711867,0.744466,0.873025,0.174360
4,0.066667,10.402082,37.375443,-0.560038,0.744273,0.873899,0.178334
5,0.083333,10.910604,37.485062,-0.272379,0.744103,0.874689,0.182440
6,0.100000,10.249620,37.308331,-1.859627,0.741725,0.875365,0.189995
7,0.116667,10.490628,37.911457,-0.949035,0.742225,0.876301,0.194335
8,0.133333,10.418234,37.995403,-1.692659,0.741001,0.877017,0.200258
9,0.150000,10.667457,38.250008,-2.054830,0.739770,0.878627,0.205967
10,0.166667,9.625944,38.201485,-1.284551,0.740370,0.879751,0.212629
11,0.183333,9.912534,38.627655,-1.355911,0.739627,0.881173,0.218122
12,0.200000,10.098836,39.004436,-1.319793,0.739140,0.882496,0.223866
13,0.216667,9.586440,39.028042,-1.090583,0.738685,0.884397,0.230713
14,0.233333,9.137914,39.194920,-0.983770,0.738525,0.885681,0.237638
15,0.250000,9.578050,39.194618,-1.308404,0.737926,0.888252,0.243997
16,0.266667,9.557039,39.446774,-1.680237,0.737457,0.890232,0.251148
17,0.283333,9.072734,39.528130,-1.659579,0.737029,0.892861,0.258227
18,0.300000,9.484971,39.681789,-2.569045,0.736355,0.894613,0.265187
19,0.316667,8.824571,39.934635,-1.639675,0.737007,0.897833,0.271837
20,0.333333,8.541366,39.764061,-2.231976,0.735995,0.900335,0.279802
21,0.350000,8.115212,39.943169,-1.300717,0.737090,0.902955,0.286446
22,0.366667,8.312996,40.288860,-1.948794,0.735823,0.905704,0.294224
23,0.383333,7.856180,40.243534,-1.057518,0.736920,0.908126,0.301163
24,0.400000,7.948321,40.330097,-1.787935,0.736187,0.910301,0.308928
25,0.416667,7.888313,40.325901,-1.444688,0.736535,0.912636,0.316369
26,0.433333,,,,,,
27,0.450000,8.005376,40.388214,-2.465364,0.736569,0.916611,0.331005
28,0.466667,7.216365,40.474567,-2.323225,0.737627,0.918165,0.339238
29,0.483333,7.687368,40.433170,-2.835987,0.737400,0.920464,0.346195
30,0.500000,7.515552,40.104008,-3.730690,0.736700,0.922405,0.353930
31,0.516667,6.396057,39.934963,-2.908723,0.737895,0.924427,0.362257
32,0.533333,6.438930,40.354355,-2.792659,0.739310,0.925759,0.368970
33,0.550000,5.709537,40.516251,-2.782325,0.739597,0.928133,0.376844
34,0.566667,5.376472,40.751633,-2.492822,0.740393,0.929384,0.384015
35,0.583333,5.727508,40.402245,-3.245168,0.740511,0.931889,0.390897
36,0.600000,5.547968,40.445286,-3.004118,0.742227,0.932731,0.397561
37,0.616667,5.264408,39.866619,-3.630142,0.742516,0.934938,0.405097
38,0.633333,4.578006,39.990559,-2.495992,0.745079,0.936425,0.411383
39,0.650000,4.690459,39.622612,-3.423114,0.745319,0.938391,0.418341
40,0.666667,4.562817,39.963932,-3.172228,0.747016,0.939472,0.424305
41,0.683333,4.220503,39.822178,-3.948809,0.747108,0.940920,0.431327
42,0.700000,3.197367,39.805332,-2.576336,0.750003,0.942408,0.437380
43,0.716667,2.669151,39.733318,-2.423209,0.751596,0.944076,0.443329
44,0.733333,2.981660,39.652840,-1.593503,0.754107,0.944971,0.447704
45,0.750000,2.150185,39.699017,-0.999781,0.756299,0.946014,0.453490
46,0.766667,2.347077,39.081348,-0.782218,0.758187,0.947288,0.458064
47,0.783333,1.548402,39.018093,-1.585417,0.759188,0.948560,0.464516
48,0.800000,2.216011,38.900570,-2.510567,0.759976,0.950052,0.468617
49,0.816667,1.830211,38.760303,-1.729269,0.763558,0.950935,0.472281
50,0.833333,0.821356,38.338650,-1.289776,0.765613,0.952718,0.477252
51,0.850000,0.839452,38.263496,-1.955333,0.766933,0.954055,0.481229
52,0.866667,0.053533,38.044811,-1.583031,0.769058,0.955339,0.485004
53,0.883333,-0.316504,37.883667,-0.710805,0.772162,0.956414,0.487564
54,0.900000,-1.270239,37.981243,0.582172,0.775153,0.957220,0.490628
55,0.916667,-0.774851,37.345470,-0.402074,0.776242,0.957886,0.493417
56,0.933333,-1.036958,37.364014,0.101651,0.778724,0.958212,0.495438
57,0.950000,-0.761152,36.908604,0.165659,0.780733,0.958514,0.497175
58,0.966667,-0.266613,36.539116,-0.341505,0.782671,0.958572,0.498659
59,0.983333,-0.593118,36.283550,-0.578899,0.784735,0.957891,0.500578
60,1.000000,0.237010,35.837864,-0.755110,0.786782,0.958162,0.500789
61,1.016667,0.381695,35.089676,-0.574393,0.789400,0.957722,0.501489
62,1.033333,-0.286964,35.126442,-0.542735,0.792067,0.957181,0.502697
63,1.050000,0.805124,34.818233,-1.808703,0.793171,0.956974,0.502285
64,1.066667,0.892618,34.152519,-1.847344,0.794667,0.956377,0.501856
65,1.083333,0.146106,33.601791,-0.318841,0.799437,0.955112,0.501044
66,1.100000,0.768564,33.687737,-0.732725,0.800748,0.954965,0.500256
67,1.116667,1.113764,33.380589,-1.812114,0.802069,0.953691,0.499640
68,1.133333,1.479169,32.733509,-1.458200,0.804967,0.952375,0.497381
69,1.150000,1.158939,32.292519,-0.698243,0.808188,0.952210,0.496524
70,1.166667,1.780805,31.727530,-0.551955,0.811443,0.950576,0.494004
71,1.183333,1.698923,31.343712,-1.350757,0.813223,0.948487,0.492552
72,1.200000,2.432558,31.156366,-2.127761,0.814963,0.946481,0.489569
73,1.216667,2.217274,30.562860,-0.270266,0.819989,0.945017,0.486718
74,1.233333,2.006718,30.174799,-0.992087,0.821548,0.942996,0.484760
75,1.250000,1.688462,29.852852,-1.041653,0.823644,0.941102,0.482259
76,1.266667,0.815270,29.322006,0.558976,0.828679,0.938783,0.478963
77,1.283333,0.464094,28.827131,0.816080,0.831418,0.937240,0.475996
78,1.300000,0.356014,28.326706,1.286546,0.834995,0.935407,0.472042
79,1.316667,0.586100,27.992502,1.334749,0.837883,0.933653,0.468158
80,1.333333,0.539220,27.474310,1.272462,0.840644,0.932650,0.464366
81,1.350000,0.697461,27.027447,1.501729,0.843582,0.930834,0.459754
82,1.366667,1.445714,26.502932,1.627206,0.846579,0.929717,0.454565
83,1.383333,1.311425,26.139317,1.283656,0.848918,0.927714,0.450036
84,1.400000,1.508965,25.284117,1.557304,0.852735,0.926086,0.444992
85,1.416667,1.725308,24.747679,2.474072,0.856628,0.925125,0.438983
86,1.433333,1.615318,24.480066,1.964304,0.858295,0.923622,0.434355
87,1.450000,1.832604,23.941778,3.134595,0.862922,0.922715,0.428114
88,1.466667,1.871371,23.619785,3.513146,0.864993,0.922127,0.422578
89,1.483333,1.408546,23.255665,3.783790,0.868316,0.920820,0.417511
90,1.500000,1.673806,22.792395,3.935739,0.871009,0.919706,0.410996
91,1.516667,1.435757,21.793255,4.254912,0.873713,0.919086,0.405775
92,1.533333,2.583782,21.505129,3.527845,0.875370,0.918122,0.398326
93,1.550000,2.578668,21.043060,4.559594,0.878868,0.917511,0.391956
94,1.566667,2.332667,20.505133,4.630496,0.881094,0.916945,0.386273
95,1.583333,2.826192,19.905891,5.204013,0.883702,0.916497,0.379080
96,1.600000,3.003138,19.337505,4.921040,0.884873,0.915970,0.372953
97,1.616667,3.086677,19.044489,5.884836,0.887989,0.915693,0.366129
98,1.633333,3.895043,18.463186,6.082864,0.889720,0.915547,0.358802
99,1.650000,3.206049,17.953363,7.203983,0.892327,0.915030,0.352849
100,1.666667,3.977028,17.702208,7.472731,0.893507,0.915255,0.345386
101,1.683333,4.249723,17.477171,7.535843,0.894656,0.915098,0.338442
102,1.700000,4.041797,16.771250,8.365617,0.896881,0.914786,0.332408
103,1.716667,4.216093,15.940429,6.448551,0.894630,0.913688,0.326301
104,1.733333,4.882988,15.712060,7.836996,0.897767,0.913280,0.318825
105,1.750000,5.380099,15.168343,7.622528,0.897388,0.912799,0.311823
106,1.766667,5.208353,14.396403,7.474476,0.897390,0.912159,0.306339
107,1.783333,5.271408,14.129014,8.050458,0.897796,0.911588,0.299621
108,1.800000,5.798366,13.389142,7.104150,0.896063,0.910532,0.293680
109,1.816667,6.127703,13.222950,7.845278,0.896363,0.909947,0.287115
110,1.833333,6.189945,12.250871,7.536900,0.894775,0.908861,0.281096
111,1.850000,6.837296,12.152944,8.229660,0.894456,0.908420,0.274567
112,1.866667,7.225732,11.623152,8.090370,0.892796,0.907837,0.268987
113,1.883333,7.182064,11.302838,8.497915,0.892012,0.906381,0.263514
114,1.900000,7.529941,10.645866,8.177480,0.889798,0.905747,0.258020
115,1.916667,7.716472,9.632896,7.485454,0.886557,0.904970,0.253408
116,1.933333,7.887240,9.428045,8.237012,0.885518,0.904154,0.248031
117,1.950000,8.918973,9.163948,7.705140,0.881974,0.903026,0.242000
118,1.966667,8.144163,8.462992,9.118495,0.881737,0.902103,0.238563
119,1.983333,9.038589,8.298308,8.457496,0.877226,0.901359,0.233093
120,2.000000,8.779623,7.370150,7.540504,0.872754,0.900281,0.229518
121,2.016667,8.995427,7.368323,9.674587,0.872156,0.900176,0.225178
122,2.033333,9.689480,6.720000,8.270489,0.865982,0.899165,0.221475
123,2.050000,9.674599,6.331263,7.800639,0.861266,0.898229,0.218181
124,2.066667,9.670408,5.794948,8.396339,0.858428,0.897338,0.215038
125,2.083333,10.843683,5.565109,8.122235,0.853561,0.896812,0.211116
126,2.100000,10.829818,5.013695,7.503628,0.847946,0.896603,0.208812
127,2.116667,10.956741,4.343729,6.601967,0.842106,0.895518,0.206619
128,2.133333,10.432866,3.913454,7.409106,0.838982,0.894501,0.205322
129,2.150000,10.857140,3.358457,5.994309,0.831332,0.894451,0.203632
130,2.166667,11.086767,3.243987,6.383847,0.826603,0.893835,0.201872
131,2.183333,10.946278,2.665054,5.845658,0.820516,0.893645,0.201242
132,2.200000,11.064003,1.960319,6.162693,0.815774,0.893554,0.200455
133,2.216667,11.004659,1.698271,6.001247,0.809639,0.893446,0.200365
134,2.233333,11.174951,1.105061,4.888978,0.801745,0.893842,0.200462
135,2.250000,11.754871,1.002333,4.843075,0.796203,0.894340,0.199825
136,2.266667,10.948675,0.519127,4.189990,0.790124,0.893471,0.201473
137,2.283333,11.395696,-0.123760,3.340427,0.783367,0.893819,0.202222
138,2.300000,10.927828,-0.344673,3.023463,0.777131,0.894122,0.203792
139,2.316667,10.322714,-0.797558,2.569452,0.770793,0.893789,0.205810
140,2.333333,10.700027,-1.032206,2.718827,0.764981,0.894832,0.207455
141,2.350000,10.305542,-1.710079,2.059079,0.758644,0.895073,0.209743
142,2.366667,10.712200,-1.830502,1.930503,0.752382,0.895919,0.211844
143,2.383333,10.356318,-2.317676,2.027082,0.746898,0.895783,0.214753
144,2.400000,10.501605,-2.631645,1.627531,0.740622,0.896308,0.217923
145,2.416667,11.408299,-2.769210,1.281454,0.735108,0.896562,0.219664
146,2.433333,11.204283,-3.191046,1.197550,0.729728,0.896661,0.223562
147,2.450000,10.365204,-3.407938,0.759972,0.724182,0.897399,0.228857
148,2.466667,10.110072,-4.098686,0.011083,0.718969,0.896963,0.233040
149,2.483333,9.898158,-4.076491,0.206561,0.714186,0.898350,0.237296
150,2.500000,9.420635,-4.538002,-1.502120,0.707728,0.897601,0.242443
151,2.516667,9.580324,-4.712036,-1.001560,0.704106,0.898112,0.246819
152,2.533333,8.774206,-5.303964,-2.199043,0.698469,0.898542,0.252441
153,2.550000,7.755228,-5.615746,-0.874275,0.696703,0.898954,0.259101
154,2.566667,7.874149,-5.822066,-1.243762,0.692532,0.900030,0.264237
155,2.583333,7.419840,-5.980279,-2.040496,0.688263,0.900593,0.270529
156,2.600000,7.617720,-6.165232,-2.132652,0.685113,0.902277,0.275869
157,2.616667,7.384886,-6.604219,-1.546071,0.683747,0.902814,0.282142
158,2.633333,6.496807,-6.886250,-2.340047,0.680301,0.904284,0.289793
159,2.650000,6.404195,-6.921964,-3.233336,0.677271,0.905712,0.295583
160,2.666667,5.622175,-7.253584,-3.248343,0.675870,0.907717,0.302992
161,2.683333,5.578238,-7.283219,-3.545967,0.674414,0.909280,0.308964
162,2.700000,4.927257,-7.519660,-3.916953,0.672997,0.910560,0.315786
163,2.716667,4.570508,-7.499133,-3.326222,0.673342,0.913077,0.322853
164,2.733333,3.374087,-7.904525,-2.390116,0.674075,0.914654,0.331174
165,2.750000,3.663097,-7.853993,-3.395744,0.672991,0.916711,0.337497
166,2.766667,3.128202,-8.155149,-2.875235,0.674797,0.917516,0.345050
167,2.783333,3.426411,-8.165455,-3.967656,0.673747,0.919008,0.350873
168,2.800000,3.316019,-8.225120,-3.410273,0.675762,0.921729,0.357488
169,2.816667,2.388916,-8.375212,-3.561310,0.677661,0.922877,0.365376
170,2.833333,2.197846,-8.565890,-3.931716,0.679193,0.925384,0.371815
171,2.850000,1.916187,-8.728874,-3.415714,0.682508,0.927005,0.379009
172,2.866667,0.784583,-8.864058,-2.327836,0.686999,0.928804,0.386654
173,2.883333,1.282647,-8.646266,-2.998676,0.689193,0.931352,0.391684
174,2.900000,0.956133,-8.892655,-2.320806,0.693344,0.932895,0.398453
175,2.916667,0.794702,-8.999907,-1.829651,0.697163,0.935274,0.404885
176,2.933333,1.098110,-9.134155,-0.647526,0.703110,0.937822,0.410441
177,2.950000,1.092784,-9.356177,-0.844491,0.707446,0.939133,0.416067
178,2.966667,0.601414,-9.603039,-1.105484,0.710971,0.941759,0.422260
179,2.983333,0.686770,-9.499682,-0.540476,0.717470,0.943657,0.427856
180,3.000000,0.284446,-9.378341,0.121835,0.723616,0.945975,0.433448
181,3.016667,0.139364,-9.650310,-0.201878,0.728379,0.947625,0.438604
182,3.033333,-0.322998,-9.413945,0.050973,0.734903,0.950270,0.444227
183,3.050000,-0.724026,-9.543943,-0.244742,0.740510,0.952656,0.448770
184,3.066667,-1.118453,-9.280200,-0.167190,0.747084,0.954523,0.453815
185,3.083333,-1.073736,-9.487679,1.440674,0.755608,0.956575,0.457709
186,3.100000,-1.776010,-9.866275,1.776822,0.762436,0.959021,0.463082
187,3.116667,-1.259414,-9.492335,2.535208,0.770679,0.961218,0.466235
188,3.133333,-1.555853,-9.847873,2.140656,0.776842,0.963601,0.470066
189,3.150000,-1.261271,-9.521775,1.369696,0.782265,0.966058,0.472427
190,3.166667,-1.171942,-10.257737,2.515403,0.791505,0.967640,0.475251
191,3.183333,-2.027544,-9.719893,1.280838,0.797957,0.970243,0.478783
192,3.200000,-1.970263,-9.621850,2.700617,0.807434,0.971352,0.481178
193,3.216667,-2.731082,-9.425324,2.562267,0.814849,0.974799,0.483713
194,3.233333,-2.103343,-9.162604,3.001262,0.823055,0.977170,0.484570
195,3.250000,-2.143328,-9.226843,3.478045,0.831390,0.979120,0.486080
196,3.266667,-3.681989,-9.328437,5.116958,0.841789,0.981541,0.489245
197,3.283333,-2.427673,-8.986408,4.201501,0.847739,0.983098,0.488221
198,3.300000,-2.656152,-9.050434,4.478861,0.856071,0.985019,0.489329
199,3.316667,-2.029205,-8.955680,4.605949,0.864233,0.986802,0.488425
200,3.333333,-2.018347,-8.843229,4.751648,0.872031,0.987950,0.488224
201,3.350000,-1.331193,-8.801509,5.592076,0.881227,0.989423,0.486956
202,3.366667,-1.932343,-8.492902,5.342019,0.888614,0.990764,0.486539
203,3.383333,-1.222153,-8.448902,6.071905,0.897425,0.991891,0.485014
204,3.400000,-1.383508,-8.062126,6.183697,0.905577,0.992117,0.483278
205,3.416667,-1.626180,-7.908870,6.639274,0.913724,0.992655,0.482099
206,3.433333,-1.390085,-7.821388,6.865749,0.921747,0.992855,0.479997
207,3.450000,-1.217595,-7.736027,7.176331,0.929663,0.992463,0.477045
208,3.466667,-1.206966,-7.351091,6.789065,0.936226,0.992174,0.474358
209,3.483333,-1.112701,-7.478032,7.805912,0.945049,0.991642,0.472291
210,3.500000,-0.005352,-7.154332,8.387843,0.953281,0.990754,0.467884
211,3.516667,0.095695,-7.363640,8.275099,0.959506,0.989802,0.464072
212,3.533333,0.791021,-6.875138,7.790117,0.965776,0.988625,0.460104
213,3.550000,1.153285,-6.471310,8.365128,0.973514,0.986744,0.456080
214,3.566667,1.162132,-5.979072,8.923794,0.980513,0.985935,0.452039
215,3.583333,1.443326,-6.165851,8.105774,0.985299,0.983716,0.447001
216,3.600000,1.110847,-5.797150,7.974148,0.991598,0.981979,0.443060
217,3.616667,1.585805,-5.366655,8.753682,0.998416,0.979968,0.437829
218,3.633333,1.233071,-5.101196,9.108084,1.004987,0.977249,0.433591
219,3.650000,1.734454,-4.988927,9.752650,1.011318,0.975757,0.428777
220,3.666667,2.583599,-4.601777,9.977263,1.016471,0.973966,0.422722
221,3.683333,2.625320,-4.235366,10.392591,1.021772,0.972074,0.417935
222,3.700000,3.735052,-3.521372,10.364053,1.026252,0.969324,0.410762
223,3.716667,4.031605,-3.611184,10.695815,1.030627,0.967408,0.405169
224,3.733333,4.487962,-2.704142,10.947488,1.035534,0.966016,0.399499
225,3.750000,4.189346,-2.874225,10.993412,1.038818,0.964304,0.394140
226,3.766667,4.754494,-2.078550,9.923820,1.041786,0.961731,0.387761
227,3.783333,4.228404,-1.528317,10.616817,1.045929,0.960100,0.382537
228,3.800000,4.498147,-1.447228,9.513764,1.046884,0.958255,0.376489
229,3.816667,5.213568,-0.422688,11.226130,1.051162,0.957999,0.369792
230,3.833333,4.608057,-0.452167,10.953200,1.053598,0.954981,0.364799
231,3.850000,5.378695,0.007751,10.870845,1.055756,0.953080,0.358442
232,3.866667,5.336446,0.727344,12.136781,1.058809,0.951650,0.353042
233,3.883333,5.972019,1.053283,11.273081,1.059371,0.949491,0.346853
234,3.900000,6.046752,1.653801,10.550828,1.058888,0.947809,0.340917
235,3.916667,6.106089,2.051994,9.870506,1.058718,0.945732,0.335106
236,3.933333,5.939537,2.238897,10.086362,1.059537,0.944268,0.330284
237,3.950000,5.890316,2.705910,10.016550,1.059667,0.943174,0.324621
238,3.966667,5.869162,3.200077,9.349093,1.058578,0.940998,0.319096
239,3.983333,5.447704,3.970409,9.942432,1.058908,0.939281,0.314155
240,4.000000,5.973636,4.532543,9.876336,1.057970,0.938480,0.308106
241,4.016667,5.788187,4.954659,8.877832,1.055200,0.935881,0.303529
242,4.033333,5.926525,5.671999,9.680681,1.054976,0.934974,0.297800
243,4.050000,4.474640,6.579615,10.123231,1.054273,0.931728,0.294711
244,4.066667,6.522205,7.069995,8.852593,1.050739,0.930581,0.287514
245,4.083333,5.997384,7.037478,8.533162,1.047746,0.929359,0.283603
246,4.100000,6.239220,7.910047,8.460882,1.044863,0.927612,0.278549
247,4.116667,6.248218,8.643742,7.357417,1.040785,0.925126,0.273842
248,4.133333,5.829770,9.375301,8.174434,1.039698,0.923875,0.269757
249,4.150000,6.290201,9.861457,7.133218,1.035326,0.922438,0.264830
250,4.166667,5.840765,10.439437,6.771081,1.030671,0.920830,0.261154
251,4.183333,5.227694,11.188368,7.927502,1.029541,0.919594,0.257649
252,4.200000,5.642246,11.937089,6.994520,1.024370,0.917559,0.252857
253,4.216667,5.826694,12.351411,5.943959,1.018453,0.916983,0.248974
254,4.233333,5.919310,13.117669,6.781384,1.015703,0.916316,0.245044
255,4.250000,6.822844,13.845572,5.283731,1.009468,0.915003,0.240446
256,4.266667,7.048611,14.657374,4.910158,1.004638,0.914663,0.236681
257,4.283333,7.811683,15.802292,4.170598,0.999262,0.913837,0.232166
258,4.300000,7.690874,16.379004,3.537282,0.993653,0.912900,0.228899
259,4.316667,7.347590,17.300081,4.815736,0.991639,0.912627,0.225308
260,4.333333,7.604337,17.934938,3.417352,0.984786,0.912505,0.222289
261,4.350000,7.284322,18.778772,3.584925,0.980082,0.912548,0.219883
262,4.366667,7.901304,19.689749,3.179996,0.974467,0.912315,0.216589
263,4.383333,7.762640,20.267597,2.566596,0.968283,0.912097,0.214577
264,4.400000,7.605658,21.013645,2.628582,0.963715,0.912211,0.212207
265,4.416667,8.566835,21.865337,1.954427,0.957494,0.911858,0.208921
266,4.433333,8.850477,22.924639,2.599131,0.953536,0.911949,0.206154
267,4.450000,9.209089,23.466881,1.882499,0.948237,0.911257,0.203328
268,4.466667,8.752275,24.461929,1.029886,0.941653,0.911310,0.202647
269,4.483333,8.722059,25.294344,1.081358,0.936613,0.911764,0.200640
270,4.500000,8.377391,26.255125,0.855166,0.931796,0.911296,0.199558
271,4.516667,8.438650,27.137159,0.302555,0.925379,0.911622,0.198079
272,4.533333,8.338860,28.348455,0.528761,0.921155,0.911855,0.196452
273,4.550000,8.065303,29.296038,0.839662,0.916481,0.911151,0.195270
274,4.566667,8.204629,30.358883,0.497467,0.911707,0.911311,0.194071
275,4.583333,8.649780,31.315506,-0.131547,0.905674,0.911313,0.193157
276,4.600000,9.061859,31.940987,-0.796676,0.900350,0.910556,0.192013
277,4.616667,9.695776,32.829510,-1.609594,0.894717,0.910106,0.190673
278,4.633333,9.476822,33.949291,-1.398956,0.890358,0.909981,0.190517
279,4.650000,9.248771,34.841125,-1.800877,0.885491,0.909543,0.190541
280,4.666667,9.259507,35.804520,-2.024756,0.880457,0.909225,0.190061
281,4.683333,8.994087,37.037399,-1.381832,0.877126,0.909124,0.189192
282,4.700000,9.106700,37.918026,-2.494347,0.871672,0.908500,0.189484
283,4.716667,9.023498,38.910225,-2.095254,0.868094,0.908117,0.189014
284,4.733333,9.350628,39.709526,-2.494423,0.863100,0.907879,0.189239
285,4.750000,9.579059,40.707752,-2.970622,0.858706,0.907535,0.189262
286,4.766667,9.859653,41.737591,-2.840869,0.854902,0.907026,0.188870
287,4.783333,10.015031,42.670410,-2.854545,0.851154,0.906627,0.188999
288,4.800000,10.961792,44.084156,-3.716208,0.846641,0.905833,0.188723
289,4.816667,10.776084,44.672474,-3.122891,0.843479,0.905617,0.189043
290,4.833333,11.168016,45.687691,-4.114816,0.838943,0.905252,0.189759
291,4.850000,10.981037,46.623848,-4.026814,0.835542,0.904281,0.190187
292,4.866667,10.975939,47.849770,-4.470551,0.831810,0.903933,0.191262
293,4.883333,11.208483,48.663200,-4.654819,0.827823,0.902807,0.191628
294,4.900000,10.278393,50.106655,-3.318929,0.826286,0.902890,0.192254
295,4.916667,11.452197,50.868370,-4.995532,0.821123,0.903027,0.193440
296,4.933333,11.690298,51.748890,-5.412685,0.818129,0.902141,0.194166
297,4.950000,11.158606,53.008438,-4.492237,0.815807,0.901982,0.194808
298,4.966667,11.268385,53.854370,-4.816869,0.812847,0.901734,0.196355
299,4.983333,13.256412,55.001907,-5.579441,0.809462,0.901174,0.195622
300,5.000000,12.367931,55.736076,-6.142445,0.806096,0.901340,0.198867
301,5.016667,12.259517,56.357960,-5.983823,0.803514,0.901328,0.199787
302,5.033333,13.299161,57.546551,-7.137774,0.799714,0.901396,0.201343
303,5.050000,14.054676,58.781353,-8.536785,0.796682,0.901388,0.202894
304,5.066667,13.896972,59.641556,-7.608159,0.795027,0.901694,0.203533
305,5.083333,13.612035,60.458076,-7.825625,0.792277,0.901715,0.205591
306,5.100000,14.874798,61.632931,-9.691217,0.788960,0.901623,0.207568
307,5.116667,15.275702,62.411633,-9.890154,0.786727,0.902402,0.209156
308,5.133333,17.623779,63.680218,-11.751165,0.783533,0.901884,0.209441
309,5.150000,18.233978,64.318596,-13.494376,0.780185,0.902276,0.212620
310,5.166667,16.874815,64.953888,-11.099685,0.779773,0.902772,0.213345
311,5.183333,17.707026,65.940590,-12.344350,0.777357,0.903256,0.216103
312,5.200000,16.718250,66.757828,-11.289017,0.776348,0.903363,0.218112
313,5.216667,18.090284,67.953842,-12.448906,0.773697,0.903831,0.219644
314,5.233333,17.790373,68.959160,-12.199783,0.772454,0.903720,0.221604
315,5.250000,18.240347,69.884560,-12.475206,0.770629,0.903776,0.223691
316,5.266667,18.561798,70.680382,-13.247751,0.768852,0.904434,0.225998
317,5.283333,17.736956,71.927238,-12.402413,0.767075,0.904678,0.228452
318,5.300000,21.443089,72.746422,-16.417578,0.764438,0.904873,0.230928
319,5.316667,19.932447,73.510132,-14.041538,0.763836,0.905085,0.232096
320,5.333333,22.031950,74.103249,-17.114630,0.761284,0.905602,0.235628
321,5.350000,24.689152,75.060570,-19.148125,0.759255,0.906310,0.237471
322,5.366667,25.277231,75.787598,-19.521372,0.757831,0.907063,0.239704
323,5.383333,27.450703,76.561241,-21.556318,0.756157,0.906377,0.242092
324,5.400000,28.468267,77.103600,-22.898540,0.754794,0.907358,0.245091
325,5.416667,27.776241,78.094543,-22.228842,0.754004,0.907219,0.247769
326,5.433333,30.525759,78.545944,-25.194258,0.751744,0.907267,0.250820
327,5.450000,34.073452,79.369934,-28.386583,0.750163,0.907496,0.253007
328,5.466667,34.812428,79.740242,-29.102074,0.748919,0.907746,0.256430
329,5.483333,40.667194,80.467567,-36.308113,0.746737,0.907069,0.260339
330,5.500000,44.742996,80.395401,-40.425270,0.744442,0.907125,0.263694
331,5.516667,46.522701,80.979515,-41.308735,0.744067,0.906874,0.265364
332,5.533333,48.495644,82.099648,-43.675381,0.743811,0.906697,0.269406
333,5.550000,56.149330,82.010971,-51.227917,0.741553,0.907051,0.272582
334,5.566667,60.762947,81.877487,-56.198856,0.739815,0.906176,0.275937
335,5.583333,64.792519,82.593842,-59.411716,0.739190,0.906070,0.278055
336,5.600000,68.415634,83.484901,-62.973942,0.739013,0.906432,0.281437
337,5.616667,73.261246,83.316956,-67.904106,0.737776,0.906597,0.284938
338,5.633333,81.600143,83.565506,-77.075905,0.736391,0.906374,0.289592
339,5.650000,83.788727,83.209320,-79.823799,0.735179,0.906627,0.293943
340,5.666667,88.975525,83.310143,-84.519760,0.734900,0.907059,0.296833
341,5.683333,94.966331,83.298157,-90.177689,0.733884,0.907290,0.300078
342,5.700000,99.463531,83.144737,-94.299225,0.733756,0.907282,0.303465
343,5.716667,104.243057,82.997536,-100.138489,0.732814,0.908049,0.308868
344,5.733333,108.397415,82.969643,-102.991287,0.732467,0.908021,0.310860
345,5.750000,112.649231,82.731850,-107.415894,0.731708,0.908409,0.314531
346,5.766667,117.497055,82.334976,-112.788170,0.731959,0.908049,0.319482
347,5.783333,120.509827,81.679802,-116.223701,0.731521,0.908406,0.323601
348,5.800000,122.037697,81.724915,-119.118134,0.731312,0.909392,0.329230
349,5.816667,128.251953,81.429443,-124.174629,0.732109,0.909350,0.331638
350,5.833333,126.685204,80.586555,-122.577049,0.731084,0.910310,0.335304
351,5.850000,129.211166,80.907455,-126.250122,0.732096,0.911131,0.340931
352,5.866667,130.329407,80.707336,-127.662956,0.732504,0.911954,0.344791
353,5.883333,130.614380,79.775421,-128.038879,0.732543,0.912888,0.349046
354,5.900000,132.650269,79.562347,-129.203964,0.733261,0.913824,0.352158
355,5.916667,134.465759,78.972847,-131.552795,0.733976,0.915151,0.356782
356,5.933333,133.926987,79.150299,-130.348587,0.734031,0.916312,0.359136
357,5.950000,135.892426,78.764008,-133.161697,0.735366,0.917878,0.364522
358,5.966667,137.906296,78.356438,-134.823807,0.736651,0.918562,0.367422
359,5.983333,137.558990,77.924263,-135.480927,0.737370,0.920293,0.372762
360,6.000000,139.815292,77.783127,-138.352234,0.739400,0.921318,0.377021
361,6.016667,140.602890,77.507919,-138.981171,0.741346,0.922711,0.380586
362,6.033333,138.772964,77.132904,-136.248077,0.741866,0.923719,0.382928
363,6.050000,140.039352,76.673439,-137.604965,0.743447,0.925863,0.386642
364,6.066667,142.941757,76.763901,-140.801880,0.746484,0.927034,0.390589
365,6.083333,141.635071,76.439468,-139.805176,0.747639,0.928277,0.394252
366,6.100000,142.620422,76.026352,-139.710571,0.750202,0.929466,0.396135
367,6.116667,142.813187,75.909866,-140.465775,0.752830,0.930534,0.400287
368,6.133333,142.813950,75.461525,-141.080933,0.754923,0.932758,0.404139
369,6.150000,143.477844,75.501396,-141.562469,0.758105,0.933768,0.406767
370,6.166667,142.789368,75.274063,-141.577545,0.760798,0.935072,0.410555
371,6.183333,145.107498,75.468269,-143.237503,0.764318,0.936008,0.412793
372,6.200000,143.277359,75.071053,-142.167511,0.766881,0.937215,0.416508
373,6.216667,144.398468,74.889938,-142.958939,0.769946,0.938560,0.418912
374,6.233333,145.380981,74.813538,-143.170807,0.774050,0.939018,0.420311
375,6.250000,145.556427,74.790810,-144.273056,0.777301,0.940726,0.424459
376,6.266667,145.249664,74.691147,-144.912003,0.781821,0.941052,0.427570
377,6.283333,147.444016,74.456795,-146.604691,0.786040,0.941640,0.429935
378,6.300000,145.441498,74.844887,-143.760941,0.789244,0.942676,0.430693
379,6.316667,148.451981,75.150116,-146.918076,0.793899,0.943517,0.432798
380,6.333333,147.622604,74.704117,-146.139679,0.798439,0.943821,0.435217
381,6.350000,147.535995,74.638062,-146.995682,0.802465,0.945088,0.437813
382,6.366667,149.586411,74.947182,-148.487503,0.806993,0.946050,0.439364
383,6.383333,148.770325,74.633949,-148.655212,0.811953,0.945836,0.441999
384,6.400000,152.441635,75.322868,-151.676392,0.818023,0.945570,0.442281
385,6.416667,150.889389,74.813171,-149.500778,0.821750,0.946207,0.443456
386,6.433333,151.684692,74.966125,-151.461655,0.826900,0.946622,0.446269
387,6.450000,152.175064,75.195068,-151.129288,0.832153,0.946848,0.446423
388,6.466667,154.440430,75.616943,-152.763580,0.837119,0.947605,0.446335
389,6.483333,153.724472,75.299110,-152.789154,0.842476,0.947451,0.448622
390,6.500000,154.235855,75.604538,-152.652313,0.847138,0.947976,0.449081
391,6.516667,154.155624,75.568054,-153.350815,0.852645,0.947698,0.450857
392,6.533333,154.576355,75.849022,-154.032013,0.858234,0.947633,0.451859
393,6.550000,155.625595,75.758141,-154.357788,0.863092,0.947794,0.451636
394,6.566667,153.645264,75.841827,-152.552856,0.867528,0.947745,0.452626
395,6.583333,156.695404,76.654724,-155.715225,0.873702,0.947061,0.452717
396,6.600000,155.093552,76.357590,-153.859131,0.878870,0.946657,0.453086
397,6.616667,155.241165,76.582504,-154.459518,0.884119,0.945834,0.454050
398,6.633333,157.520294,76.889130,-156.061111,0.889764,0.945994,0.453181
399,6.650000,155.428879,76.870628,-153.839996,0.894177,0.945030,0.453067
400,6.666667,156.602051,77.558876,-154.909378,0.900130,0.945763,0.453282
401,6.683333,155.753845,77.439568,-154.519791,0.905089,0.945082,0.453634
402,6.700000,156.854706,77.751503,-155.369431,0.910529,0.944383,0.453301
403,6.716667,153.904327,78.100845,-151.751755,0.914277,0.944209,0.451953
404,6.733333,155.927460,78.035141,-153.764465,0.920380,0.943447,0.452146
405,6.750000,152.369125,78.343903,-150.372849,0.924723,0.943060,0.452251
406,6.766667,153.387451,78.265015,-152.103912,0.929852,0.942546,0.452738
407,6.783333,154.189621,78.799217,-151.724091,0.935678,0.941619,0.450910
408,6.800000,152.356552,79.036339,-150.492126,0.940191,0.940997,0.451480
409,6.816667,151.612427,79.131195,-149.920959,0.945246,0.940335,0.451087
410,6.833333,153.159256,79.721626,-151.002121,0.951197,0.939577,0.449621
411,6.850000,152.861801,79.686806,-150.994125,0.956713,0.938354,0.449398
412,6.866667,151.498932,80.404694,-149.775253,0.960939,0.937984,0.448820
413,6.883333,150.526031,80.407196,-148.695770,0.965564,0.937254,0.447249
414,6.900000,151.289001,80.459137,-149.187607,0.970700,0.936464,0.446138
415,6.916667,151.947128,81.181786,-150.691406,0.975375,0.936493,0.445965
416,6.933333,152.425201,81.066513,-148.881943,0.980182,0.935843,0.441835
417,6.950000,146.531967,81.656754,-144.221375,0.983938,0.935630,0.442812
418,6.966667,147.391205,82.190361,-146.129639,0.989929,0.935230,0.443101
419,6.983333,153.954132,82.374458,-150.966644,0.994732,0.934370,0.438868
420,7.000000,152.401718,82.820618,-149.841522,0.999055,0.934613,0.438814
421,7.016667,150.388870,82.899773,-149.290833,1.003973,0.933266,0.439077
422,7.033333,148.409637,83.908958,-146.607315,1.007995,0.932832,0.436778
423,7.050000,150.366211,83.996384,-148.570572,1.012807,0.932087,0.435268
424,7.066667,147.317505,84.254761,-145.472595,1.016943,0.930967,0.433156
425,7.083333,145.133743,84.854202,-143.107407,1.020884,0.931482,0.431662
426,7.100000,147.480850,84.857353,-144.935211,1.024949,0.930480,0.429113
427,7.116667,151.121536,85.884094,-149.156052,1.029650,0.930567,0.427935
428,7.133333,160.114197,86.327469,-157.017685,1.034340,0.929548,0.424409
429,7.150000,150.669037,86.852867,-147.763870,1.036575,0.930074,0.422503
430,7.166667,147.282974,86.561615,-144.612808,1.040095,0.929924,0.421360
431,7.183333,141.548111,86.962189,-139.543793,1.043590,0.930025,0.420338
432,7.200000,138.687073,87.697609,-136.156937,1.046130,0.929718,0.417615
433,7.216667,144.043579,88.096695,-141.163040,1.049522,0.929551,0.414960
434,7.233333,146.487946,88.817917,-143.462845,1.052522,0.929653,0.412302
435,7.250000,122.933067,88.509842,-120.025810,1.054831,0.929315,0.410544
436,7.266667,115.389816,89.071907,-112.367073,1.056823,0.929626,0.408003
437,7.283333,93.005318,89.405807,-89.302513,1.059973,0.929146,0.404750
438,7.300000,82.933937,88.873100,-80.303864,1.060830,0.928664,0.403912
439,7.316667,53.797485,88.867149,-50.834660,1.063196,0.928700,0.401375
440,7.333333,40.939270,88.457191,-37.480366,1.064235,0.928822,0.398500
441,7.350000,20.924915,88.557335,-17.180655,1.067311,0.928519,0.395176
442,7.366667,20.082697,88.008263,-17.006508,1.067799,0.928469,0.393765
443,7.383333,22.309183,87.586967,-19.313602,1.068362,0.927820,0.391581
444,7.400000,31.444538,87.030869,-28.164385,1.068137,0.927019,0.388740
445,7.416667,22.913437,87.038376,-19.179186,1.069362,0.926472,0.385335
446,7.433333,18.891531,86.478378,-15.514449,1.070129,0.925936,0.383338
447,7.450000,18.695204,86.068970,-16.495216,1.070395,0.924768,0.381911
448,7.466667,20.477367,85.340668,-17.507889,1.069983,0.923975,0.377814
449,7.483333,14.747293,84.997375,-11.712748,1.070603,0.922841,0.375272
450,7.500000,18.823015,84.558708,-16.108995,1.069609,0.921906,0.373173
451,7.516667,14.762355,84.310196,-10.295435,1.070333,0.921272,0.368048
452,7.533333,18.909321,83.673187,-15.587875,1.068612,0.920644,0.367098
453,7.550000,17.668716,83.468536,-13.450070,1.068049,0.920499,0.363503
454,7.566667,15.166159,83.467690,-10.027924,1.067415,0.920332,0.359438
455,7.583333,17.543531,83.259148,-12.193203,1.066141,0.920144,0.356960
456,7.600000,13.947227,82.451767,-8.999522,1.065353,0.920685,0.354481
457,7.616667,21.339046,81.501511,-17.612440,1.062204,0.919580,0.353054
458,7.633333,15.227713,81.435654,-10.294213,1.062523,0.920057,0.348995
459,7.650000,16.597408,81.090134,-10.864919,1.061387,0.919922,0.345002
460,7.666667,14.572009,80.272308,-10.751085,1.059126,0.919724,0.344302
461,7.683333,15.464104,80.023300,-11.546818,1.057439,0.919624,0.341679
462,7.700000,19.343773,79.762154,-15.919045,1.054604,0.919859,0.339854
463,7.716667,15.719658,79.408295,-11.131208,1.053047,0.920657,0.335894
464,7.733333,16.893391,78.796036,-11.777929,1.051120,0.920708,0.332577
465,7.750000,15.708474,78.496841,-10.367746,1.049153,0.920817,0.329968
466,7.766667,16.535702,78.521622,-11.045621,1.047131,0.920816,0.326758
467,7.783333,17.670889,77.710106,-12.229691,1.043959,0.920567,0.324336
468,7.800000,17.501802,77.538254,-12.411112,1.041284,0.920741,0.321998
469,7.816667,19.259119,77.142807,-14.425338,1.038790,0.920727,0.319879
470,7.833333,19.878571,76.525368,-15.485381,1.036005,0.920542,0.317660
471,7.850000,18.810234,76.335571,-13.145555,1.034414,0.919870,0.313189
472,7.866667,19.779579,76.169464,-14.928388,1.031282,0.919224,0.311799
473,7.883333,19.352722,75.594154,-15.192400,1.028416,0.919645,0.310548
474,7.900000,21.132641,74.828690,-16.273315,1.024773,0.919073,0.307026
475,7.916667,18.128395,74.803947,-13.359969,1.024110,0.918193,0.305506
476,7.933333,20.581837,74.598946,-16.049925,1.020082,0.917671,0.303247
477,7.950000,18.923233,73.949425,-13.825437,1.017910,0.918132,0.300563
478,7.966667,18.081738,73.864471,-12.612566,1.016128,0.917545,0.297530
479,7.983333,19.212412,73.174774,-14.051621,1.012707,0.916735,0.295241
480,8.000000,21.496635,72.953224,-17.364777,1.008896,0.915868,0.293827
481,8.016667,20.743477,72.884872,-16.058867,1.006761,0.915956,0.291419
482,8.033333,19.403797,72.642563,-15.090350,1.004962,0.915666,0.289066
483,8.050000,19.914465,72.077530,-15.986300,1.001626,0.915343,0.287324
484,8.066667,21.105551,72.013443,-17.233622,0.998570,0.914764,0.285071
485,8.083333,21.161438,71.917252,-16.780581,0.995918,0.913800,0.282196
486,8.100000,17.940811,71.806557,-13.120502,0.995142,0.913939,0.280171
487,8.116667,15.173054,71.074951,-9.295830,0.993832,0.913143,0.277196
488,8.133333,14.521819,71.292610,-8.105763,0.992108,0.913404,0.274023
489,8.150000,17.291759,71.013947,-12.234445,0.987710,0.912299,0.273972
490,8.166667,17.921406,70.835342,-13.668483,0.985150,0.911840,0.272935
491,8.183333,16.314425,70.606529,-12.129983,0.982964,0.911421,0.270547
492,8.200000,17.062708,70.455818,-13.218471,0.980486,0.911013,0.268762
493,8.216667,14.555027,70.101364,-9.994188,0.978953,0.910400,0.265342
494,8.233333,16.004282,70.105881,-11.704184,0.976141,0.909753,0.263695
495,8.250000,15.458989,69.961273,-12.374817,0.973266,0.909019,0.262906
496,8.266667,14.306945,70.120384,-9.063896,0.972457,0.909275,0.258435
497,8.283333,13.962755,69.439568,-9.708365,0.969995,0.908826,0.257347
498,8.300000,14.907732,69.576202,-9.912639,0.967067,0.908598,0.254786
499,8.316667,13.315167,69.278572,-8.868039,0.965243,0.907856,0.253833
500,8.333333,14.975395,69.447929,-10.413091,0.962194,0.907808,0.251531
501,8.350000,13.336194,69.003899,-9.097844,0.960891,0.907572,0.249591
502,8.366667,15.290529,68.903900,-10.621645,0.957393,0.907172,0.246828
503,8.383333,14.026634,68.975372,-9.049214,0.956142,0.907248,0.244522
504,8.400000,13.857028,68.745300,-9.360183,0.953854,0.907164,0.242971
505,8.416667,14.243482,68.568832,-9.426171,0.951177,0.906549,0.240365
506,8.433333,12.434560,68.453392,-8.020028,0.949530,0.906525,0.239154
507,8.450000,13.331429,68.616646,-8.003078,0.946782,0.906586,0.235910
508,8.466667,12.166185,68.717194,-6.373737,0.945573,0.906164,0.233768
509,8.483333,11.879897,68.300896,-6.060405,0.942977,0.906167,0.231981
510,8.500000,11.679914,68.575905,-5.837236,0.940638,0.905989,0.230092
511,8.516667,12.436147,68.484596,-6.222830,0.938153,0.905992,0.227624
512,8.533333,10.696633,68.190887,-3.976651,0.936368,0.905595,0.225021
513,8.550000,12.950552,68.206665,-6.790773,0.932828,0.906141,0.224040
514,8.566667,12.700829,68.229301,-6.411976,0.930581,0.905621,0.222185
515,8.583333,12.291553,68.156403,-6.418632,0.928099,0.905916,0.220684
516,8.600000,13.119139,67.885933,-6.598176,0.924900,0.906262,0.218395
517,8.616667,12.100813,68.229988,-5.982101,0.922519,0.906266,0.217625
518,8.633333,11.917871,68.055504,-5.273290,0.920348,0.906575,0.215097
519,8.650000,11.636115,67.932251,-5.360229,0.916791,0.907369,0.214223
520,8.666667,11.555303,68.253105,-5.145660,0.914442,0.907448,0.212990
521,8.683333,11.597449,68.209503,-5.309595,0.911522,0.907868,0.211907
522,8.700000,12.049992,68.061531,-5.523494,0.908493,0.908186,0.209934
523,8.716667,13.754894,67.928093,-7.092169,0.904821,0.909346,0.208504
524,8.733333,13.387611,67.969345,-7.687532,0.901734,0.909517,0.208192
525,8.750000,12.970829,67.826889,-7.399071,0.899255,0.910264,0.207031
526,8.766667,13.468555,68.030914,-8.407063,0.895536,0.910962,0.206706
527,8.783333,12.985977,68.079002,-7.857357,0.892648,0.911991,0.205422
528,8.800000,13.553961,68.099228,-7.546803,0.889717,0.912549,0.203015
529,8.816667,12.816241,68.075935,-7.167935,0.886728,0.913256,0.202794
530,8.833333,13.146254,68.154938,-7.537268,0.883595,0.914240,0.202263
531,8.850000,13.853065,68.291412,-7.885780,0.880087,0.914827,0.200589
532,8.866667,13.723063,68.619186,-7.579481,0.876976,0.915691,0.200000
533,8.883333,14.140902,68.355957,-8.530383,0.873427,0.916661,0.199645
534,8.900000,14.148943,68.237877,-8.285604,0.870814,0.916889,0.198140
535,8.916667,15.391174,68.337296,-9.635787,0.867253,0.918236,0.197490
536,8.933333,15.470790,68.407936,-9.860100,0.863370,0.918156,0.197063
537,8.950000,15.487364,68.737984,-9.445478,0.860874,0.919170,0.195821
538,8.966667,15.581573,68.596092,-9.604760,0.857617,0.919467,0.195768
539,8.983333,16.339407,68.712715,-10.328438,0.853813,0.919282,0.194721
540,9.000000,15.507758,68.915459,-9.495920,0.851576,0.920084,0.194642
541,9.016667,15.482996,68.874908,-9.794106,0.848041,0.919974,0.195017
542,9.033333,16.767300,68.681900,-10.909214,0.844104,0.920257,0.194025
543,9.050000,16.868740,69.186157,-10.970943,0.841527,0.920197,0.193543
544,9.066667,17.726854,69.344261,-11.846400,0.838376,0.920320,0.193340
545,9.083333,17.227345,69.229706,-11.611923,0.835666,0.919735,0.193451
546,9.100000,17.857550,69.254044,-12.339945,0.832241,0.920157,0.193504
547,9.116667,18.785141,69.325859,-13.232078,0.829722,0.920027,0.192716
548,9.133333,18.638876,69.442543,-13.432376,0.826440,0.919741,0.193125
549,9.150000,19.161133,69.555550,-14.756087,0.823257,0.919860,0.194008
550,9.166667,19.403843,69.883865,-14.068390,0.821248,0.919832,0.193380
551,9.183333,20.633526,70.027863,-15.186714,0.818300,0.919311,0.193182
552,9.200000,19.688662,70.130928,-13.839067,0.815901,0.919666,0.193652
553,9.216667,19.420424,70.483017,-13.877720,0.813566,0.919928,0.193955
554,9.233333,21.539761,70.426537,-15.619847,0.810444,0.919634,0.193341
555,9.250000,21.290472,70.667046,-15.212659,0.809103,0.919290,0.193275
556,9.266667,21.927702,70.600945,-15.842096,0.806332,0.920034,0.193705
557,9.283333,21.812569,70.849380,-16.416178,0.803775,0.919681,0.195229
558,9.300000,21.583181,71.058853,-15.955503,0.802131,0.920202,0.195412
559,9.316667,22.313633,71.371231,-16.262798,0.800431,0.919819,0.195690
560,9.333333,23.519835,71.415955,-18.121140,0.797197,0.919759,0.197209
561,9.350000,23.241386,71.327675,-17.766169,0.795901,0.919620,0.197749
562,9.366667,22.656204,71.531204,-17.399145,0.793829,0.919565,0.198867
563,9.383333,23.710363,71.722649,-17.892443,0.792132,0.919541,0.199261
564,9.400000,24.234783,72.013840,-17.416208,0.791137,0.919550,0.198806
565,9.416667,23.107662,72.256660,-17.155909,0.789510,0.920315,0.201419
566,9.433333,23.593197,72.382561,-18.115757,0.787785,0.919499,0.202672
567,9.450000,24.037930,72.630638,-18.506649,0.785818,0.919983,0.203961
568,9.466667,22.560900,73.000275,-16.297480,0.785892,0.920037,0.204644
569,9.483333,22.770554,73.392601,-17.003019,0.784217,0.920406,0.206920
570,9.500000,22.809240,73.379951,-17.584785,0.782694,0.920578,0.208707
571,9.516667,22.092907,73.358551,-16.396889,0.781930,0.920157,0.209599
572,9.533333,23.361757,73.562225,-17.531626,0.780341,0.920079,0.210777
573,9.550000,24.961731,74.280380,-19.573677,0.778806,0.920846,0.213465
574,9.566667,23.131689,74.252342,-16.965416,0.778681,0.920308,0.214721
575,9.583333,23.130245,74.306587,-17.139948,0.777849,0.920463,0.216824
576,9.600000,23.749277,74.836960,-17.504780,0.776866,0.920604,0.218735
577,9.616667,24.057186,74.566254,-17.950411,0.775739,0.920422,0.220455
578,9.633333,24.201147,74.819382,-17.563190,0.774549,0.920732,0.221748
579,9.650000,25.621685,75.202034,-19.474407,0.773507,0.920625,0.224561
580,9.666667,24.153812,75.545021,-18.467226,0.773224,0.920311,0.227508
581,9.683333,25.127760,75.547661,-19.915466,0.771518,0.921268,0.230889
582,9.700000,24.957527,75.760765,-18.756752,0.771319,0.921607,0.231474
583,9.716667,25.099846,76.113548,-18.902403,0.770323,0.921766,0.234344
584,9.733333,25.170542,75.841721,-19.799440,0.769565,0.921559,0.238105
585,9.750000,26.196795,76.283844,-20.518936,0.768696,0.922008,0.240748
586,9.766667,26.450274,76.343704,-20.771620,0.768231,0.921842,0.243344
587,9.783333,29.084373,76.602097,-24.376205,0.766696,0.922608,0.246997
588,9.800000,26.006844,76.721443,-20.493160,0.767220,0.922595,0.249069
589,9.816667,28.878044,77.035706,-23.720848,0.766047,0.922917,0.252503
590,9.833333,28.666969,77.055855,-23.812035,0.765979,0.923667,0.255976
591,9.850000,32.248913,76.840279,-28.015499,0.763628,0.923777,0.259097
592,9.866667,29.877672,77.081352,-25.192606,0.764327,0.924656,0.262118
593,9.883333,27.884047,77.681999,-22.386351,0.765057,0.924328,0.264489
594,9.900000,31.220051,77.465332,-26.639299,0.763685,0.924910,0.268855
595,9.916667,30.814034,77.803558,-26.060205,0.763633,0.925162,0.271953
596,9.933333,28.114008,78.128891,-22.668093,0.764389,0.924857,0.274789
597,9.950000,32.353043,77.785156,-27.227757,0.762532,0.925798,0.278430
598,9.966667,31.892988,78.085999,-27.349228,0.762837,0.925797,0.282445
599,9.983333,34.604767,77.748558,-29.133278,0.761623,0.926682,0.284683
600,10.000000,31.655308,78.285133,-26.434998,0.762334,0.926773,0.288435
601,10.016667,33.187897,78.411217,-29.288416,0.762045,0.926492,0.293272
602,10.033333,31.368572,78.852150,-27.479538,0.763100,0.926545,0.297481
603,10.050000,31.587355,78.745132,-26.718699,0.762876,0.927011,0.299487
604,10.066667,33.473747,78.782257,-29.661211,0.762282,0.927242,0.304204
605,10.083333,33.081924,79.208313,-28.794640,0.762876,0.928095,0.307815
606,10.100000,32.323757,79.305458,-28.426601,0.763434,0.927989,0.312018
607,10.116667,32.316143,79.206024,-28.215212,0.763123,0.928702,0.315200
608,10.133333,32.192162,79.548225,-27.628807,0.764145,0.929237,0.317957
609,10.150000,35.051136,79.456886,-31.238688,0.763744,0.929907,0.322483
610,10.166667,35.407940,79.509033,-32.087753,0.763975,0.929865,0.326515
611,10.183333,32.182533,79.502144,-28.469320,0.764542,0.930426,0.329070
612,10.200000,33.817997,79.616165,-30.478207,0.764935,0.931245,0.333499
613,10.216667,38.748146,79.217003,-36.590027,0.763730,0.930697,0.337955
614,10.233333,33.763538,80.189140,-30.263630,0.766629,0.931287,0.340225
615,10.250000,32.761452,80.062904,-29.271097,0.766800,0.932528,0.343449
616,10.266667,37.274185,79.708351,-35.246845,0.766362,0.932887,0.348346
617,10.283333,36.547394,79.826431,-33.637905,0.767025,0.933358,0.350816
618,10.300000,36.790257,79.947716,-33.160225,0.768532,0.933982,0.353029
619,10.316667,38.651344,79.386681,-36.152351,0.768599,0.934583,0.357640
620,10.333333,38.447926,79.357498,-35.968357,0.769171,0.935175,0.360306
621,10.350000,38.935337,79.327057,-36.552784,0.770214,0.935825,0.363660
622,10.366667,38.582298,79.297211,-37.080284,0.771778,0.936180,0.367546
623,10.383333,42.037598,78.877922,-40.618748,0.771154,0.936643,0.369932
624,10.400000,40.316246,79.270088,-38.452972,0.773788,0.937293,0.372623
625,10.416667,40.715431,79.358444,-39.029671,0.774874,0.937981,0.375582
626,10.433333,41.440899,79.279076,-39.770493,0.776120,0.937949,0.378096
627,10.450000,42.860252,79.157600,-40.092464,0.777646,0.938422,0.378450
628,10.466667,38.691727,79.396370,-36.646793,0.780271,0.939897,0.382478
629,10.483333,41.262238,79.163338,-39.411335,0.781267,0.940422,0.384998
630,10.500000,41.674183,79.268005,-39.808964,0.783409,0.940975,0.387153
631,10.516667,40.662556,79.334854,-38.453640,0.785727,0.941851,0.388485
632,10.533333,43.195568,79.060387,-39.854546,0.786963,0.943178,0.388770
633,10.550000,40.752861,79.401825,-38.583370,0.790336,0.944346,0.392968
634,10.566667,42.955128,79.214882,-40.975372,0.791614,0.945785,0.394704
635,10.583333,39.361530,79.103676,-36.531563,0.794816,0.946701,0.395522
636,10.600000,40.065342,79.165047,-37.734512,0.797058,0.948572,0.397936
637,10.616667,41.052406,79.104500,-38.329548,0.800021,0.950388,0.399014
638,10.633333,40.672947,79.250366,-37.961132,0.802662,0.951792,0.400487
639,10.650000,37.725796,79.142189,-35.098312,0.806427,0.953167,0.401992
640,10.666667,39.566181,79.033791,-36.811676,0.809078,0.955397,0.403097
641,10.683333,38.072578,79.206322,-35.844551,0.812091,0.956708,0.405222
642,10.700000,37.246063,79.108833,-35.200821,0.815541,0.957756,0.406321
643,10.716667,37.030811,78.829369,-34.228306,0.819047,0.959220,0.406322
644,10.733333,40.269543,79.018082,-38.447014,0.822039,0.960627,0.409252
645,10.750000,38.028976,78.883430,-35.730392,0.825728,0.961212,0.409156
646,10.766667,39.464817,79.146324,-37.056614,0.828800,0.963023,0.410007
647,10.783333,36.331226,79.165245,-34.257118,0.833199,0.963315,0.411427
648,10.800000,36.994324,79.158470,-34.160538,0.836770,0.963863,0.411065
649,10.816667,37.729733,79.367546,-34.795879,0.840398,0.964301,0.411485
650,10.833333,35.675724,79.165565,-32.671265,0.844455,0.964974,0.411987
651,10.850000,36.318054,79.037239,-34.163906,0.848270,0.965226,0.413605
652,10.866667,34.959518,79.202316,-32.722454,0.852937,0.965688,0.414106
653,10.883333,35.547256,79.012993,-32.857979,0.856113,0.965824,0.413347
654,10.900000,32.789833,79.207726,-30.987028,0.861200,0.965906,0.415027
655,10.916667,32.498180,79.006592,-29.215324,0.865322,0.966414,0.413388
656,10.933333,30.390739,79.432854,-26.702019,0.870692,0.966244,0.412774
657,10.950000,29.872431,79.489891,-26.223694,0.874974,0.966967,0.413043
658,10.966667,27.678543,79.472687,-24.153299,0.879448,0.967160,0.413029
659,10.983333,27.626352,79.455292,-24.439318,0.883615,0.967674,0.413808
660,11.000000,29.218805,79.460762,-26.588652,0.887301,0.968546,0.414584
661,11.016667,25.563002,79.705482,-22.532711,0.892406,0.969382,0.413860
662,11.033333,27.148186,79.586105,-24.114136,0.896288,0.969665,0.413604
663,11.050000,26.185312,79.626770,-22.532736,0.900765,0.970613,0.412261
664,11.066667,26.227526,79.437187,-22.914059,0.905001,0.970877,0.412365
665,11.083333,25.951492,79.342529,-22.542057,0.909231,0.971682,0.411999
666,11.100000,22.043171,79.460487,-19.099588,0.914509,0.971795,0.411557
667,11.116667,23.122801,79.201752,-19.893948,0.918042,0.972206,0.410656
668,11.133333,24.692516,79.165489,-21.753546,0.921644,0.972709,0.410312
669,11.150000,22.066654,79.228981,-18.734015,0.926823,0.973159,0.409278
670,11.166667,23.845110,79.123970,-21.207787,0.930395,0.973349,0.409489
671,11.183333,22.327164,79.382744,-19.333439,0.935307,0.973226,0.408148
672,11.200000,24.468319,79.311768,-21.104174,0.938810,0.972882,0.406930
673,11.216667,20.269159,79.233429,-17.677834,0.943508,0.972928,0.406940
674,11.233333,24.134188,79.193390,-20.790699,0.946683,0.971913,0.404765
675,11.250000,21.464296,79.279533,-18.890703,0.951547,0.971793,0.404964
676,11.266667,21.666981,79.126747,-18.186020,0.955515,0.971136,0.402326
677,11.283333,21.077232,79.170288,-18.124876,0.959131,0.971221,0.401917
678,11.300000,19.706444,79.128586,-16.727718,0.963406,0.970382,0.400408
679,11.316667,19.193220,78.997528,-16.584681,0.967044,0.970582,0.399774
680,11.333333,16.751703,79.255219,-13.191112,0.971688,0.969702,0.396705
681,11.350000,21.063900,79.101791,-17.516043,0.974783,0.968635,0.395592
682,11.366667,18.124790,79.141647,-14.276955,0.978660,0.968602,0.393596
683,11.383333,20.343220,79.144691,-17.366520,0.981745,0.967582,0.392908
684,11.400000,17.819849,79.085083,-15.221321,0.985891,0.967323,0.391707
685,11.416667,18.811666,79.099617,-15.621403,0.989101,0.967279,0.389442
686,11.433333,17.674467,78.953972,-15.072950,0.992273,0.967146,0.388164
687,11.450000,15.651115,78.774681,-12.504923,0.996593,0.967184,0.386143
688,11.466667,14.677773,78.774475,-11.320329,0.999208,0.966882,0.383368
689,11.483333,16.258732,79.079964,-12.727040,1.002420,0.966710,0.381245
690,11.500000,16.705854,78.867683,-13.826619,1.005246,0.965732,0.380162
691,11.516667,14.615847,79.510414,-11.527553,1.008911,0.966048,0.377714
692,11.533333,14.641404,79.142815,-10.772057,1.011949,0.965113,0.374571
693,11.550000,13.554103,79.472748,-9.733780,1.015181,0.965012,0.372691
694,11.566667,13.717304,79.298378,-9.589970,1.017407,0.963793,0.370031
695,11.583333,14.642152,79.253471,-10.749444,1.020332,0.963028,0.368174
696,11.600000,13.581606,79.134758,-9.003105,1.023062,0.962293,0.365367
697,11.616667,12.625023,79.378365,-8.699431,1.025730,0.961691,0.364092
698,11.633333,11.221618,79.282944,-7.032892,1.028291,0.960680,0.361265
699,11.650000,11.547991,79.476189,-7.578572,1.030067,0.959682,0.359216
700,11.666667,15.411798,79.530411,-10.940893,1.031163,0.958922,0.355891
701,11.683333,10.965742,79.602730,-6.661608,1.033817,0.959372,0.354305
702,11.700000,11.962280,79.730637,-7.214279,1.035015,0.958109,0.351128
703,11.716667,11.304173,79.864258,-6.388716,1.037308,0.957546,0.349011
704,11.733333,10.566109,79.658226,-6.000061,1.038691,0.956914,0.347147
705,11.750000,11.093801,79.780243,-7.517126,1.039602,0.956375,0.346091
706,11.766667,11.515230,79.659874,-7.133594,1.040825,0.955832,0.342926
707,11.783333,14.533263,79.940865,-9.296462,1.041314,0.955971,0.339304
708,11.800000,13.813372,79.887596,-9.077303,1.042487,0.954449,0.337579
709,11.816667,10.882671,79.890388,-6.208607,1.043772,0.954520,0.335863
710,11.833333,10.368527,80.252914,-5.030395,1.045245,0.953511,0.331626
711,11.850000,14.243748,80.122223,-9.283105,1.045052,0.953273,0.330485
712,11.866667,10.724259,80.522835,-5.607145,1.046005,0.952869,0.328385
713,11.883333,11.034405,80.212128,-6.422948,1.045818,0.952563,0.326694
714,11.900000,13.634073,80.835167,-8.147916,1.046166,0.950959,0.323111
715,11.916667,13.348297,80.549515,-8.386621,1.045336,0.951162,0.321726
716,11.933333,15.878971,80.539818,-11.155024,1.045013,0.950826,0.320432
717,11.950000,17.010559,80.564468,-12.722121,1.044602,0.950327,0.318144
718,11.966667,18.933655,80.860008,-14.297321,1.044620,0.949165,0.315593
719,11.983333,16.717171,80.688202,-12.369832,1.044601,0.948040,0.313724
720,12.000000,19.228088,80.969490,-14.545744,1.043737,0.947579,0.311260
721,12.016667,20.947998,80.917908,-16.706841,1.042323,0.946346,0.309426
722,12.033333,21.548573,80.887825,-17.495457,1.042099,0.945006,0.307500
723,12.050000,17.960651,80.904671,-14.006733,1.042433,0.943897,0.305438
724,12.066667,26.143652,81.262238,-22.771803,1.039467,0.942969,0.304045
725,12.083333,24.455906,81.269684,-19.879257,1.039418,0.942201,0.300277
726,12.100000,30.237265,81.341972,-26.193316,1.037802,0.940774,0.298805
727,12.116667,29.675987,81.325729,-26.408813,1.036829,0.940083,0.297607
728,12.133333,28.495226,80.990593,-24.918535,1.036463,0.940074,0.295428
729,12.150000,33.524078,81.313614,-30.644579,1.034516,0.939435,0.293857
730,12.166667,34.070442,81.346153,-30.194746,1.033736,0.938688,0.290228
731,12.183333,36.901127,81.525948,-31.973751,1.032619,0.938669,0.286388
732,12.200000,37.555370,81.503616,-34.393208,1.031237,0.938027,0.286507
733,12.216667,36.407913,81.729080,-32.667072,1.030347,0.938595,0.283269
734,12.233333,38.190895,81.818878,-34.973637,1.029001,0.939317,0.282011
735,12.250000,40.686943,81.879807,-37.089725,1.027583,0.939767,0.279023
736,12.266667,41.925747,82.516968,-39.033951,1.027432,0.940537,0.277506
737,12.283333,46.341251,82.302086,-43.763927,1.026076,0.940867,0.275666
738,12.300000,48.211987,82.270569,-45.213913,1.024483,0.941465,0.272616
739,12.316667,44.116669,82.593269,-40.537136,1.024345,0.941816,0.269420
740,12.333333,45.971874,83.348961,-42.833233,1.024134,0.942009,0.267235
741,12.350000,50.052025,83.063385,-47.550171,1.022617,0.942290,0.265838
742,12.366667,53.501251,83.110947,-50.961914,1.020983,0.942231,0.262845
743,12.383333,55.252193,83.057755,-51.964241,1.019415,0.942586,0.259181
744,12.400000,55.207561,83.911781,-52.339043,1.019827,0.942652,0.257541
745,12.416667,56.141548,84.099358,-53.330334,1.019337,0.941924,0.254947
746,12.433333,59.076122,84.325256,-55.506283,1.018057,0.941419,0.251027
747,12.450000,58.190590,84.599266,-55.202961,1.017982,0.941062,0.249171
748,12.466667,67.340004,84.717308,-64.567963,1.016330,0.940675,0.246476
749,12.483333,69.121231,84.505798,-66.139648,1.015213,0.940055,0.243833
750,12.500000,73.510284,84.778946,-70.161140,1.014523,0.939437,0.240609
751,12.516667,74.370842,85.316307,-69.873894,1.014328,0.938743,0.235965
752,12.533333,76.319427,85.126312,-72.899338,1.013039,0.937940,0.234806
753,12.550000,85.909302,84.543495,-83.112267,1.011283,0.936550,0.232399
754,12.566667,87.233650,85.248482,-84.271622,1.011198,0.935232,0.229701
755,12.583333,90.411064,85.707077,-86.379089,1.010754,0.934207,0.225243
756,12.600000,93.968994,85.550652,-89.742210,1.009194,0.933086,0.222161
757,12.616667,102.676620,85.964096,-99.251076,1.008228,0.932141,0.220331
758,12.633333,111.165894,86.371689,-105.761620,1.008123,0.930576,0.213853
759,12.650000,114.626694,85.557381,-110.055069,1.006207,0.929305,0.213156
760,12.666667,117.502930,85.490730,-113.637047,1.005249,0.928699,0.211278
761,12.683333,125.230003,85.537682,-121.578163,1.004461,0.927905,0.208706
762,12.700000,128.570435,84.732292,-124.767082,1.002303,0.926618,0.205174
763,12.716667,128.004669,84.211784,-123.995117,1.000489,0.926451,0.202267
764,12.733333,130.840088,84.347290,-127.818947,0.999842,0.925128,0.200995
765,12.750000,134.155869,84.225693,-130.712982,0.998727,0.924657,0.197458
766,12.766667,144.508118,84.324806,-140.151688,0.997910,0.923998,0.193142
767,12.783333,140.780716,84.000305,-137.323517,0.995996,0.924173,0.191268
768,12.800000,144.118134,83.459221,-139.497665,0.994488,0.923950,0.187792
769,12.816667,145.061859,83.297783,-140.711868,0.992695,0.924473,0.185228
770,12.833333,147.752686,82.493622,-143.552689,0.990809,0.924307,0.182600
771,12.850000,150.663528,82.086670,-146.845596,0.989091,0.924729,0.180436
772,12.866667,149.632187,81.538033,-145.203110,0.986466,0.925401,0.176851
773,12.883333,153.654160,81.531624,-150.082428,0.985615,0.926023,0.175402
774,12.900000,154.181610,81.169556,-150.606110,0.983531,0.925465,0.172706
775,12.916667,156.253967,80.530830,-152.862564,0.981678,0.925921,0.170460
776,12.933333,159.571930,79.929489,-155.356064,0.979518,0.926608,0.167450
777,12.950000,158.695251,79.776337,-154.519577,0.977503,0.927047,0.164536
778,12.966667,160.608429,79.286224,-156.307022,0.975759,0.926580,0.161940
779,12.983333,164.498932,79.277374,-160.311829,0.973709,0.927194,0.159447
780,13.000000,162.833084,78.366112,-158.236435,0.970981,0.927544,0.156690
781,13.016667,166.525681,77.976715,-161.868774,0.969154,0.927950,0.154461
782,13.033333,167.521179,77.375992,-163.354538,0.967182,0.928363,0.152740
783,13.050000,165.702652,77.407181,-161.355209,0.964266,0.927458,0.150375
784,13.066667,167.326614,76.861420,-162.778900,0.961612,0.927499,0.148149
785,13.083333,165.126221,76.089569,-161.039307,0.958687,0.928100,0.146747
786,13.100000,166.565369,75.587067,-162.044861,0.955676,0.928069,0.144399
787,13.116667,166.903687,75.129097,-163.059265,0.953147,0.927684,0.143612
788,13.133333,168.821457,75.069931,-164.267822,0.950607,0.927405,0.140384
789,13.150000,170.140350,73.967056,-165.183563,0.948048,0.926588,0.138276
790,13.166667,170.475723,74.015274,-165.084396,0.944988,0.925877,0.136446
791,13.183333,169.303925,73.297905,-164.528656,0.941272,0.925795,0.136055
792,13.200000,168.551041,72.589584,-163.333450,0.937415,0.925544,0.134013
793,13.216667,168.858170,72.228142,-163.469650,0.934763,0.925105,0.132384
794,13.233333,169.386139,71.636879,-163.929230,0.930954,0.924547,0.130965
795,13.250000,168.854645,71.174614,-164.206192,0.928188,0.924195,0.131105
796,13.266667,166.799088,70.643333,-162.661194,0.923960,0.924181,0.130750
797,13.283333,169.214493,70.310211,-164.428665,0.921042,0.922956,0.128769
798,13.300000,168.168777,69.582817,-163.849106,0.917582,0.922720,0.128614
799,13.316667,168.150421,69.163292,-163.137192,0.913741,0.922209,0.126781
800,13.333333,169.540192,68.684135,-164.461166,0.910422,0.921422,0.126089
801,13.350000,169.531158,68.520088,-164.730392,0.907399,0.921279,0.125890
802,13.366667,169.370789,67.670937,-164.610123,0.903841,0.921279,0.125830
803,13.383333,169.013718,67.006134,-163.667374,0.899375,0.921083,0.125026
804,13.400000,168.393539,66.470558,-163.995026,0.896067,0.920837,0.126099
805,13.416667,168.192108,66.017136,-163.972488,0.892981,0.920225,0.125677
806,13.433333,167.579468,65.694000,-162.706512,0.889034,0.920268,0.124920
807,13.450000,168.089310,65.099480,-162.901993,0.885523,0.919191,0.124345
808,13.466667,168.010483,64.710762,-163.276688,0.881836,0.919331,0.124697
809,13.483333,167.748383,64.037888,-163.053345,0.878238,0.918882,0.125062
810,13.500000,168.550308,63.670517,-164.040451,0.875192,0.918993,0.125713
811,13.516667,168.321503,63.368507,-164.133087,0.872073,0.918210,0.126493
812,13.533333,168.053482,62.678421,-163.309280,0.868638,0.917970,0.126106
813,13.550000,168.997360,62.321445,-164.706818,0.866086,0.917445,0.126901
814,13.566667,168.273270,61.666424,-163.968170,0.862460,0.917896,0.127873
815,13.583333,168.191376,61.165718,-163.281708,0.858237,0.917517,0.127480
816,13.600000,168.615128,60.777428,-164.251663,0.856788,0.916942,0.128937
817,13.616667,168.034775,60.906116,-163.504196,0.853081,0.916228,0.129776
818,13.633333,168.504242,59.719891,-164.805145,0.850742,0.915995,0.131196
819,13.650000,168.608353,59.226818,-163.230042,0.846485,0.915313,0.129385
820,13.666667,168.841049,59.079197,-165.449402,0.845542,0.915032,0.132719
821,13.683333,168.732254,58.657528,-165.224136,0.843003,0.914802,0.133253
822,13.700000,168.768204,58.283009,-165.224045,0.839834,0.914410,0.134147
823,13.716667,168.690369,57.885361,-165.760605,0.837542,0.914084,0.135819
824,13.733333,169.770584,57.520992,-165.056641,0.834265,0.913578,0.134500
825,13.750000,169.476807,56.897659,-165.980545,0.832463,0.913119,0.137260
826,13.766667,170.042801,56.685562,-167.028595,0.831202,0.913230,0.138935
827,13.783333,169.962189,56.047348,-166.498810,0.828222,0.912916,0.139430
828,13.800000,169.976334,55.643303,-166.155319,0.825697,0.912822,0.139636
829,13.816667,169.898956,55.458542,-166.760773,0.823691,0.913072,0.141244
830,13.833333,169.919083,55.086578,-166.887512,0.821595,0.912877,0.142241
831,13.850000,170.669769,54.718430,-168.091278,0.820555,0.913482,0.144064
832,13.866667,170.610947,54.461666,-167.656799,0.818514,0.913822,0.144611
833,13.883333,170.712570,54.152939,-167.970154,0.815782,0.914188,0.146776
834,13.900000,171.107025,53.887581,-168.964600,0.815143,0.914851,0.148165
835,13.916667,171.402069,53.184696,-168.940933,0.813132,0.915294,0.149095
836,13.933333,171.788681,52.618320,-169.006958,0.811232,0.915656,0.150074
837,13.950000,171.777740,52.690517,-169.053986,0.809531,0.915651,0.150763
838,13.966667,171.872116,52.437134,-169.987457,0.808224,0.915528,0.152672
839,13.983333,172.214081,51.990337,-169.390762,0.805785,0.916015,0.152925
840,14.000000,172.014481,51.655029,-169.722473,0.804061,0.916484,0.155093
841,14.016667,172.403793,51.336498,-170.528488,0.803133,0.916399,0.156590
842,14.033333,171.902100,51.235073,-169.977829,0.800729,0.916498,0.157619
843,14.050000,172.781540,51.183041,-171.608963,0.799852,0.916836,0.159430
844,14.066667,173.192032,50.556408,-171.719910,0.798404,0.916479,0.160448
845,14.083333,173.285599,50.307346,-170.846603,0.795856,0.916618,0.160910
846,14.100000,172.783249,50.049496,-170.342438,0.793833,0.916219,0.162537
847,14.116667,172.516846,49.560013,-170.523254,0.792335,0.915101,0.164020
848,14.133333,172.608521,49.466602,-170.028671,0.790393,0.915265,0.164575
849,14.150000,172.106369,49.342628,-170.376755,0.788843,0.914928,0.167240
850,14.166667,172.144623,49.192711,-170.287201,0.786478,0.914445,0.168048
851,14.183333,172.034866,48.860802,-170.590240,0.784862,0.914210,0.169696
852,14.200000,171.970535,48.703648,-170.187286,0.783251,0.912991,0.170282
853,14.216667,172.423630,48.374546,-169.975098,0.781112,0.911848,0.171392
854,14.233333,172.207764,48.047241,-169.982407,0.779084,0.911601,0.173443
855,14.250000,172.888855,48.087254,-171.260605,0.778690,0.910786,0.174962
856,14.266667,172.811295,48.017380,-170.783752,0.775731,0.910509,0.176289
857,14.283333,172.463882,47.695095,-170.126770,0.773223,0.909570,0.177311
858,14.300000,172.561371,47.395687,-169.935455,0.771523,0.909074,0.178319
859,14.316667,172.967987,47.200127,-170.120148,0.769961,0.908221,0.179779
860,14.333333,173.439377,47.291759,-170.703033,0.769005,0.907974,0.180633
861,14.350000,172.660706,47.316563,-170.381989,0.766420,0.907842,0.182626
862,14.366667,172.318359,47.082397,-169.418030,0.763686,0.907692,0.183654
863,14.383333,172.590622,47.048866,-170.043655,0.762709,0.907076,0.184971
864,14.400000,171.792587,47.034595,-170.122604,0.761045,0.906876,0.187609
865,14.416667,172.342194,47.015167,-169.763641,0.758685,0.906468,0.188177
866,14.433333,173.069107,46.665894,-170.849869,0.758032,0.906188,0.190026
867,14.450000,173.039337,46.867107,-170.154678,0.755586,0.905490,0.190588
868,14.466667,172.848602,46.863258,-169.868408,0.753978,0.905275,0.192353
869,14.483333,171.736664,46.730621,-168.786880,0.751705,0.905640,0.194037
870,14.500000,170.747940,46.519764,-167.521942,0.748278,0.905209,0.195192
871,14.516667,170.919464,47.026554,-168.338898,0.747881,0.905373,0.197522
872,14.533333,171.025314,46.694687,-168.507019,0.746168,0.906107,0.198548
873,14.550000,171.155945,46.729424,-168.691101,0.745037,0.905857,0.200200
874,14.566667,171.182388,46.697395,-168.986511,0.743799,0.905769,0.201540
875,14.583333,170.706802,46.921986,-168.519135,0.742263,0.906077,0.203717
876,14.600000,171.965820,46.820358,-168.695663,0.740759,0.906427,0.203730
877,14.616667,171.545441,47.175110,-168.706009,0.739878,0.906791,0.206137
878,14.633333,170.832016,47.192017,-168.028702,0.738007,0.907320,0.207957
879,14.650000,171.364548,47.080986,-168.016312,0.737366,0.907795,0.208996
880,14.666667,171.043716,47.299656,-168.307007,0.736464,0.908525,0.210928
881,14.683333,170.784470,47.553738,-168.355331,0.735102,0.909711,0.213347
882,14.700000,170.695709,47.439770,-167.906784,0.734066,0.910175,0.214285
883,14.716667,170.824524,47.853203,-167.811813,0.732923,0.911216,0.215067
884,14.733333,170.384476,47.681446,-167.682327,0.732460,0.912287,0.217563
885,14.750000,170.794418,47.911953,-167.176407,0.730879,0.913147,0.217846
886,14.766667,171.169296,48.330116,-168.168549,0.731334,0.914346,0.219608
887,14.783333,170.672760,48.517593,-168.521957,0.730708,0.915103,0.223199
888,14.800000,171.395309,48.605160,-167.926590,0.730273,0.916458,0.222880
889,14.816667,171.529510,49.070007,-168.785751,0.730602,0.917690,0.225255
890,14.833333,171.323578,49.116795,-168.275757,0.729433,0.919092,0.226494
891,14.850000,171.229874,49.638710,-168.193741,0.729506,0.920174,0.228068
892,14.866667,170.666611,49.562035,-167.651428,0.728715,0.921205,0.230321
893,14.883333,170.939407,50.148392,-168.572464,0.729062,0.922712,0.232964
894,14.900000,170.959213,50.462376,-168.361008,0.728855,0.923784,0.233994
895,14.916667,171.030899,50.796753,-167.894760,0.728349,0.925004,0.235201
896,14.933333,170.886795,50.907410,-168.170563,0.728166,0.925993,0.237215
897,14.950000,171.320190,51.284538,-169.063126,0.729157,0.927360,0.239371
898,14.966667,171.447906,51.267990,-169.053024,0.728948,0.928941,0.241534
899,14.983333,171.415039,51.690041,-169.192535,0.729256,0.929398,0.243530
900,15.000000,171.849762,52.250313,-168.766022,0.728792,0.930318,0.243473
901,15.016667,170.776825,52.621861,-168.427948,0.728505,0.931401,0.246817
902,15.033333,170.403442,53.066933,-167.236984,0.727334,0.932016,0.247582
903,15.050000,170.710602,53.626419,-168.388260,0.728672,0.932708,0.249950
904,15.066667,170.346680,54.019760,-168.274933,0.728850,0.933752,0.252062
905,15.083333,170.323761,54.358639,-168.585220,0.729318,0.933817,0.254078
906,15.100000,169.982681,54.812698,-168.114746,0.729067,0.934838,0.256159
907,15.116667,170.578445,55.391396,-168.586060,0.729328,0.935218,0.257427
908,15.133333,170.041748,55.512436,-168.187897,0.729029,0.935693,0.259595
909,15.150000,170.656815,56.254414,-168.491760,0.729316,0.935800,0.260766
910,15.166667,171.801376,56.695675,-169.304321,0.730329,0.935639,0.262106
911,15.183333,171.596283,56.966370,-169.023575,0.730268,0.936024,0.263671
912,15.200000,171.651413,57.478775,-169.372131,0.730309,0.936522,0.265681
913,15.216667,170.850327,58.388767,-167.733826,0.729473,0.936245,0.266165
914,15.233333,170.732361,58.963951,-168.766632,0.730272,0.936135,0.269396
915,15.250000,171.038391,59.265770,-168.133545,0.729979,0.936166,0.269611
916,15.266667,170.156006,59.659580,-168.490509,0.730419,0.935615,0.272776
917,15.283333,170.697159,60.126305,-168.849457,0.730341,0.935544,0.274414
918,15.300000,169.910049,60.567387,-168.329193,0.730092,0.935369,0.276231
919,15.316667,169.984955,61.015797,-168.195160,0.730219,0.935260,0.278123
920,15.333333,170.481232,61.700932,-168.722244,0.730403,0.934524,0.279752
921,15.350000,170.972717,62.319324,-168.759598,0.730227,0.933936,0.280950
922,15.366667,171.380325,62.712933,-169.256897,0.730364,0.933595,0.282842
923,15.383333,169.502701,63.098949,-167.938324,0.729783,0.932599,0.284842
924,15.400000,169.651337,63.879337,-167.894821,0.729292,0.932605,0.286489
925,15.416667,169.112030,64.491982,-167.695633,0.729395,0.931878,0.288476
926,15.433333,167.796677,65.181679,-166.342728,0.728402,0.931121,0.290102
927,15.450000,167.293076,65.651207,-166.145081,0.728390,0.930556,0.291118
928,15.466667,166.950134,66.522240,-166.204758,0.727851,0.930262,0.293731
929,15.483333,166.830200,66.971802,-165.501221,0.726951,0.929802,0.294130
930,15.500000,166.569412,67.287094,-165.115646,0.726416,0.929094,0.295346
931,15.516667,165.960800,68.072762,-164.868942,0.726459,0.928443,0.297681
932,15.533333,165.779999,68.810577,-164.297562,0.725687,0.927576,0.298519
933,15.550000,166.296890,69.568054,-164.524597,0.725341,0.926800,0.299009
934,15.566667,164.370819,69.941505,-162.926392,0.724367,0.926151,0.300561
935,15.583333,162.179718,70.644958,-160.157303,0.723146,0.925067,0.301169
936,15.600000,160.920029,70.948418,-160.667007,0.723351,0.923985,0.303843
937,15.616667,160.899292,71.701942,-160.048630,0.722232,0.923303,0.303981
938,15.633333,160.107040,72.295235,-159.242386,0.721906,0.922678,0.304948
939,15.650000,160.243179,73.007317,-158.387543,0.721127,0.922476,0.304443
940,15.666667,159.437424,73.959831,-157.342789,0.720640,0.921220,0.305665
941,15.683333,158.399124,74.303993,-156.416382,0.720417,0.920517,0.306255
942,15.700000,159.322861,74.890160,-156.887268,0.720026,0.920102,0.306177
943,15.716667,158.663177,75.492683,-156.197586,0.719807,0.919089,0.307079
944,15.733333,155.330872,75.962051,-152.680832,0.718336,0.918753,0.307961
945,15.750000,153.711426,76.360802,-151.708969,0.718302,0.918406,0.308935
946,15.766667,150.213287,76.856834,-148.284286,0.717189,0.918173,0.309596
947,15.783333,148.624695,77.557663,-146.685852,0.716181,0.918377,0.310320
948,15.800000,146.122086,77.972916,-143.906921,0.715613,0.918443,0.310000
949,15.816667,144.870163,78.740204,-142.475479,0.715826,0.919144,0.310160
950,15.833333,145.203979,79.573479,-142.366150,0.716095,0.920352,0.310363
951,15.850000,143.212067,79.978699,-140.371597,0.715239,0.921459,0.310677
952,15.866667,141.832031,80.648392,-139.743301,0.715603,0.923575,0.311655
953,15.883333,136.964798,80.647614,-135.141830,0.714776,0.925318,0.312351
954,15.900000,140.167648,81.830185,-136.699921,0.715678,0.928040,0.310809
955,15.916667,136.955414,82.069504,-133.127930,0.715081,0.930950,0.310427
956,15.933333,129.764496,82.339417,-126.992386,0.714722,0.933371,0.312143
957,15.950000,122.555428,83.200691,-119.201065,0.714611,0.937281,0.311725
958,15.966667,117.954132,83.405769,-114.212364,0.714462,0.941293,0.311583
959,15.983333,111.922188,83.928284,-108.503113,0.714110,0.945183,0.312279
960,16.000000,107.628716,84.190735,-103.914764,0.715122,0.948250,0.311995
961,16.016667,99.581734,84.094742,-95.895767,0.714202,0.952788,0.312280
962,16.033333,94.451561,83.890411,-91.069160,0.713730,0.957650,0.313174
963,16.050000,88.777824,84.030792,-83.531235,0.714021,0.961901,0.310891
964,16.066667,77.015770,84.369957,-72.846931,0.714944,0.966410,0.312551
965,16.083333,74.573097,84.173286,-69.822891,0.714827,0.971058,0.312053
966,16.100000,69.407059,83.695236,-65.990143,0.714800,0.975465,0.313992
967,16.116667,62.299168,83.522263,-58.203320,0.715629,0.980401,0.313472
968,16.133333,58.434525,82.901672,-53.906654,0.715319,0.984085,0.312767
969,16.150000,53.038891,82.344910,-49.370071,0.715556,0.988472,0.314360
970,16.166667,50.892231,81.952705,-47.009029,0.715828,0.993118,0.314645
971,16.183333,50.250240,81.419609,-45.007416,0.715675,0.997141,0.312982
972,16.200000,42.494156,81.092369,-38.170509,0.716653,1.001214,0.314744
973,16.216667,39.799252,80.761887,-35.546726,0.717574,1.003923,0.315088
974,16.233333,34.973114,80.214165,-29.729843,0.718407,1.008044,0.314458
975,16.250000,33.290375,79.699593,-29.279743,0.718625,1.011286,0.316466
976,16.266667,32.912102,79.172714,-28.192003,0.718801,1.015088,0.316139
977,16.283333,32.631725,78.457748,-28.487921,0.719136,1.018161,0.317028
978,16.300000,31.448395,77.823456,-27.093616,0.719944,1.021010,0.317010
979,16.316667,29.022404,77.084770,-24.988974,0.721020,1.023917,0.317381
980,16.333333,26.781511,76.641754,-21.924217,0.721788,1.026201,0.316935
981,16.350000,25.172913,75.896568,-20.879232,0.722880,1.029257,0.318050
982,16.366667,23.155117,75.633141,-18.386620,0.724001,1.031641,0.318160
983,16.383333,25.149689,74.999634,-20.128542,0.723468,1.034578,0.318389
984,16.400000,19.654045,74.416664,-14.526096,0.725758,1.037290,0.319021
985,16.416667,18.725000,74.115662,-14.009826,0.726827,1.040103,0.320027
986,16.433333,18.311022,73.671486,-13.006701,0.727735,1.042428,0.319923
987,16.450000,15.971151,72.978462,-11.151297,0.728910,1.044641,0.321155
988,16.466667,16.382448,72.510704,-11.840567,0.729599,1.046821,0.322324
989,16.483333,15.885461,71.898430,-10.535254,0.730683,1.048809,0.321907
990,16.500000,14.403936,71.290977,-9.395333,0.731609,1.051127,0.323039
991,16.516667,14.540667,70.674294,-9.132689,0.732649,1.053076,0.323400
992,16.533333,12.850534,70.424141,-7.939146,0.733522,1.054764,0.324866
993,16.550000,12.306240,69.717659,-8.158330,0.733607,1.056303,0.326074
994,16.566667,9.499249,69.089211,-4.011070,0.735673,1.058802,0.325566
995,16.583333,8.808825,68.636520,-3.052339,0.736338,1.060491,0.326091
996,16.600000,8.272697,68.191978,-2.746899,0.736944,1.061792,0.327362
997,16.616667,8.652339,67.611862,-2.622403,0.737691,1.063553,0.327609
998,16.633333,8.475592,66.999657,-2.651449,0.737799,1.065036,0.328489
999,16.650000,7.867124,66.485458,-1.771462,0.738625,1.066078,0.329151
1000,16.666667,8.094967,65.746986,-2.321810,0.738331,1.067566,0.330298
1001,16.683333,9.164931,65.008698,-4.147645,0.737290,1.068589,0.332114
1002,16.700000,9.117429,64.787338,-4.101176,0.737407,1.069157,0.333016
1003,16.716667,9.008340,64.259369,-4.184026,0.737396,1.070096,0.333921
1004,16.733333,8.153617,63.653667,-2.755265,0.738110,1.070479,0.334333
1005,16.750000,8.333777,63.001705,-3.636537,0.737175,1.070590,0.336013
1006,16.766667,7.917109,62.429916,-2.925817,0.737216,1.070900,0.336885
1007,16.783333,8.659337,62.112232,-3.734179,0.736804,1.070139,0.337590
1008,16.800000,9.008287,61.548981,-4.485119,0.736033,1.070197,0.339028
1009,16.816667,8.855633,61.061565,-3.413729,0.736734,1.069087,0.339092
1010,16.833333,8.654491,60.731918,-2.339314,0.737320,1.068907,0.339094
1011,16.850000,9.259106,59.622055,-4.054922,0.735824,1.068632,0.341335
1012,16.866667,9.466875,59.110897,-4.744530,0.734810,1.068246,0.342426
1013,16.883333,9.896662,58.561783,-5.534708,0.734181,1.067297,0.343796
1014,16.900000,10.150865,57.972111,-5.436887,0.733868,1.066578,0.344200
1015,16.916667,9.917480,57.626163,-5.354072,0.733363,1.065523,0.345419
1016,16.933333,9.906432,57.370190,-5.422659,0.733023,1.064269,0.346322
1017,16.950000,9.599699,56.775269,-5.532792,0.732331,1.063517,0.347681
1018,16.966667,9.547882,56.678165,-5.016380,0.732218,1.062166,0.348027
1019,16.983333,9.475505,56.147644,-4.460505,0.732724,1.060519,0.348745
1020,17.000000,9.902995,55.711983,-5.084198,0.731733,1.059404,0.349629
1021,17.016667,10.002150,55.530827,-4.737231,0.732159,1.057668,0.349796
1022,17.033333,9.867618,54.774277,-5.513821,0.730909,1.056018,0.351741
1023,17.050000,10.208772,54.558147,-5.386742,0.731442,1.053817,0.351731
1024,17.066667,9.636611,54.056461,-4.899439,0.731757,1.052121,0.352656
1025,17.083333,8.642674,53.942829,-4.030770,0.732173,1.049920,0.353634
1026,17.100000,9.456303,53.382141,-5.158957,0.731460,1.048160,0.354181
1027,17.116667,9.221508,53.291191,-4.959620,0.731498,1.046349,0.354962
1028,17.133333,8.817995,52.800812,-4.734298,0.731971,1.043528,0.355710
1029,17.150000,8.033899,52.682312,-4.260776,0.732584,1.040985,0.356927
1030,17.166667,8.446959,52.410370,-5.069146,0.731214,1.038971,0.357564
1031,17.183333,7.414536,52.295059,-3.368143,0.733372,1.035902,0.357536
1032,17.200000,8.190458,51.827759,-3.430587,0.733548,1.032238,0.357010
1033,17.216667,7.937298,52.028671,-3.250385,0.734313,1.029219,0.358076
1034,17.233333,7.623886,51.822239,-2.414960,0.735443,1.026116,0.357489
1035,17.250000,7.362106,51.246620,-3.128629,0.734805,1.023182,0.359009
1036,17.266667,7.105561,51.017868,-2.202638,0.736386,1.019872,0.358473
1037,17.283333,7.335917,50.769402,-2.556447,0.736261,1.017191,0.358685
1038,17.300000,6.535651,50.788193,-2.056326,0.737261,1.014117,0.358981
1039,17.316667,5.375925,50.608948,-1.198292,0.738259,1.011510,0.359636
1040,17.333333,6.557432,50.275661,-2.235278,0.737922,1.009444,0.359200
1041,17.350000,6.589334,50.100662,-2.533297,0.737836,1.006877,0.359130
1042,17.366667,5.895047,49.879475,-1.539848,0.739400,1.005169,0.359161
1043,17.383333,6.158724,49.734249,-1.433841,0.739829,1.003348,0.358876
1044,17.400000,6.190206,49.669693,-1.317998,0.740307,1.001488,0.358405
1045,17.416667,6.538590,49.731995,-1.504693,0.740470,0.999756,0.357790
1046,17.433333,5.988670,49.582306,-0.474063,0.742158,0.998117,0.356984
1047,17.450000,5.784731,49.316822,-0.616529,0.742041,0.996913,0.356929
1048,17.466667,5.936750,49.256783,-1.342240,0.741361,0.995438,0.356709
1049,17.483333,5.554148,49.123981,-0.634247,0.742363,0.994243,0.355839
1050,17.500000,5.298543,49.145737,-0.153762,0.743455,0.992855,0.355088
1051,17.516667,4.859912,48.948811,-0.025889,0.743865,0.991321,0.354839
1052,17.533333,4.808846,48.901733,-0.764396,0.743580,0.990070,0.355236
1053,17.550000,5.238244,48.951977,-0.436884,0.744097,0.988736,0.353435
1054,17.566667,6.515005,49.128822,-1.743885,0.742997,0.987004,0.352067
1055,17.583333,5.958695,49.004208,-0.476575,0.744460,0.985770,0.350735
1056,17.600000,5.641507,48.818153,0.143158,0.745273,0.984464,0.349560
1057,17.616667,6.320736,49.096031,-0.889840,0.744449,0.983552,0.348932
1058,17.633333,5.640280,48.850098,-0.516609,0.745191,0.981764,0.348221
1059,17.650000,6.118731,49.141144,-0.743528,0.745099,0.980204,0.346507
1060,17.666667,6.371479,49.274189,-1.290821,0.745010,0.978351,0.345596
1061,17.683333,4.847586,48.970512,-0.763772,0.745279,0.976835,0.345870
1062,17.700000,4.930376,49.026096,-0.631556,0.745285,0.975202,0.344218
1063,17.716667,5.261873,49.030762,-0.652786,0.745330,0.972740,0.342643
1064,17.733333,6.136447,49.370502,-0.768662,0.745017,0.970863,0.340760
1065,17.750000,6.185050,49.392635,-0.688230,0.745448,0.968439,0.339299
1066,17.766667,6.586263,49.309227,-0.949494,0.744757,0.966571,0.337997
1067,17.783333,6.763592,49.497005,-0.547772,0.745443,0.963795,0.335966
1068,17.800000,7.399931,49.998558,-0.438363,0.745523,0.961613,0.333530
1069,17.816667,7.032582,50.033367,-0.557777,0.745543,0.959210,0.332860
1070,17.833333,6.718293,49.938107,-0.390419,0.745661,0.956974,0.331567
1071,17.850000,7.737745,49.997112,-2.225438,0.743818,0.954951,0.330506
1072,17.866667,7.563762,50.315853,-1.354869,0.744512,0.953137,0.328537
1073,17.883333,6.698195,50.230526,-1.256677,0.744066,0.951440,0.328138
1074,17.900000,7.191998,50.423878,-1.400622,0.743848,0.950153,0.326149
1075,17.916667,7.612952,50.926968,-0.567929,0.744997,0.948504,0.323759
1076,17.933333,8.269962,51.021065,-1.451806,0.743929,0.947310,0.322412
1077,17.950000,8.764704,51.525841,-1.753982,0.743535,0.945550,0.320696
1078,17.966667,8.729361,51.459988,-1.786631,0.743393,0.944471,0.319456
1079,17.983333,9.517472,51.675232,-2.933889,0.742514,0.942803,0.318159
1080,18.000000,9.101401,51.620045,-3.127479,0.742225,0.941671,0.317753
1081,18.016667,8.999003,51.904968,-3.539316,0.741605,0.940439,0.316743
1082,18.033333,8.954089,52.305977,-3.542065,0.741995,0.938603,0.315265
1083,18.050000,9.199944,52.649853,-3.484337,0.741991,0.937496,0.313504
1084,18.066667,9.246796,52.899841,-3.855080,0.741498,0.936070,0.312400
1085,18.083333,8.950782,53.078861,-3.500773,0.741785,0.934713,0.311522
1086,18.100000,9.378104,53.275028,-3.687693,0.742291,0.932738,0.309991
1087,18.116667,9.845140,53.550541,-4.444000,0.741528,0.931621,0.309236
1088,18.133333,9.769104,53.771755,-3.974754,0.742002,0.930319,0.307819
1089,18.150000,10.107077,54.157921,-4.228896,0.742145,0.928686,0.306419
1090,18.166667,10.126149,54.753876,-4.089519,0.742551,0.927246,0.305267
1091,18.183333,10.404184,55.313354,-4.072410,0.743018,0.926144,0.303816
1092,18.200000,10.227993,55.232216,-4.711498,0.742718,0.924811,0.303329
1093,18.216667,9.992352,55.808289,-4.667154,0.743701,0.923359,0.302264
1094,18.233333,9.679540,56.202805,-4.465255,0.743966,0.922655,0.301689
1095,18.250000,9.036429,56.668159,-3.718379,0.744853,0.921541,0.300670
1096,18.266667,10.099212,57.082039,-4.953974,0.744465,0.920254,0.299494
1097,18.283333,10.365624,57.440247,-4.607284,0.744913,0.919689,0.298207
1098,18.300000,10.638119,57.974659,-4.416219,0.745774,0.918291,0.296509
1099,18.316667,9.956811,58.197842,-3.870788,0.746405,0.917449,0.296289
1100,18.333333,10.044872,58.701202,-3.690681,0.746959,0.916559,0.295327
1101,18.350000,9.843366,59.282486,-3.556884,0.747772,0.914925,0.294411
1102,18.366667,10.218760,59.629021,-4.093494,0.747478,0.913854,0.293411
1103,18.383333,9.947234,60.517910,-3.470850,0.748895,0.912824,0.292417
1104,18.400000,9.014428,61.185032,-2.849607,0.749831,0.911314,0.292057
1105,18.416667,8.929792,61.528851,-3.208458,0.749400,0.910935,0.292117
1106,18.433333,10.155879,62.039902,-4.446827,0.749046,0.910318,0.291433
1107,18.450000,9.097528,62.541801,-3.060136,0.750342,0.909910,0.290868
1108,18.466667,9.622976,63.135769,-3.194868,0.750507,0.909010,0.289900
1109,18.483333,10.345057,63.802738,-3.738753,0.750489,0.907959,0.289381
1110,18.500000,10.872974,64.321098,-4.183458,0.750481,0.907419,0.288928
1111,18.516667,11.033909,64.722984,-4.387122,0.750506,0.906712,0.288683
1112,18.533333,11.809128,65.072044,-6.121171,0.749647,0.905963,0.289475
1113,18.550000,12.037740,65.662628,-5.849145,0.750128,0.905493,0.288403
1114,18.566667,11.512222,66.301697,-4.871357,0.751033,0.905296,0.287558
1115,18.583333,11.881150,66.784050,-5.710063,0.750587,0.905197,0.288179
1116,18.600000,13.224115,67.136574,-7.910003,0.749690,0.905302,0.288808
1117,18.616667,14.321571,67.563652,-8.505162,0.749042,0.904917,0.288112
1118,18.633333,14.515400,68.199539,-9.049739,0.749242,0.904335,0.288715
1119,18.650000,14.258904,68.521980,-8.582715,0.749461,0.904100,0.288723
1120,18.666667,15.725553,69.214279,-10.046313,0.749118,0.903915,0.289040
1121,18.683333,16.096577,69.913971,-10.814671,0.748843,0.903006,0.289924
1122,18.700000,18.038404,70.343185,-13.016480,0.747864,0.902216,0.290185
1123,18.716667,19.333178,70.820709,-14.332616,0.747559,0.901753,0.290455
1124,18.733333,19.605057,71.301857,-14.069949,0.747922,0.901117,0.290133
1125,18.750000,19.436344,71.672173,-14.296434,0.747922,0.900839,0.291025
1126,18.766667,20.173616,72.172127,-15.415884,0.747943,0.900060,0.291849
1127,18.783333,22.018818,73.086639,-17.413916,0.747513,0.899865,0.292583
1128,18.800000,23.162127,73.326164,-17.916378,0.747967,0.899138,0.291569
1129,18.816667,22.970192,74.064438,-18.015285,0.748715,0.898015,0.292724
1130,18.833333,24.454109,74.483948,-19.930485,0.748667,0.897796,0.293778
1131,18.850000,25.838835,75.090240,-21.575644,0.748951,0.897869,0.294909
1132,18.866667,29.923302,75.514854,-25.693171,0.748485,0.898146,0.295764
1133,18.883333,29.870102,75.750175,-25.066919,0.749065,0.897764,0.295449
1134,18.900000,32.566463,76.137360,-28.254988,0.749073,0.897923,0.296901
1135,18.916667,33.189442,76.494225,-29.250010,0.750112,0.897149,0.298058
1136,18.933333,34.815224,77.046349,-30.626955,0.751206,0.897367,0.298323
1137,18.950000,40.914974,77.282959,-38.015358,0.750425,0.896909,0.300198
1138,18.966667,39.163582,78.262810,-36.233784,0.752352,0.896018,0.301080
1139,18.983333,41.787842,78.806419,-38.484734,0.753617,0.896380,0.301501
1140,19.000000,42.637970,79.283188,-39.157074,0.755007,0.896686,0.301887
1141,19.016667,43.848133,79.690308,-40.543037,0.756776,0.896408,0.302724
1142,19.033333,50.023922,80.109795,-46.568501,0.758119,0.896277,0.303512
1143,19.050000,52.247490,80.458534,-48.646103,0.759589,0.896139,0.303870
1144,19.066667,54.837009,80.628334,-50.707973,0.761550,0.896521,0.303958
1145,19.083333,57.169411,81.116669,-53.311325,0.763334,0.896695,0.305658
1146,19.100000,61.660191,81.388222,-57.991550,0.764922,0.896721,0.306362
1147,19.116667,65.659111,81.690849,-62.546249,0.767220,0.896468,0.307172
1148,19.133333,67.374817,82.391243,-64.305504,0.769505,0.896738,0.308260
1149,19.150000,74.553391,83.052757,-70.345650,0.772708,0.896082,0.307140
1150,19.166667,79.382118,83.367828,-75.620468,0.774924,0.896051,0.308302
1151,19.183333,85.169922,82.953400,-81.200027,0.776434,0.895872,0.308699
1152,19.200000,85.478989,83.621056,-82.268692,0.780580,0.895266,0.310026
1153,19.216667,92.033150,83.726891,-88.313301,0.782326,0.895871,0.310120
1154,19.233333,101.736862,83.510361,-98.348640,0.785603,0.894619,0.311049
1155,19.250000,107.127472,82.947754,-103.613029,0.788002,0.894000,0.311575
1156,19.266667,109.335114,82.348595,-105.685417,0.789832,0.894404,0.311942
1157,19.283333,114.789742,82.461670,-111.461975,0.793576,0.893699,0.313143
1158,19.300000,122.720375,82.080139,-120.093262,0.796911,0.893585,0.314265
1159,19.316667,124.541054,82.285568,-121.541794,0.799914,0.893317,0.314213
1160,19.333333,130.307144,81.784683,-126.616257,0.802886,0.893235,0.313948
1161,19.350000,134.752853,81.909569,-131.486115,0.806829,0.892974,0.314948
1162,19.366667,138.515228,81.300522,-135.379837,0.810456,0.892894,0.315909
1163,19.383333,140.218369,80.709106,-136.943130,0.813634,0.893178,0.316302
1164,19.400000,139.734833,79.917557,-138.052536,0.816079,0.893917,0.318491
1165,19.416667,141.888672,79.562996,-138.103043,0.819687,0.894635,0.316163
1166,19.433333,144.222610,79.036369,-141.162460,0.823527,0.894906,0.317514
1167,19.450000,144.628281,78.129684,-142.206528,0.826582,0.895046,0.318888
1168,19.466667,147.942657,78.018105,-144.545746,0.830985,0.896114,0.317928
1169,19.483333,149.100266,77.731750,-146.478104,0.834443,0.897104,0.319024
1170,19.500000,152.890762,77.328911,-150.632996,0.839056,0.898130,0.319529
1171,19.516667,152.843399,76.829483,-150.639175,0.842461,0.898752,0.320051
1172,19.533333,155.097977,76.367882,-152.933182,0.846367,0.899811,0.320041
1173,19.550000,156.128677,75.991936,-153.972717,0.850120,0.900502,0.320039
1174,19.566667,157.144913,75.152061,-155.569550,0.854450,0.901510,0.320938
1175,19.583333,157.329651,74.855156,-156.214554,0.857922,0.902800,0.321751
1176,19.600000,158.210556,74.092377,-156.813126,0.861939,0.903332,0.321369
1177,19.616667,159.518524,73.935440,-157.837158,0.866252,0.904071,0.320381
1178,19.633333,159.874512,73.066872,-158.719467,0.869999,0.904452,0.321321
1179,19.650000,161.055023,72.568977,-159.368057,0.874465,0.905188,0.319756
1180,19.666667,162.109039,72.345703,-161.584457,0.878279,0.906059,0.321356
1181,19.683333,162.861496,71.819878,-162.038925,0.881546,0.906534,0.320525
1182,19.700000,164.062790,71.578766,-163.192459,0.886010,0.906644,0.320054
1183,19.716667,163.059662,70.904984,-162.635529,0.889879,0.906479,0.319840
1184,19.733333,166.289658,70.503990,-165.591690,0.894557,0.906665,0.318481
1185,19.750000,164.601898,69.614967,-164.379654,0.897109,0.907517,0.318741
1186,19.766667,165.091766,69.479431,-164.728683,0.901404,0.907225,0.317309
1187,19.783333,165.712708,68.913475,-165.496735,0.905461,0.906816,0.316698
1188,19.800000,165.459610,68.386276,-165.316620,0.908868,0.907025,0.315639
1189,19.816667,166.142365,67.747437,-165.865952,0.912704,0.906676,0.313844
1190,19.833333,166.214432,67.578484,-166.600662,0.916154,0.906794,0.313470
1191,19.850000,167.139191,66.955826,-167.410049,0.920203,0.906692,0.311584
1192,19.866667,168.255280,66.749184,-168.667816,0.923438,0.907305,0.310131
1193,19.883333,168.492111,66.157188,-169.596344,0.927443,0.907853,0.309056
1194,19.900000,169.339691,65.551727,-170.874603,0.931737,0.907715,0.307365
1195,19.916667,168.923004,65.343094,-169.961029,0.933525,0.908321,0.305162
1196,19.933333,169.973694,64.695930,-170.642029,0.936986,0.909562,0.302695
1197,19.950000,170.908463,64.609680,-172.697845,0.941133,0.910434,0.301284
1198,19.966667,170.262787,63.950748,-170.970810,0.942775,0.910889,0.297485
1199,19.983333,171.118866,63.551620,-172.242706,0.946034,0.912169,0.295761
1200,20.000000,171.607849,62.886658,-172.562332,0.949033,0.912977,0.292525
1201,20.016667,172.565247,62.545353,-173.100830,0.951519,0.913924,0.288955
1202,20.033333,173.433929,62.316528,-173.598679,0.953641,0.914845,0.285850
1203,20.050000,175.188797,61.661869,-175.526321,0.957083,0.915704,0.282757
1204,20.066667,176.786835,61.318905,-176.956604,0.958867,0.915710,0.279247
1205,20.083333,176.428665,60.580406,-176.834579,0.960493,0.916584,0.277143
1206,20.100000,176.364273,60.601662,-176.569321,0.961289,0.916957,0.273043
1207,20.116667,177.959183,59.788586,-177.960403,0.964243,0.916784,0.269348
1208,20.133333,177.736420,59.494064,-177.106964,0.964649,0.917538,0.265309
1209,20.150000,177.527985,59.238102,-177.499664,0.965328,0.917976,0.262921
1210,20.166667,177.753693,58.804127,-177.483963,0.966477,0.917793,0.259234
1211,20.183333,178.578308,58.152218,-177.839096,0.967113,0.917652,0.254996
1212,20.200000,178.459045,57.894455,-177.972595,0.967129,0.917866,0.251947
1213,20.216667,179.036148,57.378822,-178.617432,0.967516,0.917636,0.248622
1214,20.233333,179.715775,56.960159,-178.342087,0.966794,0.917461,0.244363
1215,20.250000,179.595886,56.590076,-177.677689,0.965984,0.916921,0.240094
1216,20.266667,179.964172,56.070488,-178.000107,0.965220,0.916420,0.236318
1217,20.283333,-179.554413,55.777206,-178.382507,0.963986,0.916278,0.233495
1218,20.300000,179.633591,55.625542,-177.385071,0.962447,0.915688,0.229922
1219,20.316667,179.056046,55.169910,-176.480408,0.960967,0.914825,0.226913
1220,20.333333,179.590988,54.811760,-176.810516,0.959552,0.914343,0.222782
1221,20.350000,178.933075,54.628651,-176.776215,0.956708,0.914507,0.221347
1222,20.366667,179.340958,54.076588,-176.337173,0.955029,0.913748,0.217051
1223,20.383333,179.326584,53.913231,-176.881210,0.952899,0.913784,0.214855
1224,20.400000,178.899872,53.523895,-175.818985,0.949811,0.913061,0.212125
1225,20.416667,178.753906,53.170856,-175.043259,0.946036,0.912702,0.208649
1226,20.433333,179.490112,53.239582,-176.266327,0.943971,0.912191,0.206273
1227,20.450000,179.040161,52.595177,-174.753098,0.940073,0.911357,0.203401
1228,20.466667,178.208618,52.255543,-173.990417,0.936814,0.910329,0.201473
1229,20.483333,177.919418,52.139969,-174.287750,0.933787,0.909942,0.199928
1230,20.500000,178.069611,52.086975,-174.072311,0.930593,0.908816,0.197337
1231,20.516667,176.766983,51.554928,-173.103271,0.926104,0.908679,0.195953
1232,20.533333,176.140060,51.456917,-171.817093,0.921623,0.908484,0.193670
1233,20.550000,176.442413,51.212273,-172.134186,0.918486,0.907353,0.191889
1234,20.566667,175.543106,50.893951,-169.793701,0.912484,0.906462,0.189603
1235,20.583333,175.836441,50.470135,-171.315491,0.909977,0.906244,0.189411
1236,20.600000,175.490677,50.622353,-170.950256,0.905720,0.906148,0.188288
1237,20.616667,175.556732,50.218830,-170.598145,0.901644,0.905221,0.186960
1238,20.633333,174.892014,50.071453,-170.011230,0.897873,0.904999,0.186341
1239,20.650000,174.076340,49.539890,-169.808319,0.893372,0.904967,0.186375
1240,20.666667,174.136200,49.520092,-169.494202,0.889189,0.905187,0.184950
1241,20.683333,173.896255,49.316814,-169.333191,0.885503,0.905277,0.184517
1242,20.700000,173.927856,49.174717,-169.403229,0.881372,0.905940,0.183911
1243,20.716667,172.997940,48.983654,-168.479752,0.877226,0.906394,0.183920
1244,20.733333,172.650757,48.872787,-168.151688,0.872694,0.908197,0.184592
1245,20.750000,173.360870,48.580193,-168.147644,0.869150,0.907909,0.182695
1246,20.766667,173.018890,48.461926,-168.067413,0.864897,0.908723,0.183299
1247,20.783333,173.491486,48.266281,-170.087830,0.863320,0.909191,0.184626
1248,20.800000,173.164047,48.225685,-168.517807,0.858396,0.909541,0.183980
1249,20.816667,173.201523,48.123657,-168.512421,0.854873,0.910307,0.184284
1250,20.833333,172.563858,48.197872,-169.114273,0.851588,0.910794,0.185578
1251,20.850000,171.914352,47.798759,-168.140213,0.847562,0.911548,0.185852
1252,20.866667,172.114624,47.876232,-167.627121,0.843862,0.911863,0.185475
1253,20.883333,171.736282,47.899380,-167.658676,0.840628,0.911979,0.186523
1254,20.900000,170.916565,47.665688,-168.500412,0.838232,0.913921,0.188890
1255,20.916667,171.222443,47.418766,-168.104065,0.834614,0.913983,0.189514
1256,20.933333,171.828690,47.448120,-168.260483,0.831493,0.914789,0.190073
1257,20.950000,172.355499,47.340630,-168.489304,0.828820,0.915260,0.189969
1258,20.966667,171.659927,47.520988,-168.099503,0.825360,0.916355,0.191603
1259,20.983333,172.388824,47.326061,-169.782059,0.823873,0.916914,0.193156
1260,21.000000,173.023438,47.367046,-168.946442,0.820498,0.917218,0.192918
1261,21.016667,172.720795,47.163517,-170.069702,0.819093,0.918056,0.195475
1262,21.033333,172.509521,47.433907,-169.597992,0.815940,0.918390,0.196379
1263,21.050000,172.216019,47.446186,-168.841568,0.812546,0.919544,0.197037
1264,21.066667,172.796387,47.202869,-169.183212,0.810189,0.920380,0.198259
1265,21.083333,172.970596,47.401058,-169.351410,0.807665,0.920890,0.199567
1266,21.100000,172.767212,47.234745,-169.431030,0.805873,0.921916,0.201087
1267,21.116667,172.796265,47.394127,-169.462784,0.802684,0.922666,0.202453
1268,21.133333,172.787460,47.643116,-168.970596,0.800400,0.923005,0.203523
1269,21.150000,173.360352,47.570850,-169.799072,0.798270,0.924126,0.205357
1270,21.166667,173.222260,47.441319,-169.783081,0.796407,0.924584,0.206946
1271,21.183333,173.182571,47.641575,-169.932297,0.794063,0.924877,0.208532
1272,21.200000,172.908066,47.657394,-169.609329,0.791387,0.925572,0.210530
1273,21.216667,172.799683,47.856773,-169.819275,0.789331,0.925623,0.212381
1274,21.233333,173.188583,47.840767,-170.076279,0.787761,0.925675,0.214104
1275,21.250000,173.674515,48.299862,-169.591553,0.784635,0.926006,0.214220
1276,21.266667,172.720169,48.066891,-169.674591,0.782922,0.926361,0.217976
1277,21.283333,172.644745,48.373844,-169.929382,0.780957,0.926499,0.220368
1278,21.300000,172.735489,48.507286,-169.243317,0.778597,0.927147,0.221126
1279,21.316667,172.655975,48.743561,-169.629990,0.776525,0.927192,0.223120
1280,21.333333,172.823120,48.463886,-169.475922,0.774499,0.926794,0.225154
1281,21.350000,172.977341,48.986984,-170.515839,0.773451,0.927199,0.228405
1282,21.366667,172.568085,49.031574,-169.533325,0.770168,0.927259,0.229750
1283,21.383333,172.627869,49.218834,-169.509048,0.768374,0.927072,0.231714
1284,21.400000,173.097977,49.611515,-169.204895,0.766114,0.927509,0.232723
1285,21.416667,172.473709,49.741585,-169.025330,0.763926,0.927520,0.235756
1286,21.433333,172.874619,50.071301,-169.178864,0.762401,0.926624,0.237746
1287,21.450000,172.032883,50.008408,-168.655975,0.759678,0.927083,0.240888
1288,21.466667,172.354523,50.245312,-168.763214,0.758503,0.927197,0.243039
1289,21.483333,172.925262,50.445393,-168.724411,0.756565,0.927894,0.244129
1290,21.500000,171.876556,51.032040,-167.346634,0.753185,0.927416,0.246407
1291,21.516667,171.929871,50.961628,-168.379868,0.753035,0.927377,0.249989
1292,21.533333,171.590988,51.293320,-168.452499,0.751197,0.927983,0.253615
1293,21.550000,171.909683,51.637291,-167.692139,0.749382,0.927869,0.255043
1294,21.566667,171.444504,52.080864,-167.380310,0.747558,0.928471,0.257484
1295,21.583333,171.481735,52.254562,-167.105988,0.745879,0.928498,0.260380
1296,21.600000,170.057556,52.371086,-167.017639,0.744601,0.928839,0.264835
1297,21.616667,170.785370,52.714668,-166.293655,0.742829,0.928663,0.266237
1298,21.633333,169.846603,53.025772,-166.278900,0.741402,0.929422,0.270593
1299,21.650000,170.323654,53.582233,-165.932419,0.739963,0.929128,0.272864
1300,21.666667,169.477356,54.091057,-164.811890,0.738031,0.929629,0.275295
1301,21.683333,169.577103,54.163029,-165.023254,0.737534,0.929833,0.278875
1302,21.700000,168.715256,54.857891,-164.654327,0.736471,0.929568,0.282920
1303,21.716667,169.499649,54.842319,-164.998886,0.735799,0.928867,0.285661
1304,21.733333,168.893387,55.423439,-164.215042,0.734895,0.928861,0.288633
1305,21.750000,168.036972,55.761173,-163.681000,0.734000,0.928606,0.292496
1306,21.766667,168.104858,56.084785,-164.055222,0.733758,0.928098,0.296167
1307,21.783333,166.786819,56.557076,-162.837204,0.732983,0.927982,0.300321
1308,21.800000,165.815750,57.157211,-162.575790,0.732197,0.928118,0.304579
1309,21.816667,166.245102,57.521564,-161.972443,0.732177,0.927570,0.306717
1310,21.833333,165.992432,57.696091,-162.441376,0.732740,0.927037,0.311771
1311,21.850000,164.887299,58.124508,-161.190353,0.732659,0.927021,0.315046
1312,21.866667,164.462723,58.477806,-160.999863,0.732677,0.927210,0.319072
1313,21.883333,164.347336,59.027363,-161.207138,0.733584,0.926473,0.322794
1314,21.900000,164.387344,59.578018,-161.308624,0.734413,0.926758,0.326215
1315,21.916667,163.697464,60.417519,-161.101990,0.735553,0.926552,0.330509
1316,21.933333,162.200851,60.508587,-159.291565,0.735361,0.927697,0.334132
1317,21.950000,162.708359,60.917686,-159.462463,0.736572,0.927434,0.336991
1318,21.966667,162.303467,61.605480,-158.979996,0.737843,0.927400,0.341140
1319,21.983333,162.127487,62.375565,-159.433472,0.740255,0.927341,0.344814
1320,22.000000,162.168976,62.783005,-159.734695,0.742222,0.928147,0.349347
1321,22.016667,160.182358,63.359303,-158.209106,0.743355,0.928547,0.352988
1322,22.033333,159.661469,63.859119,-158.279572,0.745757,0.928295,0.357584
1323,22.050000,159.925446,64.349716,-158.300537,0.747427,0.929313,0.360164
1324,22.066667,159.385437,65.332520,-157.609848,0.749538,0.929020,0.363202
1325,22.083333,158.942596,65.696350,-157.359726,0.752450,0.929432,0.366768
1326,22.100000,159.217728,66.186066,-158.944275,0.755334,0.930013,0.371021
1327,22.116667,158.432373,66.835823,-157.989578,0.757264,0.930530,0.374151
1328,22.133333,158.294281,67.543541,-157.602234,0.760334,0.929949,0.376263
1329,22.150000,159.485046,68.028519,-157.675964,0.763343,0.930546,0.378099
1330,22.166667,157.975067,68.623352,-156.959641,0.766240,0.930888,0.381968
1331,22.183333,158.585266,69.602592,-157.371460,0.769158,0.930557,0.384275
1332,22.200000,158.930267,70.329369,-158.029480,0.772645,0.930735,0.386796
1333,22.216667,157.346512,70.710892,-157.003738,0.775718,0.930627,0.390388
1334,22.233333,157.935303,71.702888,-157.437820,0.779647,0.930737,0.392118
1335,22.250000,157.107300,71.656906,-157.649902,0.782944,0.930815,0.396025
1336,22.266667,158.452591,72.892807,-158.364716,0.786228,0.930833,0.396885
1337,22.283333,157.244446,73.479378,-156.830765,0.789572,0.931249,0.398736
1338,22.300000,155.538879,74.359337,-155.409393,0.792443,0.931627,0.400871
1339,22.316667,157.498627,75.105721,-157.275864,0.796995,0.931267,0.401970
1340,22.333333,154.538528,75.336517,-154.780579,0.799657,0.931627,0.404227
1341,22.350000,153.164093,76.150429,-153.263702,0.803152,0.931752,0.405599
1342,22.366667,151.384247,76.431946,-151.038605,0.806343,0.931950,0.406044
1343,22.383333,150.578613,77.525581,-151.132629,0.810920,0.932122,0.408167
1344,22.400000,147.135742,77.518799,-147.417007,0.813122,0.931771,0.408507
1345,22.416667,147.034927,78.710426,-146.059998,0.816347,0.932438,0.407489
1346,22.433333,147.336349,79.420952,-147.444901,0.822008,0.933440,0.409518
1347,22.450000,142.560318,79.713516,-142.807175,0.823965,0.933512,0.410048
1348,22.466667,145.387878,80.870407,-145.255859,0.828542,0.934242,0.409962
1349,22.483333,139.794724,81.293694,-140.783493,0.831590,0.934722,0.411343
1350,22.500000,141.398804,81.997841,-141.197311,0.836341,0.935284,0.409973
1351,22.516667,138.809250,82.552895,-137.539978,0.838833,0.935837,0.408249
1352,22.533333,129.531555,83.015854,-128.949539,0.842076,0.936237,0.408825
1353,22.550000,127.888191,83.678741,-127.975319,0.846108,0.937117,0.409184
1354,22.566667,121.609993,84.291550,-120.865005,0.849787,0.937087,0.407162
1355,22.583333,116.849304,84.566856,-116.715981,0.853244,0.937278,0.407298
1356,22.600000,108.255371,84.951042,-107.598488,0.856587,0.937475,0.405432
1357,22.616667,104.748810,85.071541,-104.121689,0.860216,0.937940,0.404528
1358,22.633333,94.378006,85.418922,-93.686684,0.863506,0.937985,0.402988
1359,22.650000,84.992691,85.676544,-83.413116,0.867467,0.937453,0.400200
1360,22.666667,79.389008,85.552864,-77.489914,0.870635,0.937772,0.398439
1361,22.683333,67.096619,85.365997,-65.795784,0.873704,0.937950,0.397748
1362,22.700000,57.677444,85.548111,-55.057949,0.877612,0.937940,0.394446
1363,22.716667,57.670956,84.907883,-56.114414,0.880711,0.937989,0.394155
1364,22.733333,47.861645,84.524261,-45.383156,0.884184,0.938293,0.391031
1365,22.750000,43.767624,84.097954,-40.863701,0.887444,0.938122,0.387718
1366,22.766667,41.749523,83.134468,-39.926529,0.889793,0.938248,0.387154
1367,22.783333,36.373020,82.747345,-34.233864,0.893680,0.938166,0.384866
1368,22.800000,39.608929,82.495544,-37.572021,0.895861,0.939092,0.382704
1369,22.816667,29.304773,81.827759,-26.611151,0.900247,0.938700,0.379075
1370,22.833333,26.987049,81.631180,-24.294413,0.903236,0.938949,0.376834
1371,22.850000,25.925291,81.077843,-22.925936,0.905999,0.938986,0.373902
1372,22.866667,23.517122,80.496323,-19.902870,0.909244,0.938888,0.370496
1373,22.883333,24.411873,79.872017,-21.429325,0.911585,0.938447,0.368653
1374,22.900000,17.820459,79.324112,-13.297992,0.916147,0.938382,0.364113
1375,22.916667,22.114252,78.729942,-18.026382,0.917207,0.938610,0.362118
1376,22.933333,17.128510,78.393883,-11.959103,0.921665,0.938626,0.357849
1377,22.950000,16.582621,77.508507,-12.246602,0.923976,0.938497,0.356193
1378,22.966667,17.539755,77.064117,-13.398707,0.925403,0.938797,0.353589
1379,22.983333,16.128637,76.258835,-12.184369,0.928473,0.938906,0.350895
1380,23.000000,15.402267,75.957909,-10.856536,0.931302,0.939384,0.347441
1381,23.016667,13.689618,75.572899,-8.743351,0.933625,0.939756,0.344405
1382,23.033333,13.258677,74.900345,-8.527883,0.936116,0.940080,0.342075
1383,23.050000,12.086649,74.400597,-6.047400,0.939004,0.940364,0.337381
1384,23.066667,12.024874,73.836380,-6.645659,0.940672,0.940428,0.335745
1385,23.083333,8.838083,73.661591,-1.998844,0.944465,0.941601,0.330792
1386,23.100000,13.049313,73.109947,-7.718413,0.944438,0.941743,0.330445
1387,23.116667,12.295932,72.537567,-6.480190,0.946863,0.941609,0.327607
1388,23.133333,11.070455,71.739967,-4.818141,0.948947,0.941791,0.323645
1389,23.150000,11.237256,71.122124,-5.032900,0.950469,0.941850,0.321247
1390,23.166667,11.937252,70.919525,-6.647342,0.950922,0.941847,0.319821
1391,23.183333,10.878757,70.433037,-5.187807,0.953459,0.941684,0.316801
1392,23.200000,10.808321,69.963547,-4.914396,0.955019,0.941143,0.313835
1393,23.216667,10.064053,69.557541,-3.857814,0.956718,0.941011,0.311179
1394,23.233333,9.652962,69.201599,-3.943081,0.958325,0.940000,0.309623
1395,23.250000,9.422158,68.837189,-3.458765,0.959243,0.940383,0.307072
1396,23.266667,6.863559,68.373886,0.613780,0.963045,0.940047,0.302508
1397,23.283333,9.125368,67.622925,-2.493509,0.962092,0.939987,0.301003
1398,23.300000,12.466525,67.567238,-8.115152,0.960370,0.938592,0.301161
1399,23.316667,8.434075,66.873215,-2.697760,0.964576,0.939951,0.297737
1400,23.333333,9.069322,66.419907,-3.909334,0.964291,0.940185,0.296264
1401,23.350000,9.842455,66.218117,-3.833946,0.964996,0.940058,0.292573
1402,23.366667,8.254177,65.980064,-2.193414,0.965715,0.940556,0.290740
1403,23.383333,9.302799,65.773285,-3.665426,0.965411,0.940752,0.289061
1404,23.400000,10.131531,65.667824,-4.497754,0.965494,0.941085,0.286855
1405,23.416667,9.439690,64.989067,-4.598011,0.965442,0.941063,0.285959
1406,23.433333,10.505681,64.859970,-4.110628,0.966644,0.940504,0.281449
1407,23.450000,7.781222,64.616623,-1.186743,0.969302,0.940349,0.279791
1408,23.466667,9.572632,64.070976,-3.674582,0.967325,0.940826,0.278813
1409,23.483333,9.530960,64.100754,-3.692750,0.967732,0.940614,0.277038
1410,23.500000,9.154323,63.683918,-3.299902,0.967980,0.940958,0.275520
1411,23.516667,9.370166,63.621307,-3.186430,0.967947,0.940778,0.272859
1412,23.533333,9.704117,63.625195,-3.361963,0.967466,0.940118,0.270930
1413,23.550000,9.625825,63.266289,-4.037198,0.966401,0.940063,0.269541
1414,23.566667,8.646256,62.900169,-2.441821,0.967423,0.940587,0.267478
1415,23.583333,8.030950,62.929443,-2.190380,0.966915,0.940773,0.266329
1416,23.600000,7.661187,62.576958,-1.888128,0.967317,0.940481,0.264772
1417,23.616667,9.086920,62.753326,-4.124160,0.965304,0.940201,0.263831
1418,23.633333,9.617151,62.474682,-4.985644,0.963765,0.939316,0.262230
1419,23.650000,8.670217,61.954113,-2.642398,0.964598,0.939392,0.259649
1420,23.666667,8.307181,61.828835,-2.288659,0.964416,0.938590,0.258149
1421,23.683333,7.858895,61.963669,-2.092309,0.964562,0.937851,0.256849
1422,23.700000,8.387815,62.010017,-2.466782,0.963360,0.937193,0.255031
1423,23.716667,9.790891,61.884697,-4.517892,0.960937,0.936048,0.253872
1424,23.733333,9.009674,61.871098,-2.922457,0.960795,0.936098,0.251814
1425,23.750000,7.015168,62.068260,-0.107932,0.962158,0.935202,0.249666
1426,23.766667,9.062663,61.905952,-3.311570,0.958596,0.934451,0.248916
1427,23.783333,8.328694,61.985359,-2.974857,0.957708,0.933761,0.248213
1428,23.800000,8.233777,61.794247,-2.836465,0.957033,0.933568,0.246745
1429,23.816667,8.516488,61.931866,-3.337044,0.955438,0.932463,0.245581
1430,23.833333,9.244370,61.705441,-3.720244,0.953747,0.931483,0.243091
1431,23.850000,8.998638,61.738941,-3.798552,0.952718,0.931651,0.242537
1432,23.866667,9.748565,61.959858,-4.888583,0.949841,0.930327,0.241614
1433,23.883333,8.929882,62.137222,-3.584164,0.949399,0.930106,0.239880
1434,23.900000,8.638631,61.942226,-2.938571,0.948618,0.929985,0.238076
1435,23.916667,9.321021,62.258896,-3.814108,0.946495,0.928891,0.236876
1436,23.933333,8.734157,62.537479,-3.303994,0.945731,0.927928,0.235345
1437,23.950000,8.201329,62.569805,-3.167889,0.944178,0.927572,0.234718
1438,23.966667,9.151883,62.558517,-4.692273,0.941392,0.927584,0.233525
1439,23.983333,9.261886,62.773140,-4.315140,0.940433,0.927219,0.231582
1440,24.000000,8.597749,62.968670,-4.439833,0.938766,0.926932,0.230814
1441,24.016667,8.937194,63.392120,-3.692746,0.937332,0.926445,0.227950
1442,24.033333,10.260389,63.326935,-4.821264,0.935113,0.925874,0.226256
1443,24.050000,9.048324,63.353756,-4.023376,0.934139,0.924992,0.225365
1444,24.066667,10.450243,63.614300,-5.836789,0.930579,0.924891,0.224772
1445,24.083333,9.683535,63.912567,-4.772230,0.929729,0.924075,0.223091
1446,24.100000,9.794973,64.669930,-4.000574,0.928253,0.923426,0.219995
1447,24.116667,9.648482,64.744682,-3.561936,0.926744,0.923147,0.218682
1448,24.133333,9.078057,64.690857,-4.284875,0.924490,0.923299,0.219184
1449,24.150000,9.742994,65.008995,-4.289827,0.922583,0.923182,0.216221
1450,24.166667,10.543454,65.202240,-6.279116,0.918677,0.923432,0.216920
1451,24.183333,10.707511,65.770607,-5.376281,0.917585,0.923509,0.214096
1452,24.200000,10.552641,65.852531,-5.080006,0.915910,0.923651,0.212233
1453,24.216667,12.191325,66.440903,-6.487285,0.913505,0.923542,0.210551
1454,24.233333,11.384773,67.126587,-5.559083,0.911337,0.924429,0.209657
1455,24.250000,12.287918,67.238319,-5.920421,0.909257,0.924189,0.207703
1456,24.266667,10.863608,68.000526,-4.234290,0.907953,0.923886,0.206144
1457,24.283333,12.959159,68.019417,-7.222433,0.903809,0.923644,0.206565
1458,24.300000,12.490152,68.533501,-6.229969,0.902016,0.923574,0.204659
1459,24.316667,13.238392,68.751999,-6.948340,0.899426,0.923504,0.203317
1460,24.333333,13.425529,69.409431,-7.220468,0.897481,0.922907,0.202674
1461,24.350000,13.610744,69.808479,-6.731421,0.895515,0.922856,0.201109
1462,24.366667,13.337556,70.097092,-6.311821,0.892831,0.922592,0.199500
1463,24.383333,14.477135,70.484383,-7.966679,0.890045,0.922333,0.199504
1464,24.400000,15.561806,71.094330,-9.355927,0.887294,0.921558,0.198922
1465,24.416667,14.980636,71.412178,-8.029424,0.884836,0.921233,0.197355
1466,24.433333,16.060816,71.799614,-9.278788,0.882378,0.920781,0.196688
1467,24.450000,16.975250,72.172447,-10.906350,0.879557,0.921188,0.197468
1468,24.466667,15.329823,73.396332,-9.426566,0.877558,0.920938,0.197366
1469,24.483333,18.622288,73.125000,-12.807325,0.873955,0.920673,0.196751
1470,24.500000,17.364637,73.925400,-10.972370,0.871714,0.921256,0.195983
1471,24.516667,20.209244,74.537804,-13.825809,0.868475,0.920835,0.195993
1472,24.533333,20.840622,74.829285,-14.760845,0.865145,0.921288,0.196337
1473,24.550000,20.892929,74.809128,-14.895258,0.863160,0.921228,0.195867
1474,24.566667,21.991476,75.775398,-16.021717,0.860487,0.921290,0.196159
1475,24.583333,23.020746,76.211082,-17.060362,0.858210,0.921273,0.196067
1476,24.600000,24.051609,77.376770,-17.688530,0.855491,0.920765,0.196501
1477,24.616667,25.898853,77.196991,-19.991476,0.852072,0.921685,0.196648
1478,24.633333,27.033831,77.549377,-20.999640,0.849304,0.921644,0.196653
1479,24.650000,28.177824,78.171227,-22.494036,0.846891,0.921261,0.197495
1480,24.666667,31.445126,78.759346,-25.063023,0.844130,0.921363,0.197119
1481,24.683333,33.084591,79.106941,-26.407518,0.841541,0.921445,0.197205
1482,24.700000,32.286503,79.549782,-25.483122,0.839340,0.920824,0.197291
1483,24.716667,38.259068,80.060143,-32.738567,0.835836,0.921276,0.200683
1484,24.733333,39.836948,80.666618,-34.459618,0.833960,0.921180,0.201447
1485,24.750000,43.079384,80.642838,-37.457218,0.831073,0.921639,0.202128
1486,24.766667,48.111603,81.210571,-42.081860,0.828314,0.921190,0.202804
1487,24.783333,48.465023,81.557327,-42.684399,0.826276,0.920842,0.203549
1488,24.800000,53.451607,81.595345,-48.253601,0.823184,0.921141,0.205107
1489,24.816667,57.025585,82.060326,-51.797543,0.821494,0.921102,0.206438
1490,24.833333,62.679977,82.522285,-57.654453,0.819308,0.920589,0.207961
1491,24.850000,67.259407,82.770607,-61.559261,0.817051,0.920688,0.208488
1492,24.866667,71.000465,82.686371,-66.239929,0.814685,0.919937,0.211189
1493,24.883333,77.442757,82.821701,-72.695366,0.812914,0.919329,0.212430
1494,24.900000,78.419769,82.948318,-72.822327,0.810897,0.919666,0.212644
1495,24.916667,84.931877,82.646942,-80.066925,0.808959,0.918977,0.214929
1496,24.933333,90.605492,82.880417,-85.490334,0.807958,0.918899,0.216507
1497,24.950000,95.570824,83.301262,-90.575119,0.806861,0.918584,0.218613
1498,24.966667,100.019608,82.850563,-95.191086,0.804643,0.918326,0.219975
1499,24.983333,105.861404,82.356720,-101.393044,0.803107,0.917743,0.222708
1500,25.000000,108.544838,82.907013,-102.209129,0.802722,0.917070,0.221643
1501,25.016667,115.034363,81.892670,-110.082993,0.800388,0.917015,0.226092
1502,25.033333,118.786652,82.807686,-113.770744,0.800230,0.916591,0.227487
1503,25.050000,119.720352,80.864326,-115.405594,0.797081,0.917786,0.230532
1504,25.066667,125.119926,80.989021,-120.704811,0.797847,0.917549,0.232737
1505,25.083333,128.886429,80.682411,-124.144455,0.797138,0.918369,0.234713
1506,25.100000,131.018982,80.504448,-126.151863,0.796490,0.918477,0.236686
1507,25.116667,130.345535,79.730614,-125.672447,0.794787,0.919731,0.239148
1508,25.133333,135.664993,79.698944,-131.216980,0.795561,0.919653,0.241704
1509,25.150000,136.190155,79.075851,-131.964279,0.794673,0.921162,0.244312
1510,25.166667,140.321091,78.752426,-136.888153,0.795324,0.921071,0.247720
1511,25.183333,143.709503,78.108513,-140.852280,0.795443,0.921963,0.250763
1512,25.200000,143.973099,77.812080,-140.226212,0.795265,0.922672,0.252520
1513,25.216667,146.380081,77.195732,-142.816940,0.794917,0.923560,0.255200
1514,25.233333,146.816605,76.506836,-142.776443,0.794458,0.923801,0.257220
1515,25.250000,150.742386,76.387428,-146.441772,0.795508,0.925337,0.259805
1516,25.266667,152.166763,75.913986,-146.963181,0.795863,0.926081,0.261278
1517,25.283333,153.729675,75.566055,-149.131866,0.796543,0.926743,0.264789
1518,25.300000,151.530945,74.858955,-148.703201,0.796376,0.927160,0.269336
1519,25.316667,155.561920,74.832008,-152.362183,0.798101,0.928586,0.271780
1520,25.333333,154.123047,74.144142,-150.538055,0.797686,0.929793,0.274007
1521,25.350000,156.282318,73.684929,-152.857040,0.799048,0.930401,0.276833
1522,25.366667,155.533279,72.879532,-151.792618,0.799332,0.931348,0.279338
1523,25.383333,157.436279,72.168648,-154.733963,0.800952,0.932297,0.283956
1524,25.400000,157.863556,71.942596,-153.993439,0.801553,0.933279,0.284738
1525,25.416667,158.047012,71.291855,-154.743408,0.802697,0.933796,0.288767
1526,25.433333,159.584335,70.832420,-156.452087,0.804386,0.934718,0.291947
1527,25.450000,160.485779,70.738136,-156.712677,0.805243,0.934936,0.293897
1528,25.466667,160.283401,70.069496,-156.839340,0.806597,0.935811,0.297719
1529,25.483333,162.008667,69.721069,-157.912933,0.808049,0.935332,0.299320
1530,25.500000,163.070847,69.049667,-160.323959,0.810320,0.936443,0.304024
1531,25.516667,162.595779,68.970497,-160.402191,0.811343,0.936936,0.307199
1532,25.533333,162.187759,68.115952,-159.831772,0.812828,0.937935,0.310039
1533,25.550000,162.270111,68.133003,-160.152435,0.814197,0.938085,0.313230
1534,25.566667,163.131851,67.328674,-161.399094,0.815910,0.938659,0.316811
1535,25.583333,163.261230,67.108917,-160.685440,0.817461,0.939338,0.318726
1536,25.600000,162.970856,66.716942,-160.647369,0.818996,0.940369,0.321992
1537,25.616667,164.932190,66.385933,-162.764099,0.821972,0.939920,0.324544
1538,25.633333,165.164124,65.594971,-162.162460,0.823234,0.941447,0.326485
1539,25.650000,163.953400,65.226166,-161.900055,0.824944,0.941905,0.330460
1540,25.666667,163.881210,65.070648,-161.700638,0.827293,0.942196,0.333309
1541,25.683333,164.531937,64.907555,-163.287857,0.829783,0.942395,0.336414
1542,25.700000,163.803665,64.374756,-163.052551,0.831626,0.943134,0.339739
1543,25.716667,164.542435,64.132751,-163.792633,0.833576,0.943961,0.342010
1544,25.733333,163.607971,63.795414,-163.364990,0.835951,0.944311,0.344891
1545,25.750000,164.781204,63.563114,-165.218887,0.838524,0.943933,0.347611
1546,25.766667,164.250626,63.164436,-164.295609,0.840239,0.944461,0.349928
1547,25.783333,164.555115,62.540581,-162.793732,0.841310,0.944214,0.349874
1548,25.800000,166.525955,62.833035,-165.761597,0.845502,0.944369,0.352674
1549,25.816667,165.557053,62.480602,-165.087021,0.847163,0.945038,0.355471
1550,25.833333,165.821045,61.867588,-165.710312,0.849902,0.945318,0.357302
1551,25.850000,166.970581,62.123199,-167.239120,0.852703,0.945024,0.359134
1552,25.866667,166.575897,61.248833,-166.490631,0.854513,0.945279,0.360269
1553,25.883333,166.564972,61.049221,-167.103317,0.857553,0.945186,0.361927
1554,25.900000,165.908112,61.208893,-166.673477,0.859050,0.944768,0.363951
1555,25.916667,165.615967,60.749657,-166.170425,0.861166,0.944495,0.364557
1556,25.933333,166.598282,60.786327,-167.331421,0.864057,0.944547,0.365754
1557,25.950000,165.757690,60.389851,-166.978363,0.866051,0.944715,0.367011
1558,25.966667,165.839859,60.320152,-166.476868,0.868586,0.944209,0.367428
1559,25.983333,166.585403,60.143238,-166.928589,0.870964,0.944138,0.366753
1560,26.000000,166.968582,59.863010,-167.527328,0.873956,0.944232,0.367602
1561,26.016667,165.928070,59.780876,-167.013687,0.875513,0.944570,0.368760
1562,26.033333,164.975037,59.431572,-166.170029,0.877662,0.944706,0.368798
1563,26.050000,166.239502,59.682938,-166.858032,0.880190,0.944282,0.367092
1564,26.066667,166.104813,59.116116,-167.603958,0.883104,0.944694,0.367789
1565,26.083333,165.092896,58.977825,-166.475555,0.884601,0.944476,0.366962
1566,26.100000,165.225769,58.780556,-167.057556,0.887302,0.944992,0.366972
1567,26.116667,165.196579,58.803379,-167.069427,0.890087,0.945292,0.365968
1568,26.133333,165.212799,58.390747,-166.375626,0.891324,0.945602,0.364114
1569,26.150000,166.668076,58.569302,-167.833160,0.894778,0.946143,0.363110
1570,26.166667,165.919144,58.349522,-167.021896,0.896747,0.946542,0.361918
1571,26.183333,165.990097,58.499615,-167.440231,0.899167,0.946924,0.360700
1572,26.200000,167.087952,58.394062,-167.904999,0.901972,0.947083,0.357891
1573,26.216667,166.762787,58.362896,-167.227341,0.903892,0.947737,0.355671
1574,26.233333,167.517029,58.322411,-167.647415,0.906470,0.947989,0.353163
1575,26.250000,166.352905,58.113033,-167.437469,0.908795,0.947687,0.351769
1576,26.266667,166.485886,58.323532,-167.895386,0.911189,0.948745,0.349743
1577,26.283333,167.143692,58.161350,-167.851822,0.913479,0.948597,0.346463
1578,26.300000,167.462326,58.130066,-167.888504,0.916253,0.948849,0.343552
1579,26.316667,168.018600,58.007545,-167.922974,0.918611,0.948266,0.340194
1580,26.333333,167.456970,58.154739,-167.252518,0.920365,0.948693,0.337224
1581,26.350000,168.556946,58.240612,-168.171356,0.923723,0.948532,0.334351
1582,26.366667,169.696747,58.202797,-169.211487,0.926129,0.948712,0.330855
1583,26.383333,168.214127,58.089680,-167.872040,0.927759,0.948962,0.328367
1584,26.400000,169.058762,58.188843,-167.912750,0.930025,0.949032,0.323635
1585,26.416667,169.535980,58.130089,-168.721085,0.933105,0.948338,0.319657
1586,26.433333,170.061707,58.290558,-168.952591,0.935167,0.949220,0.316573
1587,26.450000,169.510696,58.446190,-168.658569,0.937190,0.949577,0.312968
1588,26.466667,170.279312,58.541668,-169.389877,0.940002,0.949875,0.309786
1589,26.483333,169.776291,58.481339,-169.687393,0.941771,0.950338,0.307314
1590,26.500000,170.054398,58.740269,-169.137268,0.944295,0.950300,0.302722
1591,26.516667,170.970367,58.598511,-169.473648,0.946213,0.950909,0.298133
1592,26.533333,171.104355,58.757721,-170.251831,0.948614,0.951334,0.295051
1593,26.550000,170.867447,59.033428,-169.497528,0.950195,0.951952,0.291028
1594,26.566667,171.056564,59.090836,-169.420975,0.952557,0.951856,0.286557
1595,26.583333,171.215271,59.054943,-169.672806,0.954934,0.952452,0.282989
1596,26.600000,171.569809,59.238396,-170.659119,0.957292,0.953198,0.279195
1597,26.616667,172.723343,59.427830,-171.287949,0.959101,0.953516,0.274205
1598,26.633333,172.600311,59.598522,-171.170853,0.960954,0.954035,0.270372
1599,26.650000,172.980515,59.817341,-171.493607,0.962544,0.955105,0.266740
1600,26.666667,172.635513,59.825962,-171.174500,0.964029,0.955704,0.262823
1601,26.683333,173.803040,59.868835,-172.029709,0.965701,0.956822,0.258311
1602,26.700000,173.999176,59.993526,-171.787354,0.966810,0.957741,0.253431
1603,26.716667,174.475967,60.288208,-172.123138,0.968058,0.958367,0.249827
1604,26.733333,174.682938,60.296097,-172.012283,0.969441,0.958993,0.245165
1605,26.750000,175.059113,60.518440,-173.014984,0.970308,0.959981,0.241942
1606,26.766667,176.133316,60.796417,-174.985535,0.972219,0.961151,0.239119
1607,26.783333,175.369690,61.023739,-173.705872,0.972735,0.961702,0.234247
1608,26.800000,176.547272,60.854324,-174.954819,0.973842,0.962875,0.230489
1609,26.816667,176.469711,61.075954,-174.854279,0.973451,0.963688,0.226761
1610,26.833333,176.886734,61.529385,-174.447220,0.974058,0.964421,0.221409
1611,26.850000,178.440735,61.347092,-175.807663,0.974638,0.964806,0.217534
1612,26.866667,177.446014,61.559410,-175.028946,0.974192,0.965814,0.214375
1613,26.883333,177.984131,61.648148,-175.503510,0.974305,0.966174,0.210390
1614,26.900000,179.421402,61.707855,-176.405396,0.974122,0.966817,0.205689
1615,26.916667,178.904251,62.074337,-175.387695,0.972869,0.967079,0.201549
1616,26.933333,178.192795,62.117920,-175.272247,0.972400,0.967332,0.198510
1617,26.950000,179.234589,62.377876,-176.428284,0.972013,0.967751,0.194788
1618,26.966667,177.920044,62.573296,-174.819412,0.969639,0.968804,0.191398
1619,26.983333,178.450974,62.717052,-176.530579,0.969248,0.968899,0.189648
1620,27.000000,179.353699,62.712791,-176.987778,0.967519,0.968985,0.185209
1621,27.016667,177.978287,62.936470,-175.513824,0.965123,0.969726,0.182076
1622,27.033333,178.542526,63.107849,-175.223785,0.963156,0.970460,0.177781
