Format Version,1.23,Take Name,Take 2025-07-31 09.58.40 AM,Take Notes,,Capture Frame Rate,60.000000,Export Frame Rate,60.000000,Capture Start Time,2025-07-31 09.58.41.509 AM,Total Frames in Take,1834,Total Exported Frames,1834,Rotation Type,XYZ,Length Units,Meters,Coordinate Space,Global

,Type,Rigid Body,Rigid Body,Rigid Body,Rigid Body,Rigid Body,Rigid Body
,Name,Ball,Ball,Ball,Ball,Ball,Ball
,ID,"CF199A9F6DD111F05A805CBF6EB0E395","CF199A9F6DD111F05A805CBF6EB0E395","CF199A9F6DD111F05A805CBF6EB0E395","CF199A9F6DD111F05A805CBF6EB0E395","CF199A9F6DD111F05A805CBF6EB0E395","CF199A9F6DD111F05A805CBF6EB0E395"
,,Rotation,Rotation,Rotation,Position,Position,Position
Frame,Time (Seconds),X,Y,Z,X,Y,Z
0,0.000000,164.085678,4.955550,-171.294250,0.795078,0.965853,0.519812
1,0.016667,163.577469,4.890920,-171.176270,0.785033,0.964289,0.518982
2,0.033333,164.264114,4.821658,-170.690216,0.774711,0.962023,0.515643
3,0.050000,164.037399,4.764161,-170.074402,0.764828,0.960220,0.513445
4,0.066667,164.082977,4.573124,-170.283386,0.755555,0.958309,0.510193
5,0.083333,164.107544,4.511842,-168.382874,0.744945,0.956840,0.506511
6,0.100000,164.694168,4.290169,-169.808548,0.737888,0.954387,0.501623
7,0.116667,164.246918,4.404229,-167.941467,0.728371,0.952182,0.497505
8,0.133333,165.164078,4.088063,-168.780670,0.720661,0.950691,0.491264
9,0.150000,164.983475,4.133776,-167.444824,0.712543,0.948764,0.485931
10,0.166667,165.120422,4.020400,-166.695236,0.703921,0.947909,0.480285
11,0.183333,165.723663,3.846407,-167.816711,0.698430,0.946098,0.473202
12,0.200000,166.234436,3.670599,-166.062988,0.689955,0.944582,0.465710
13,0.216667,166.921951,3.622107,-166.836243,0.684800,0.943578,0.458061
14,0.233333,167.106064,3.638842,-166.033112,0.678884,0.942151,0.450390
15,0.250000,167.529541,3.531026,-165.472885,0.673301,0.940763,0.442309
16,0.266667,167.580353,3.496891,-165.663406,0.668749,0.940390,0.434150
17,0.283333,168.351578,3.007765,-164.893539,0.663924,0.939151,0.424984
18,0.300000,169.180511,3.166848,-165.621017,0.660864,0.937762,0.414795
19,0.316667,169.657837,3.128977,-165.165878,0.657318,0.937333,0.405897
20,0.333333,169.940613,3.019844,-165.131241,0.654442,0.937179,0.396110
21,0.350000,169.994568,3.197808,-165.363678,0.652579,0.936276,0.387198
22,0.366667,171.280746,2.876901,-165.443329,0.650909,0.935821,0.375996
23,0.383333,171.432678,3.069815,-165.327850,0.649602,0.935147,0.366510
24,0.400000,172.160767,2.844024,-164.497574,0.647998,0.934343,0.356089
25,0.416667,172.856796,2.988999,-164.763245,0.648013,0.934012,0.345315
26,0.433333,173.224716,2.956231,-164.514542,0.648430,0.933385,0.335135
27,0.450000,,,,,,
28,0.466667,174.151627,2.483402,-164.178528,0.650626,0.933449,0.314245
29,0.483333,174.829697,2.481818,-164.493027,0.652671,0.933237,0.303368
30,0.500000,175.195984,2.501980,-164.554108,0.655356,0.933032,0.293157
31,0.516667,176.254471,2.409786,-164.945297,0.658822,0.932663,0.282100
32,0.533333,176.805374,2.416790,-164.854095,0.661898,0.932639,0.271948
33,0.550000,177.476730,2.257694,-165.334625,0.666587,0.932416,0.261794
34,0.566667,177.398300,2.323415,-165.404465,0.671126,0.932563,0.252586
35,0.583333,178.026703,2.173984,-165.784943,0.676674,0.932011,0.242629
36,0.600000,178.933655,2.367741,-165.007553,0.681070,0.932075,0.232355
37,0.616667,179.588959,2.186264,-165.704117,0.687225,0.931392,0.222713
38,0.633333,-179.847122,1.981174,-166.412659,0.694416,0.931089,0.213629
39,0.650000,-179.243713,1.831079,-167.053299,0.701866,0.931241,0.204507
40,0.666667,-178.841110,1.859725,-167.483978,0.709340,0.930870,0.195980
41,0.683333,-178.778137,1.700341,-167.953293,0.717326,0.930832,0.188048
42,0.700000,-177.665100,1.565454,-168.783997,0.725903,0.930077,0.179671
43,0.716667,-177.003891,1.544865,-168.662750,0.733550,0.930227,0.171755
44,0.733333,-176.768906,1.347991,-169.410751,0.743262,0.930335,0.165206
45,0.750000,-175.536331,1.408369,-170.219772,0.753053,0.929856,0.157379
46,0.766667,-175.567154,1.157652,-169.890213,0.761456,0.930386,0.151749
47,0.783333,-175.015045,1.085824,-170.670074,0.771973,0.930439,0.145715
48,0.800000,-174.872177,0.856150,-171.218979,0.782129,0.931015,0.140850
49,0.816667,-174.985931,0.729902,-172.035507,0.792915,0.930959,0.136515
50,0.833333,-174.535294,0.695217,-172.327377,0.803094,0.931250,0.132176
51,0.850000,-173.965729,0.257632,-172.778000,0.813829,0.931754,0.128077
52,0.866667,-174.344238,0.272912,-173.578613,0.825071,0.932231,0.125718
53,0.883333,-174.139343,0.100025,-173.917389,0.835934,0.932782,0.123174
54,0.900000,-173.421814,-0.120108,-174.070694,0.846566,0.932852,0.120305
55,0.916667,-173.553314,-0.244971,-174.373947,0.857305,0.933503,0.119359
56,0.933333,-173.461243,-0.312332,-174.751068,0.868383,0.933639,0.118477
57,0.950000,-173.683548,-0.809729,-176.004776,0.880780,0.934758,0.118916
58,0.966667,-173.534454,-0.766936,-176.771561,0.892524,0.935155,0.118637
59,0.983333,-173.869919,-0.974915,-177.284592,0.903683,0.935461,0.119895
60,1.000000,-174.198563,-1.232872,-177.455154,0.914562,0.936491,0.121373
61,1.016667,-174.945450,-1.475138,-177.745514,0.925614,0.937670,0.124168
62,1.033333,-175.338104,-1.655232,-177.833878,0.935937,0.938750,0.126803
63,1.050000,-175.490097,-1.838469,-178.919479,0.947584,0.938945,0.130002
64,1.066667,-175.648682,-2.257979,-177.987869,0.956380,0.939378,0.133196
65,1.083333,-175.919876,-2.421764,-179.633728,0.968568,0.940609,0.137132
66,1.100000,-176.609543,-2.343256,179.543518,0.979547,0.941907,0.142474
67,1.116667,-176.938553,-2.881357,179.037338,0.989570,0.943210,0.147166
68,1.133333,-177.181961,-2.805876,177.919388,1.000269,0.944779,0.152393
69,1.150000,-177.784546,-3.166932,177.861893,1.008950,0.946406,0.158197
70,1.166667,-178.809143,-3.457942,177.551910,1.017936,0.947962,0.165215
71,1.183333,-179.127182,-3.408964,177.318848,1.026730,0.949771,0.171903
72,1.200000,-179.768600,-3.608401,176.720932,1.035527,0.952274,0.179169
73,1.216667,179.620300,-3.881948,175.268845,1.045021,0.954009,0.186411
74,1.233333,179.485275,-4.166742,175.390625,1.052078,0.956417,0.193712
75,1.250000,178.794006,-4.655249,174.957214,1.059728,0.959364,0.201913
76,1.266667,178.230927,-4.561324,173.689957,1.067113,0.962282,0.210053
77,1.283333,177.792313,-4.791663,173.561340,1.072968,0.964924,0.218571
78,1.300000,177.340424,-5.320652,173.580322,1.078055,0.967885,0.227132
79,1.316667,176.984253,-5.373830,172.915100,1.084067,0.970975,0.235766
80,1.333333,176.204056,-5.590732,172.688156,1.088270,0.974682,0.245123
81,1.350000,175.550705,-5.741894,172.108871,1.092999,0.977720,0.254076
82,1.366667,174.927689,-6.205971,171.795013,1.096554,0.980811,0.263209
83,1.383333,174.548965,-6.383364,171.722656,1.099360,0.983981,0.272187
84,1.400000,173.614014,-6.601242,171.087921,1.102122,0.987501,0.281857
85,1.416667,172.731873,-6.666090,171.053406,1.104078,0.990357,0.291857
86,1.433333,172.547241,-7.258560,171.515076,1.104673,0.992696,0.300502
87,1.450000,171.869156,-7.813105,171.365295,1.105678,0.995597,0.309804
88,1.466667,170.413818,-7.590412,170.287247,1.106148,0.999032,0.320025
89,1.483333,170.344650,-8.062436,169.934799,1.106128,1.001626,0.328418
90,1.500000,169.616577,-8.268755,170.563446,1.104423,1.004045,0.337907
91,1.516667,169.004776,-8.704676,171.233337,1.102254,1.006244,0.347087
92,1.533333,168.322556,-8.900764,171.389603,1.099726,1.008495,0.355693
93,1.550000,167.544769,-9.183147,171.341446,1.097053,1.010174,0.364373
94,1.566667,167.439926,-9.475511,172.501038,1.092679,1.011451,0.372369
95,1.583333,166.606354,-10.068510,172.267822,1.089317,1.013583,0.380645
96,1.600000,165.904129,-10.528015,172.706726,1.085162,1.014944,0.388857
97,1.616667,165.793060,-10.565288,172.644882,1.080384,1.016326,0.395944
98,1.633333,164.999954,-11.376535,173.322571,1.074406,1.017937,0.403622
99,1.650000,164.713608,-11.493698,173.011948,1.069534,1.018364,0.410074
100,1.666667,165.065048,-12.177606,173.608429,1.062448,1.018643,0.415996
101,1.683333,164.533279,-12.622080,173.876770,1.056234,1.018983,0.422553
102,1.700000,164.845154,-12.780609,174.261597,1.049228,1.018815,0.427574
103,1.716667,164.685822,-13.851445,174.815613,1.041800,1.019035,0.433100
104,1.733333,164.369400,-14.162189,175.015656,1.034066,1.018668,0.438293
105,1.750000,164.126587,-14.238249,175.180099,1.025698,1.018167,0.442620
106,1.766667,163.526062,-14.791712,175.836884,1.017152,1.018191,0.447568
107,1.783333,163.699814,-15.262350,175.571899,1.009153,1.016767,0.450920
108,1.800000,163.788757,-15.631324,176.387909,0.999345,1.015821,0.454296
109,1.816667,163.882965,-16.213713,177.010605,0.989631,1.014816,0.457246
110,1.833333,164.175110,-16.823658,177.142761,0.981003,1.012808,0.459316
111,1.850000,164.295441,-17.126806,177.618240,0.970797,1.011303,0.461326
112,1.866667,164.255249,-17.715117,178.022095,0.960981,1.009607,0.463171
113,1.883333,164.681519,-18.082977,178.669800,0.950504,1.007747,0.464187
114,1.900000,164.338669,-18.809010,178.833054,0.940489,1.006106,0.465649
115,1.916667,164.730164,-19.039585,179.763290,0.929255,1.003883,0.465889
116,1.933333,164.769547,-19.409189,179.729828,0.919367,1.001828,0.465815
117,1.950000,165.280930,-19.767622,-179.332199,0.907925,0.999595,0.465440
118,1.966667,166.167603,-20.488880,-178.318222,0.896388,0.997056,0.464489
119,1.983333,166.494919,-20.927418,-178.368744,0.886430,0.994819,0.462864
120,2.000000,166.738342,-21.316196,-178.250748,0.875699,0.992235,0.461335
121,2.016667,167.763809,-21.887493,-176.873184,0.863571,0.989658,0.458789
122,2.033333,167.611542,-22.222511,-177.012299,0.853879,0.987344,0.456976
123,2.050000,168.269119,-22.655224,-176.567413,0.843681,0.984133,0.454094
124,2.066667,169.025909,-22.934528,-175.189957,0.831773,0.981648,0.451189
125,2.083333,169.218994,-23.379984,-174.673233,0.820614,0.979433,0.447984
126,2.100000,169.724136,-23.791096,-173.721573,0.809937,0.976651,0.444545
127,2.116667,170.031860,-24.253428,-173.335709,0.800326,0.973793,0.440755
128,2.133333,170.416000,-24.379242,-172.944061,0.790512,0.971186,0.436453
129,2.150000,171.086151,-24.947384,-172.321228,0.780690,0.968538,0.431777
130,2.166667,171.632858,-25.140062,-172.080078,0.771329,0.965726,0.426944
131,2.183333,172.706207,-25.463120,-171.870667,0.761930,0.963854,0.421264
132,2.200000,173.157516,-25.545145,-171.061951,0.752791,0.961425,0.416015
133,2.216667,173.380081,-25.742661,-171.625641,0.744883,0.959444,0.410513
134,2.233333,174.474442,-26.051519,-170.688446,0.736389,0.957631,0.404528
135,2.250000,174.655869,-26.207642,-170.037170,0.728003,0.956144,0.399072
136,2.266667,175.794373,-26.653383,-168.450226,0.719724,0.954298,0.393003
137,2.283333,175.916153,-26.757530,-168.464554,0.712999,0.952921,0.386815
138,2.300000,176.739883,-27.365990,-167.857605,0.706047,0.951877,0.379908
139,2.316667,177.288483,-27.504225,-167.680466,0.700537,0.949573,0.373125
140,2.333333,177.254059,-27.611835,-166.754028,0.694748,0.949080,0.367517
141,2.350000,178.378616,-27.776268,-166.389435,0.689590,0.947073,0.360034
142,2.366667,178.530319,-27.883738,-166.153244,0.685162,0.946013,0.353885
143,2.383333,179.874420,-28.189735,-166.605164,0.681680,0.945340,0.345528
144,2.400000,179.836563,-28.080809,-166.121246,0.677764,0.944625,0.339634
145,2.416667,-179.626221,-28.421955,-166.467300,0.675534,0.943785,0.332449
146,2.433333,-178.869080,-28.530355,-166.003342,0.673122,0.943804,0.325231
147,2.450000,-179.022354,-28.360121,-164.577728,0.669934,0.943062,0.319897
148,2.466667,-178.563446,-28.623819,-164.780182,0.669460,0.942729,0.312471
149,2.483333,-178.337738,-28.787485,-164.947647,0.669933,0.942715,0.305380
150,2.500000,-177.962112,-28.807579,-166.400650,0.671289,0.943099,0.297677
151,2.516667,-177.925476,-29.146801,-164.039597,0.669598,0.942705,0.292718
152,2.533333,-177.967072,-29.339689,-165.565399,0.672763,0.942802,0.285614
153,2.550000,-177.321075,-29.536043,-164.886536,0.673319,0.943828,0.279085
154,2.566667,-177.283279,-29.460335,-166.024307,0.677361,0.943426,0.272483
155,2.583333,-177.224136,-29.707296,-166.641373,0.680540,0.944229,0.266338
156,2.600000,-176.771790,-29.453363,-166.908295,0.684318,0.944246,0.259808
157,2.616667,-176.621857,-29.646135,-166.913605,0.688146,0.944822,0.253854
158,2.633333,-176.051468,-29.922731,-167.044601,0.692507,0.945299,0.247450
159,2.650000,-176.577850,-30.085798,-167.767502,0.698482,0.945349,0.242125
160,2.666667,-176.439301,-30.110544,-168.091232,0.703913,0.946152,0.236403
161,2.683333,-176.982910,-29.984303,-167.969086,0.709884,0.946485,0.231865
162,2.700000,-176.443985,-30.256031,-168.926132,0.716908,0.946609,0.226050
163,2.716667,-176.294617,-30.229095,-168.957703,0.723305,0.946848,0.221089
164,2.733333,-176.667511,-30.317816,-170.415176,0.731810,0.946769,0.216484
165,2.750000,-176.282608,-30.339022,-170.932343,0.739421,0.946700,0.211533
166,2.766667,-176.173599,-30.339605,-171.622162,0.747664,0.947021,0.207102
167,2.783333,-175.597473,-30.303537,-171.605148,0.755246,0.947072,0.202629
168,2.800000,-176.078293,-30.173588,-172.493958,0.764350,0.947076,0.199520
169,2.816667,-176.411652,-30.342890,-172.935623,0.773429,0.947262,0.196463
170,2.833333,-176.140625,-30.543697,-173.418182,0.782470,0.946992,0.192927
171,2.850000,-176.846146,-30.581636,-174.263367,0.792275,0.946965,0.190830
172,2.866667,-177.030106,-30.433681,-174.912888,0.802007,0.946649,0.188288
173,2.883333,-177.260330,-30.503822,-174.555145,0.810806,0.946263,0.186951
174,2.900000,-177.398590,-30.413361,-175.703125,0.821073,0.945972,0.184918
175,2.916667,-177.034119,-30.466055,-175.929474,0.830484,0.945199,0.182750
176,2.933333,-177.860779,-30.557270,-178.076294,0.841780,0.945131,0.181724
177,2.950000,-178.221817,-30.577969,-177.890747,0.850537,0.944794,0.181626
178,2.966667,-178.377136,-30.518444,-179.202057,0.861535,0.944365,0.180900
179,2.983333,-178.926254,-30.298241,-179.574600,0.871811,0.943421,0.181517
180,3.000000,-179.133682,-30.454185,179.549728,0.882168,0.942836,0.181610
181,3.016667,-179.371597,-30.623388,179.291733,0.892137,0.942440,0.182486
182,3.033333,-179.806702,-30.549746,178.482880,0.902264,0.941631,0.183331
183,3.050000,179.912216,-30.685400,177.858353,0.912090,0.941641,0.185024
184,3.066667,179.055908,-30.724630,177.281128,0.922027,0.941914,0.187434
185,3.083333,178.809479,-30.362520,177.442154,0.930766,0.942433,0.190319
186,3.100000,178.561462,-30.528942,176.443542,0.940629,0.942187,0.192658
187,3.116667,178.112930,-30.555456,175.440262,0.950413,0.942791,0.195650
188,3.133333,178.085129,-30.153397,174.922546,0.959130,0.943290,0.198784
189,3.150000,177.518005,-30.379175,175.140625,0.967306,0.943078,0.202946
190,3.166667,177.112335,-30.435678,174.175766,0.976216,0.943265,0.206929
191,3.183333,176.410156,-30.353907,174.464310,0.984141,0.943149,0.212204
192,3.200000,176.292862,-30.645342,173.878922,0.991809,0.943324,0.215828
193,3.216667,175.201477,-30.482656,172.976654,0.999638,0.943651,0.221165
194,3.233333,174.867706,-30.170660,173.029205,1.006397,0.943113,0.226402
195,3.250000,174.443390,-30.061255,172.177399,1.013841,0.942646,0.231141
196,3.266667,173.299255,-30.049625,171.676010,1.020880,0.943022,0.238087
197,3.283333,172.924393,-30.211058,171.943405,1.026109,0.943425,0.244282
198,3.300000,172.654572,-29.978445,171.493637,1.032704,0.943241,0.250437
199,3.316667,172.436371,-30.024849,170.851227,1.037759,0.943467,0.255901
200,3.333333,171.924713,-29.981314,170.886612,1.042627,0.943630,0.262890
201,3.350000,171.494278,-29.672832,170.112976,1.047120,0.944364,0.268737
202,3.366667,171.308792,-29.943542,170.181992,1.051646,0.944480,0.275586
203,3.383333,170.277756,-29.841196,170.357376,1.055013,0.944912,0.283022
204,3.400000,170.348892,-29.989992,170.769409,1.057475,0.945051,0.289794
205,3.416667,169.480103,-29.918001,170.707016,1.059954,0.946157,0.297519
206,3.433333,169.243607,-29.809019,170.418640,1.062737,0.946298,0.304163
207,3.450000,168.584625,-29.778423,170.085602,1.064348,0.947338,0.311402
208,3.466667,168.185913,-29.913431,170.381592,1.065630,0.948014,0.319015
209,3.483333,168.358566,-29.894243,170.601929,1.065770,0.948346,0.325782
210,3.500000,168.471405,-30.183041,170.638046,1.066098,0.949113,0.331960
211,3.516667,168.069366,-29.837320,171.368805,1.065350,0.949882,0.339936
212,3.533333,167.788620,-29.915655,170.894745,1.065321,0.950743,0.346333
213,3.550000,167.437698,-30.369699,171.157089,1.064477,0.952061,0.353417
214,3.566667,166.728058,-30.000689,171.962112,1.062820,0.953254,0.361136
215,3.583333,166.181839,-30.092072,172.261597,1.060663,0.954402,0.368139
216,3.600000,166.670914,-29.770155,173.189331,1.057379,0.954282,0.374282
217,3.616667,166.005661,-30.168461,172.704910,1.055795,0.956427,0.380873
218,3.633333,165.525177,-30.013754,172.250031,1.053374,0.957043,0.387045
219,3.650000,165.371750,-30.026100,172.465714,1.050218,0.958041,0.393690
220,3.666667,165.641815,-29.969549,173.229507,1.046037,0.958296,0.399208
221,3.683333,165.798111,-30.109299,172.934540,1.042547,0.958836,0.404269
222,3.700000,166.059174,-30.049353,173.370865,1.037885,0.959303,0.409415
223,3.716667,166.016769,-30.495461,173.737854,1.032952,0.960216,0.414762
224,3.733333,166.101654,-30.410994,174.599869,1.028235,0.959765,0.420306
225,3.750000,166.185028,-30.550917,174.914917,1.022748,0.960260,0.424611
226,3.766667,166.175858,-30.581841,175.202560,1.017759,0.959999,0.429261
227,3.783333,165.939941,-30.532722,175.614807,1.012063,0.960098,0.433758
228,3.800000,166.252365,-30.585451,176.403488,1.005376,0.960315,0.437696
229,3.816667,166.633240,-30.316061,176.980057,0.998851,0.959712,0.441616
230,3.833333,166.755936,-30.542116,176.913589,0.993483,0.958947,0.445004
231,3.850000,167.387268,-30.536295,177.653000,0.986224,0.958364,0.448197
232,3.866667,166.857910,-30.146181,176.552673,0.981324,0.956710,0.451328
233,3.883333,168.752808,-30.527664,178.050873,0.973233,0.954847,0.453452
234,3.900000,168.316360,-30.590628,177.752075,0.967069,0.954151,0.456400
235,3.916667,168.690628,-30.814579,178.265060,0.960412,0.952291,0.458948
236,3.933333,169.458420,-30.171515,178.892212,0.952253,0.949231,0.460286
237,3.950000,168.711914,-30.333178,178.634445,0.946248,0.948018,0.463359
238,3.966667,168.652863,-30.332163,179.706589,0.938497,0.946539,0.465984
239,3.983333,169.058212,-30.447832,179.568970,0.931364,0.944479,0.467274
240,4.000000,169.446152,-30.363890,179.905014,0.924355,0.942837,0.468608
241,4.016667,169.822891,-30.352211,-179.960403,0.917167,0.940951,0.469658
242,4.033333,169.990005,-30.197975,-179.587891,0.909808,0.939292,0.471043
243,4.050000,170.702713,-30.078951,-179.341431,0.902535,0.937781,0.471601
244,4.066667,171.260269,-30.088022,-178.561920,0.894423,0.936724,0.472204
245,4.083333,171.447495,-29.795458,-178.492813,0.887412,0.935623,0.472636
246,4.100000,171.253296,-29.727377,-178.358582,0.880123,0.935118,0.473357
247,4.116667,171.418198,-29.581160,-178.080353,0.872981,0.934457,0.473643
248,4.133333,171.626831,-29.539387,-177.067657,0.865406,0.933794,0.473983
249,4.150000,171.807892,-29.365671,-176.415009,0.857485,0.933613,0.474140
250,4.166667,171.851379,-29.161934,-176.347580,0.850776,0.933450,0.474060
251,4.183333,172.263199,-28.874058,-176.771637,0.844238,0.933174,0.472711
252,4.200000,172.547836,-28.563303,-176.250931,0.837170,0.933019,0.472387
253,4.216667,173.172440,-28.799473,-176.302368,0.830581,0.933620,0.471007
254,4.233333,173.706833,-28.402218,-175.599609,0.823564,0.933431,0.470288
255,4.250000,173.755692,-28.159592,-175.334885,0.817107,0.934018,0.469467
256,4.266667,173.808502,-27.968765,-174.835052,0.810603,0.934656,0.468642
257,4.283333,173.665176,-27.688147,-174.707047,0.803975,0.935752,0.467751
258,4.300000,173.978287,-27.606403,-174.553223,0.798035,0.935661,0.466146
259,4.316667,174.056412,-27.277214,-174.321686,0.792730,0.935980,0.464972
260,4.333333,174.138153,-26.946625,-174.222778,0.786553,0.936249,0.463330
261,4.350000,173.919540,-26.666443,-174.324280,0.781295,0.937008,0.461883
262,4.366667,174.264618,-26.510902,-174.391129,0.775794,0.937517,0.459937
263,4.383333,173.979568,-25.764183,-174.515228,0.771118,0.937296,0.458508
264,4.400000,174.856659,-25.721661,-173.573441,0.764923,0.937445,0.456437
265,4.416667,174.708817,-25.310467,-174.665115,0.761801,0.936210,0.454043
266,4.433333,174.892792,-25.082113,-174.631897,0.757246,0.936106,0.452055
267,4.450000,175.179916,-24.733746,-173.071930,0.751101,0.935494,0.450629
268,4.466667,175.047867,-24.628084,-173.034988,0.747123,0.935170,0.448190
269,4.483333,174.678345,-24.109425,-173.537628,0.743516,0.934053,0.446289
270,4.500000,174.612701,-23.875666,-173.497086,0.739629,0.932901,0.443944
271,4.516667,174.656998,-23.496710,-173.027054,0.735895,0.932160,0.441899
272,4.533333,174.187851,-23.063416,-172.995026,0.732060,0.931687,0.440006
273,4.550000,174.581635,-22.699116,-173.576935,0.729912,0.929472,0.436388
274,4.566667,174.382141,-22.383165,-173.405762,0.726401,0.929544,0.434420
275,4.583333,174.410477,-22.168941,-173.660889,0.724231,0.928271,0.431833
276,4.600000,174.448517,-21.572123,-173.183975,0.721349,0.927214,0.428952
277,4.616667,175.059341,-21.517847,-173.106003,0.719047,0.926847,0.425704
278,4.633333,174.594009,-20.814695,-173.392685,0.717165,0.925820,0.422832
279,4.650000,174.551666,-20.546366,-173.815750,0.715938,0.924788,0.420048
280,4.666667,174.149506,-20.153816,-173.708221,0.714198,0.924534,0.417507
281,4.683333,174.255646,-19.555613,-173.923508,0.712636,0.923173,0.413956
282,4.700000,174.222794,-19.319681,-173.894180,0.710945,0.923087,0.410661
283,4.716667,174.277313,-19.019728,-174.310699,0.710742,0.922110,0.407341
284,4.733333,174.075928,-18.390671,-174.297668,0.709988,0.921606,0.404303
285,4.750000,174.230392,-18.028851,-174.358063,0.709289,0.921327,0.400479
286,4.766667,174.197617,-17.513380,-174.704926,0.708784,0.920415,0.397247
287,4.783333,174.354736,-17.170588,-174.618759,0.707827,0.920341,0.393258
288,4.800000,174.845337,-16.848066,-174.860352,0.708103,0.919664,0.389134
289,4.816667,174.349487,-16.250454,-175.322754,0.708294,0.919221,0.386124
290,4.833333,174.576202,-15.946799,-174.993317,0.707526,0.919407,0.382369
291,4.850000,174.325836,-15.544462,-175.133804,0.707597,0.919883,0.378790
292,4.866667,175.543701,-15.311109,-174.423096,0.706554,0.919564,0.373735
293,4.883333,174.086426,-14.487043,-175.910172,0.708299,0.920518,0.371450
294,4.900000,173.982834,-14.056758,-176.747269,0.709828,0.920210,0.367396
295,4.916667,174.645294,-13.595935,-176.098694,0.709177,0.920115,0.362782
296,4.933333,174.115723,-13.133276,-175.917099,0.709181,0.920849,0.359720
297,4.950000,174.406036,-12.888833,-176.663330,0.710292,0.920599,0.355522
298,4.966667,174.324310,-12.384475,-176.361008,0.710354,0.920931,0.351813
299,4.983333,174.370117,-11.911739,-176.118317,0.710482,0.921253,0.347873
300,5.000000,174.682434,-11.796642,-176.019516,0.710151,0.921715,0.343637
301,5.016667,174.498596,-11.139186,-176.322021,0.711424,0.921526,0.339931
302,5.033333,174.474991,-10.852354,-176.805908,0.712754,0.920982,0.335986
303,5.050000,174.405441,-10.085983,-176.557175,0.712256,0.921566,0.332005
304,5.066667,174.929077,-10.051357,-176.038376,0.711877,0.921569,0.327640
305,5.083333,174.638275,-9.544278,-176.910019,0.713782,0.921692,0.323869
306,5.100000,174.952408,-9.147235,-176.783356,0.713894,0.921769,0.319664
307,5.116667,174.894913,-8.883702,-177.223022,0.715151,0.921570,0.315937
308,5.133333,175.186981,-8.294226,-175.610794,0.712991,0.922201,0.311608
309,5.150000,175.150879,-8.188383,-176.400742,0.715007,0.922492,0.307733
310,5.166667,175.122101,-7.781016,-176.689621,0.715838,0.922471,0.304087
311,5.183333,175.350708,-7.422328,-176.079300,0.715415,0.922345,0.299672
312,5.200000,174.984879,-6.921221,-176.755676,0.716877,0.922793,0.296381
313,5.216667,175.165131,-6.546538,-176.116714,0.716295,0.922722,0.292536
314,5.233333,175.306839,-6.246393,-176.330414,0.717576,0.922406,0.288402
315,5.250000,175.455154,-5.940629,-176.961212,0.718493,0.922546,0.284464
316,5.266667,175.697754,-5.470899,-176.384995,0.718100,0.922302,0.280525
317,5.283333,175.888321,-4.942667,-175.696564,0.718019,0.921889,0.276735
318,5.300000,176.173965,-4.796712,-175.916946,0.718655,0.921258,0.272818
319,5.316667,176.362717,-4.832701,-175.749573,0.719314,0.920347,0.268955
320,5.333333,175.733154,-4.214229,-174.368469,0.718205,0.920240,0.266276
321,5.350000,176.061966,-4.067232,-174.295624,0.718748,0.919494,0.262702
322,5.366667,176.055634,-3.869007,-173.980637,0.718956,0.918538,0.258723
323,5.383333,176.258423,-3.493169,-174.220261,0.720512,0.917492,0.255572
324,5.400000,176.307953,-3.231978,-174.731644,0.722035,0.916473,0.252195
325,5.416667,176.782928,-2.956465,-174.147415,0.721725,0.916122,0.248687
326,5.433333,176.618195,-2.631469,-174.654053,0.723369,0.914837,0.245775
327,5.450000,177.005951,-2.286144,-174.895538,0.724661,0.914286,0.241989
328,5.466667,176.466766,-2.158388,-174.374969,0.724520,0.913493,0.239653
329,5.483333,176.810669,-1.730957,-173.715652,0.725061,0.912518,0.236451
330,5.500000,176.499863,-1.352754,-175.016830,0.727715,0.911342,0.234020
331,5.516667,176.521942,-1.177600,-173.251282,0.726907,0.909858,0.231710
332,5.533333,176.539734,-1.091230,-173.564545,0.729286,0.908239,0.228613
333,5.550000,176.436371,-0.798332,-173.680313,0.730681,0.906982,0.226420
334,5.566667,176.345047,-0.524046,-173.692764,0.731750,0.905439,0.223948
335,5.583333,177.004715,-0.414725,-174.260620,0.733897,0.903137,0.220933
336,5.600000,176.951599,-0.191359,-173.271133,0.733908,0.902182,0.218520
337,5.616667,176.845932,0.220269,-174.365051,0.737151,0.900676,0.216770
338,5.633333,177.046295,0.354267,-173.885773,0.738509,0.899410,0.214561
339,5.650000,177.199554,0.435138,-174.100632,0.740727,0.898236,0.212358
340,5.666667,177.284317,0.553683,-173.603912,0.741849,0.897148,0.210528
341,5.683333,177.234802,0.795778,-173.310837,0.743830,0.896445,0.208798
342,5.700000,177.147705,1.347067,-172.930145,0.745520,0.894743,0.207160
343,5.716667,177.117676,0.975585,-173.168106,0.748415,0.894241,0.205904
344,5.733333,177.624329,1.129328,-172.658615,0.750028,0.893636,0.203400
345,5.750000,176.514603,1.583336,-172.340027,0.752180,0.892930,0.203623
346,5.766667,176.457855,1.675491,-172.503433,0.755343,0.892493,0.202820
347,5.783333,177.366196,1.860864,-173.137344,0.758808,0.892185,0.200402
348,5.800000,177.062241,1.815558,-173.904999,0.762214,0.891697,0.199963
349,5.816667,177.134659,1.979800,-174.029739,0.765203,0.891665,0.198957
350,5.833333,177.101517,2.226034,-172.997238,0.767039,0.890896,0.198539
351,5.850000,177.154495,2.068819,-174.142929,0.771533,0.890960,0.197649
352,5.866667,177.005417,2.280646,-173.722534,0.774774,0.890843,0.197064
353,5.883333,176.823303,2.356349,-173.352188,0.777396,0.891230,0.196859
354,5.900000,176.539734,2.403553,-172.663101,0.779998,0.891440,0.196725
355,5.916667,176.320496,2.782166,-173.376053,0.784467,0.891244,0.196864
356,5.933333,176.386780,2.575481,-174.248596,0.789195,0.892169,0.196454
357,5.950000,176.493683,2.611408,-173.770996,0.791963,0.893010,0.195924
358,5.966667,176.376022,2.700486,-174.672546,0.796984,0.892872,0.196378
359,5.983333,176.482315,2.737577,-174.404373,0.800607,0.893238,0.196329
360,6.000000,176.122086,2.793386,-173.663742,0.803266,0.894006,0.196747
361,6.016667,176.005096,2.802373,-174.847961,0.808445,0.894270,0.196926
362,6.033333,176.350403,2.840566,-174.454834,0.812201,0.894247,0.196429
363,6.050000,175.557648,2.684665,-174.637955,0.816661,0.894524,0.197699
364,6.066667,176.032562,2.717206,-174.313568,0.820389,0.894494,0.197304
365,6.083333,175.425201,2.625124,-174.427414,0.824507,0.894635,0.198265
366,6.100000,175.463669,2.547762,-174.395569,0.829337,0.894304,0.198603
367,6.116667,174.900009,2.660089,-174.459366,0.833274,0.894268,0.199580
368,6.133333,175.401978,2.258157,-174.194046,0.837155,0.894077,0.199418
369,6.150000,174.639832,2.605148,-174.696304,0.842339,0.893995,0.200701
370,6.166667,174.967789,2.385772,-174.930695,0.846478,0.894166,0.200888
371,6.183333,174.673996,2.359510,-174.980148,0.851377,0.893765,0.201577
372,6.200000,174.749313,2.225786,-175.043839,0.855914,0.893921,0.201614
373,6.216667,174.442612,1.978588,-175.196198,0.860347,0.894073,0.202521
374,6.233333,174.437515,2.079029,-174.878937,0.864605,0.894021,0.202589
375,6.250000,174.141144,1.869846,-175.387695,0.869890,0.894213,0.203352
376,6.266667,173.793640,1.933157,-174.728897,0.873487,0.894312,0.203931
377,6.283333,173.958069,1.535128,-175.787659,0.879197,0.895172,0.204088
378,6.300000,173.979630,1.418694,-174.684875,0.882672,0.895412,0.204299
379,6.316667,173.770920,1.266140,-175.591919,0.888180,0.895803,0.204607
380,6.333333,174.179199,1.187378,-175.421829,0.892299,0.895681,0.204059
381,6.350000,173.923080,1.084405,-176.042847,0.897777,0.896372,0.204718
382,6.366667,173.855164,0.863652,-175.837494,0.902259,0.897003,0.204683
383,6.383333,173.568161,0.567942,-175.708893,0.906570,0.897221,0.204769
384,6.400000,173.406372,0.384233,-175.896973,0.911198,0.897692,0.204871
385,6.416667,173.772415,0.174189,-176.303513,0.916128,0.898005,0.204306
386,6.433333,173.369812,0.092930,-176.850998,0.921143,0.898602,0.204424
387,6.450000,173.057236,-0.118902,-176.744186,0.925685,0.898582,0.204675
388,6.466667,173.154022,-0.377506,-176.956909,0.929764,0.899777,0.204101
389,6.483333,173.410370,-0.687676,-176.731674,0.934276,0.900288,0.203500
390,6.500000,173.534103,-0.914928,-177.811981,0.939286,0.900889,0.203134
391,6.516667,173.595612,-1.169372,-177.353790,0.943495,0.901180,0.202382
392,6.533333,173.508514,-1.411111,-177.669083,0.947835,0.901732,0.202024
393,6.550000,173.450485,-1.570053,-177.180145,0.951577,0.902377,0.201322
394,6.566667,173.459885,-1.932293,-177.878281,0.956074,0.902978,0.200710
395,6.583333,173.720062,-2.358708,-177.753464,0.960136,0.903453,0.199568
396,6.600000,174.144424,-2.452676,-178.056839,0.964417,0.903486,0.198083
397,6.616667,173.769226,-3.249656,-177.270386,0.967721,0.904392,0.198275
398,6.633333,174.463608,-3.483294,-177.465790,0.971487,0.903904,0.196329
399,6.650000,174.444229,-3.835332,-178.132095,0.976514,0.904735,0.195718
400,6.666667,174.688873,-4.160293,-177.759109,0.979381,0.904953,0.194631
401,6.683333,174.502594,-4.501083,-177.467880,0.982589,0.905270,0.194044
402,6.700000,174.519333,-4.873942,-177.622894,0.986610,0.905135,0.193408
403,6.716667,174.657867,-5.049021,-178.036636,0.990511,0.904759,0.192171
404,6.733333,174.407822,-5.621567,-177.712982,0.993616,0.904675,0.191679
405,6.750000,174.571625,-5.851765,-177.968552,0.997501,0.904838,0.190385
406,6.766667,174.218491,-6.007518,-177.925903,1.000153,0.905113,0.189749
407,6.783333,174.456802,-6.841114,-178.207870,1.004084,0.905196,0.188739
408,6.800000,174.945313,-7.105595,-177.918533,1.006798,0.905567,0.187596
409,6.816667,174.859909,-7.539156,-178.362427,1.010478,0.905829,0.186947
410,6.833333,175.039673,-8.072683,-178.036774,1.013029,0.905921,0.185814
411,6.850000,175.626434,-8.354295,-177.431747,1.015094,0.905801,0.184532
412,6.866667,175.716232,-8.963382,-178.287384,1.019102,0.905697,0.183901
413,6.883333,176.827774,-9.142831,-178.554596,1.021821,0.905185,0.181683
414,6.900000,176.099533,-9.737655,-179.126114,1.025163,0.905992,0.182241
415,6.916667,176.368668,-10.148112,-179.530624,1.028553,0.906644,0.181578
416,6.933333,176.961838,-10.652510,-179.300385,1.030627,0.906858,0.180470
417,6.950000,176.663269,-11.195282,-179.248993,1.032852,0.907270,0.180721
418,6.966667,176.812256,-11.554124,-179.536499,1.035512,0.907318,0.180216
419,6.983333,177.096024,-12.122288,-179.081467,1.037298,0.907496,0.179984
420,7.000000,176.880295,-12.683548,-178.739227,1.039243,0.907379,0.180536
421,7.016667,177.028519,-12.938747,-179.337296,1.041858,0.907158,0.180432
422,7.033333,177.251968,-13.552998,-179.307449,1.043744,0.906958,0.180636
423,7.050000,177.311127,-13.976969,-179.602905,1.045967,0.906933,0.180980
424,7.066667,177.336975,-14.314030,-179.488556,1.047433,0.906722,0.181708
425,7.083333,177.795029,-14.784667,-179.189880,1.048820,0.905755,0.182090
426,7.100000,177.630844,-15.254816,-179.183945,1.050116,0.905856,0.183233
427,7.116667,177.724289,-15.827477,-179.359665,1.052294,0.905526,0.184326
428,7.133333,177.730560,-16.503275,-179.600006,1.054343,0.904769,0.185455
429,7.150000,177.866837,-16.815973,-179.337631,1.055102,0.904905,0.186779
430,7.166667,177.261856,-17.335608,-178.877823,1.055740,0.904966,0.189381
431,7.183333,177.980682,-18.107794,-178.730057,1.057066,0.904366,0.190222
432,7.200000,177.596115,-18.581482,-178.896988,1.058338,0.904393,0.192705
433,7.216667,177.435120,-19.004776,-178.812515,1.059466,0.904038,0.195046
434,7.233333,176.903244,-19.326788,-179.135956,1.060762,0.904175,0.197712
435,7.250000,177.169983,-19.501646,-179.543152,1.062467,0.903125,0.199271
436,7.266667,176.071121,-19.990818,-179.104248,1.062387,0.904151,0.203530
437,7.283333,176.298569,-20.484241,-179.181061,1.063762,0.902810,0.205967
438,7.300000,176.546967,-21.176506,-178.922394,1.064329,0.902451,0.208294
439,7.316667,175.416382,-21.590322,-179.173004,1.065849,0.902952,0.212108
440,7.333333,175.323044,-22.255892,-179.640656,1.066763,0.902633,0.215055
441,7.350000,174.893005,-22.741949,-179.433533,1.067396,0.902653,0.218580
442,7.366667,175.498093,-22.915730,-179.414566,1.067879,0.902505,0.220520
443,7.383333,174.704910,-23.505358,-179.976013,1.069266,0.903498,0.224765
444,7.400000,174.794479,-23.955135,-179.673920,1.069367,0.904168,0.228066
445,7.416667,175.108475,-24.529036,-179.558395,1.069747,0.904420,0.230979
446,7.433333,174.643875,-25.075539,-179.670349,1.069738,0.906500,0.235088
447,7.450000,174.914063,-25.373322,179.983292,1.070803,0.906766,0.237998
448,7.466667,174.775452,-25.981962,-179.898193,1.070639,0.908625,0.241662
449,7.483333,174.286285,-26.426497,179.975830,1.071006,0.910181,0.245602
450,7.500000,173.965088,-26.770723,179.912598,1.071721,0.911351,0.249589
451,7.516667,174.120300,-27.377989,179.839905,1.071689,0.912248,0.252347
452,7.533333,173.801987,-27.825150,179.769135,1.071616,0.913866,0.256422
453,7.550000,173.672485,-28.206522,179.594849,1.071881,0.915192,0.259958
454,7.566667,173.766861,-28.759222,-179.739594,1.071547,0.915968,0.263779
455,7.583333,173.818771,-29.110106,-179.668228,1.071287,0.917357,0.267587
456,7.600000,173.903320,-29.830103,179.498184,1.071918,0.919069,0.270807
457,7.616667,174.022751,-29.927946,179.520813,1.071737,0.920145,0.274443
458,7.633333,174.056641,-30.466206,179.570175,1.071181,0.921502,0.278650
459,7.650000,174.502274,-31.027447,179.066208,1.071646,0.922451,0.281516
460,7.666667,174.250092,-31.359697,178.943268,1.070986,0.923887,0.285336
461,7.683333,173.604294,-31.630070,179.018356,1.070724,0.925055,0.290285
462,7.700000,173.692581,-32.131527,179.708435,1.069437,0.926272,0.293977
463,7.716667,173.937347,-32.877377,179.747086,1.068516,0.926958,0.297290
464,7.733333,173.132843,-32.892456,179.009964,1.069084,0.928262,0.302083
465,7.750000,173.003433,-33.579712,179.562592,1.067598,0.929084,0.306256
466,7.766667,173.634552,-34.063938,-179.546066,1.065783,0.929405,0.310112
467,7.783333,173.330505,-34.483395,179.405518,1.066672,0.929495,0.313939
468,7.800000,173.171051,-35.035099,179.099808,1.065878,0.930134,0.317863
469,7.816667,174.124191,-34.957600,179.896317,1.063929,0.929869,0.321470
470,7.833333,173.798752,-35.801270,178.519012,1.064207,0.929749,0.325298
471,7.850000,173.753204,-36.143436,179.236862,1.062690,0.929400,0.329671
472,7.866667,173.284622,-36.496578,178.851959,1.062715,0.928430,0.334232
473,7.883333,173.233673,-36.767521,179.080688,1.061164,0.928336,0.338445
474,7.900000,172.933762,-37.121159,179.300751,1.060371,0.927428,0.342731
475,7.916667,173.313736,-37.737255,179.759048,1.058646,0.926584,0.346690
476,7.933333,173.665268,-38.070885,179.352402,1.057689,0.925161,0.349747
477,7.950000,173.147614,-38.475300,-179.500183,1.055620,0.925123,0.355877
478,7.966667,173.283340,-38.903889,-179.735245,1.055330,0.923767,0.359485
479,7.983333,174.139435,-39.236732,-179.607254,1.053629,0.922513,0.362997
480,8.000000,173.974167,-39.733833,-179.516022,1.052478,0.922697,0.367671
481,8.016667,173.369049,-39.759762,179.638046,1.052024,0.922371,0.372272
482,8.033333,173.788528,-40.330036,179.716843,1.050843,0.922010,0.375812
483,8.050000,173.486526,-40.654671,179.821487,1.049807,0.921934,0.380225
484,8.066667,173.508682,-41.151783,-179.718338,1.048467,0.921988,0.384507
485,8.083333,172.176025,-40.921181,178.979523,1.048149,0.922333,0.388854
486,8.100000,172.986084,-41.633564,-179.485138,1.046356,0.922702,0.393228
487,8.116667,172.388458,-41.962379,-179.762604,1.045194,0.923694,0.397757
488,8.133333,172.684067,-41.953899,-179.666489,1.043847,0.923992,0.401180
489,8.150000,172.266464,-42.669933,179.974014,1.043540,0.924432,0.405488
490,8.166667,172.118912,-42.774246,179.792587,1.042210,0.925161,0.409894
491,8.183333,171.739975,-43.148338,179.253128,1.041058,0.926442,0.413619
492,8.200000,171.813843,-43.113464,178.467361,1.041336,0.926363,0.416774
493,8.216667,171.799683,-43.273972,178.737000,1.039747,0.927933,0.421016
494,8.233333,172.261566,-43.460457,179.001282,1.038238,0.927917,0.423863
495,8.250000,170.899353,-43.766945,178.307434,1.038034,0.930146,0.428684
496,8.266667,170.466919,-44.167515,178.077057,1.037338,0.930906,0.432495
497,8.283333,170.346115,-44.129848,178.393234,1.035514,0.932262,0.436403
498,8.300000,169.642761,-44.323288,177.353500,1.035020,0.934017,0.439550
499,8.316667,169.706100,-44.438053,177.549744,1.034133,0.934493,0.443182
500,8.333333,169.395264,-44.452942,176.319717,1.033717,0.935039,0.445624
501,8.350000,169.887329,-44.825161,177.002609,1.031473,0.936508,0.448762
502,8.366667,169.526596,-44.840904,176.032272,1.030854,0.937161,0.451927
503,8.383333,169.058868,-44.952389,175.851822,1.029891,0.937244,0.455481
504,8.400000,169.089706,-45.332752,175.627045,1.028111,0.938618,0.458203
505,8.416667,169.442520,-45.384594,176.774643,1.026071,0.938451,0.461539
506,8.433333,169.863571,-45.604424,177.004303,1.024358,0.937448,0.464070
507,8.450000,168.645370,-45.506603,176.074707,1.023050,0.937450,0.467142
508,8.466667,168.450851,-45.735847,176.345505,1.021405,0.937068,0.470142
509,8.483333,167.980728,-45.664227,175.953354,1.019667,0.936266,0.472674
510,8.500000,167.667252,-45.915298,176.090332,1.018231,0.934832,0.475857
511,8.516667,168.370438,-46.009407,176.777832,1.015574,0.932926,0.477722
512,8.533333,167.912018,-46.063828,176.211609,1.013853,0.930823,0.480054
513,8.550000,168.100525,-46.038654,176.039810,1.012158,0.928916,0.482051
514,8.566667,169.109436,-46.488827,176.872482,1.008735,0.926213,0.483497
515,8.583333,168.768982,-46.305897,176.544403,1.006767,0.924853,0.485783
516,8.600000,169.053818,-46.396847,176.542969,1.004668,0.922411,0.487121
517,8.616667,168.776901,-46.314133,175.438568,1.003045,0.919517,0.488053
518,8.633333,168.834427,-46.408966,176.488297,0.999848,0.918490,0.490846
519,8.650000,168.975739,-46.307091,176.192139,0.997377,0.916706,0.491756
520,8.666667,168.468018,-46.645943,175.796646,0.994917,0.915401,0.493816
521,8.683333,168.097672,-46.430134,175.134720,0.992925,0.913886,0.494661
522,8.700000,168.103912,-46.229424,174.968353,0.989708,0.913251,0.495556
523,8.716667,169.215302,-46.567604,176.347931,0.985398,0.912416,0.496948
524,8.733333,169.253448,-46.412952,175.962524,0.983273,0.911480,0.497661
525,8.750000,169.793869,-46.668598,175.510071,0.980124,0.910335,0.497744
526,8.766667,169.993851,-46.220299,176.442383,0.976307,0.910211,0.499204
527,8.783333,170.018417,-46.142086,176.597733,0.972963,0.909598,0.499961
528,8.800000,169.941833,-46.311359,176.475281,0.969821,0.909337,0.500812
529,8.816667,170.048920,-46.458103,176.861420,0.965661,0.909756,0.501668
530,8.833333,170.430176,-46.183910,177.334045,0.961669,0.909016,0.502403
531,8.850000,169.868439,-46.042625,176.452209,0.959023,0.909496,0.502754
532,8.866667,170.455826,-46.074356,177.611725,0.954256,0.909052,0.503766
533,8.883333,170.486404,-45.824554,177.361984,0.951232,0.908710,0.503957
534,8.900000,170.482346,-45.538239,177.541214,0.947572,0.908212,0.504860
535,8.916667,171.296112,-45.514416,177.348312,0.943390,0.907167,0.504153
536,8.933333,171.687775,-45.361420,177.955124,0.939507,0.906570,0.504888
537,8.950000,172.279373,-45.297501,178.993546,0.934683,0.906070,0.505292
538,8.966667,171.652802,-45.006123,178.383484,0.931279,0.905793,0.506118
539,8.983333,172.073334,-44.931973,178.834946,0.927301,0.904821,0.506106
540,9.000000,172.254730,-44.969158,178.443710,0.923856,0.904372,0.505907
541,9.016667,172.764084,-44.746796,179.723602,0.918218,0.904040,0.506423
542,9.033333,172.298370,-44.568813,179.520203,0.914745,0.903611,0.507095
543,9.050000,172.316437,-44.283295,179.766754,0.910115,0.903685,0.507414
544,9.066667,172.735641,-43.902580,179.390457,0.907025,0.902868,0.506961
545,9.083333,172.391983,-43.552326,179.428467,0.903089,0.902207,0.507702
546,9.100000,173.212158,-43.496227,-179.683014,0.897873,0.902089,0.507639
547,9.116667,173.119217,-43.250912,179.747543,0.894674,0.901914,0.507876
548,9.133333,174.259476,-43.091621,-178.935303,0.888939,0.901354,0.507659
549,9.150000,174.492828,-42.768303,-178.672089,0.885136,0.900243,0.507919
550,9.166667,173.736145,-42.477966,-179.868439,0.882436,0.899763,0.507728
551,9.183333,174.799713,-42.697563,-178.279083,0.877033,0.899115,0.507842
552,9.200000,173.943604,-42.140316,-179.411392,0.873998,0.899121,0.508077
553,9.216667,173.993454,-41.690735,-178.963806,0.870077,0.898379,0.508325
554,9.233333,174.186890,-41.515499,-178.648407,0.865914,0.897870,0.508420
555,9.250000,173.969696,-41.192589,-178.708466,0.862833,0.897142,0.508834
556,9.266667,174.409531,-40.723808,-177.200806,0.856962,0.896170,0.509987
557,9.283333,174.421341,-40.450104,-177.257324,0.853855,0.895608,0.509996
558,9.300000,175.238251,-39.994736,-176.756958,0.849274,0.894275,0.509772
559,9.316667,174.870407,-39.978760,-178.075211,0.847413,0.893827,0.508796
560,9.333333,175.561157,-39.785282,-176.984390,0.843285,0.892573,0.509092
561,9.350000,175.371307,-39.242390,-177.093567,0.839727,0.891765,0.508954
562,9.366667,174.927139,-38.906029,-177.512787,0.836680,0.891701,0.509223
563,9.383333,174.799438,-38.537609,-177.571182,0.833871,0.890528,0.509005
564,9.400000,174.488205,-37.995342,-177.666061,0.830792,0.889966,0.509166
565,9.416667,174.308609,-37.646729,-177.464584,0.828062,0.888833,0.509295
566,9.433333,174.276794,-37.307201,-176.674011,0.824323,0.888776,0.509733
567,9.450000,174.112320,-36.953129,-176.967239,0.821869,0.888065,0.509544
568,9.466667,174.396332,-36.674171,-177.141174,0.818908,0.887577,0.508693
569,9.483333,173.890564,-35.871094,-176.636505,0.816237,0.887729,0.509958
570,9.500000,174.329422,-35.663898,-177.553818,0.814369,0.886658,0.508148
571,9.516667,174.286346,-35.132515,-177.196564,0.811922,0.886149,0.508304
572,9.533333,173.848328,-34.527607,-177.929581,0.809687,0.885820,0.507907
573,9.550000,173.738449,-34.012371,-178.796234,0.808089,0.885666,0.507033
574,9.566667,173.240189,-33.273335,-178.547714,0.806337,0.885134,0.507420
575,9.583333,173.845230,-33.265087,-178.178482,0.802917,0.884643,0.506040
576,9.600000,173.451019,-32.763824,-177.958405,0.800854,0.884687,0.506011
577,9.616667,173.370514,-32.275715,-177.314865,0.798186,0.884710,0.505714
578,9.633333,173.819809,-31.899761,-177.061371,0.796485,0.883973,0.504588
579,9.650000,173.571411,-31.416050,-176.938751,0.794266,0.883465,0.504073
580,9.666667,173.575546,-30.926519,-177.711823,0.792772,0.882870,0.502824
581,9.683333,173.156525,-30.302706,-178.199677,0.791591,0.882091,0.502058
582,9.700000,173.615936,-29.811846,-178.286758,0.789724,0.881671,0.500568
583,9.716667,173.813416,-29.555065,-177.323364,0.787778,0.880558,0.499952
584,9.733333,173.830978,-28.671680,-177.558151,0.786027,0.879899,0.498814
585,9.750000,173.399109,-28.440947,-177.766571,0.783957,0.880016,0.498000
586,9.766667,174.002151,-27.784897,-176.371948,0.780679,0.878855,0.496647
587,9.783333,173.184555,-27.127192,-177.265503,0.780688,0.878432,0.495730
588,9.800000,173.319778,-27.062675,-176.700623,0.778618,0.878967,0.494597
589,9.816667,173.625488,-26.786348,-177.122879,0.777451,0.878044,0.492448
590,9.833333,173.592941,-26.054485,-176.527176,0.775819,0.877679,0.491390
591,9.850000,173.258362,-25.561771,-176.726517,0.774701,0.877689,0.490107
592,9.866667,173.381897,-25.001919,-176.617004,0.773301,0.877420,0.488268
593,9.883333,173.415771,-24.347736,-177.532196,0.772533,0.877591,0.486442
594,9.900000,173.571243,-23.766790,-176.956268,0.770274,0.877816,0.484823
595,9.916667,173.274750,-23.234247,-177.760010,0.770192,0.877384,0.482659
596,9.933333,173.553909,-22.741720,-177.659744,0.769180,0.877008,0.480398
597,9.950000,173.602844,-22.186266,-177.002380,0.767503,0.876434,0.478857
598,9.966667,173.807205,-21.711466,-176.699677,0.766387,0.875934,0.476526
599,9.983333,173.514557,-21.129194,-177.218796,0.766070,0.875612,0.474189
600,10.000000,173.364227,-20.534485,-176.994446,0.764689,0.875365,0.472335
601,10.016667,173.424072,-20.243490,-177.533737,0.764434,0.874802,0.470033
602,10.033333,173.947769,-19.827946,-177.143082,0.763215,0.873677,0.467212
603,10.050000,173.799088,-19.007074,-177.670837,0.762673,0.872982,0.464702
604,10.066667,174.209625,-18.685791,-176.741440,0.760825,0.872569,0.462522
605,10.083333,174.045197,-18.112980,-176.542816,0.759806,0.871454,0.460290
606,10.100000,174.051834,-17.439014,-176.391464,0.758787,0.871148,0.457790
607,10.116667,174.198944,-17.033312,-177.540665,0.759337,0.870271,0.454704
608,10.133333,174.033463,-16.492142,-177.390564,0.758699,0.870057,0.452547
609,10.150000,173.914001,-16.037628,-176.782501,0.757201,0.870213,0.450366
610,10.166667,174.078705,-15.361951,-177.150040,0.756739,0.869305,0.447315
611,10.183333,174.305145,-15.016507,-175.463150,0.754394,0.868715,0.445209
612,10.200000,174.755310,-14.602885,-176.418610,0.754853,0.867985,0.441621
613,10.216667,174.939346,-13.946672,-176.687775,0.754406,0.867573,0.438849
614,10.233333,175.387848,-13.506041,-176.675232,0.753761,0.866834,0.435949
615,10.250000,174.884857,-12.745734,-176.970184,0.753763,0.865934,0.433921
616,10.266667,175.310226,-12.330276,-176.635834,0.752657,0.865750,0.431173
617,10.283333,175.489166,-12.016923,-177.040390,0.752231,0.865319,0.428369
618,10.300000,175.539047,-11.419096,-176.708405,0.751755,0.863900,0.425658
619,10.316667,175.660919,-10.724585,-177.725388,0.752342,0.862621,0.422818
620,10.333333,175.619812,-10.473407,-176.909210,0.750448,0.862719,0.420550
621,10.350000,175.409225,-10.083788,-176.548447,0.749939,0.861559,0.418491
622,10.366667,175.499329,-9.549077,-175.822357,0.748715,0.860799,0.416136
623,10.383333,175.798691,-9.072126,-175.888504,0.748074,0.860346,0.413618
624,10.400000,175.812500,-8.546229,-176.172729,0.747570,0.860172,0.411424
625,10.416667,176.009796,-8.091141,-176.376373,0.747387,0.859498,0.409027
626,10.433333,176.131531,-7.642689,-176.448761,0.747183,0.859126,0.406827
627,10.450000,176.400848,-7.014160,-176.520615,0.746274,0.858862,0.404315
628,10.466667,176.350220,-6.660209,-176.873444,0.745770,0.858719,0.402411
629,10.483333,176.025101,-6.380612,-175.793228,0.744169,0.858875,0.400965
630,10.500000,175.884735,-5.911340,-175.827820,0.743465,0.858809,0.399084
631,10.516667,175.410706,-5.310729,-175.863083,0.743700,0.858272,0.397506
632,10.533333,175.264771,-4.882323,-175.779190,0.743275,0.858037,0.395785
633,10.550000,175.109146,-4.579506,-175.721741,0.742729,0.858039,0.394103
634,10.566667,175.006760,-4.120615,-175.573975,0.742154,0.857352,0.392411
635,10.583333,175.161163,-3.805241,-175.367844,0.741191,0.857002,0.390602
636,10.600000,175.303589,-3.402339,-175.409988,0.740742,0.856285,0.388799
637,10.616667,175.343643,-3.018924,-174.918747,0.739704,0.855602,0.387066
638,10.633333,175.121307,-2.520916,-175.108032,0.739805,0.854411,0.385546
639,10.650000,174.900513,-2.160109,-175.024460,0.738901,0.854217,0.384292
640,10.666667,175.077957,-1.871268,-174.661331,0.737540,0.853616,0.382452
641,10.683333,175.192200,-1.518217,-174.738342,0.737561,0.852469,0.380267
642,10.700000,174.843323,-0.983331,-174.657715,0.737737,0.851554,0.379059
643,10.716667,174.804504,-0.721695,-174.628555,0.737812,0.850835,0.377518
644,10.733333,174.465515,-0.470046,-173.921722,0.736382,0.849850,0.376795
645,10.750000,174.927124,-0.136081,-173.815063,0.736248,0.848553,0.374526
646,10.766667,175.077209,0.387529,-175.187241,0.737869,0.848137,0.372860
647,10.783333,175.775024,0.952506,-174.485535,0.736407,0.846101,0.370298
648,10.800000,175.526810,0.886295,-174.790604,0.737060,0.846471,0.369537
649,10.816667,175.696564,1.325384,-175.691528,0.737734,0.845390,0.367504
650,10.833333,175.272018,1.629414,-175.573608,0.737474,0.844261,0.366784
651,10.850000,175.166763,1.954306,-175.660141,0.737628,0.843704,0.365202
652,10.866667,175.354446,2.205745,-175.310394,0.737610,0.842296,0.363226
653,10.883333,175.017731,2.585801,-175.443512,0.737740,0.841325,0.362287
654,10.900000,175.029099,2.555396,-174.641174,0.736401,0.840715,0.360706
655,10.916667,174.893677,3.022313,-174.905457,0.737272,0.839647,0.359324
656,10.933333,174.919159,3.169980,-175.153030,0.737568,0.838728,0.357779
657,10.950000,174.993927,3.583464,-174.890808,0.737730,0.837811,0.356488
658,10.966667,174.732422,3.965920,-175.254486,0.738188,0.837338,0.355553
659,10.983333,174.471252,4.122810,-175.531509,0.738535,0.837284,0.354149
660,11.000000,174.481750,4.397514,-175.514160,0.738400,0.837232,0.352577
661,11.016667,174.093735,4.761605,-175.430756,0.738337,0.837126,0.351295
662,11.033333,174.144165,4.886105,-175.076477,0.737785,0.837497,0.349695
663,11.050000,174.231552,5.017327,-174.985565,0.738002,0.837619,0.348044
664,11.066667,174.265610,5.154150,-175.059204,0.738413,0.838079,0.346497
665,11.083333,174.224106,5.216856,-174.900589,0.738482,0.838224,0.344938
666,11.100000,173.982224,5.582802,-174.101913,0.737600,0.838929,0.343472
667,11.116667,174.171356,5.933173,-174.898529,0.738873,0.839284,0.341706
668,11.133333,174.279465,6.101936,-175.195343,0.739280,0.839527,0.340122
669,11.150000,174.035736,6.115946,-175.486282,0.740211,0.839781,0.338745
670,11.166667,174.410767,6.155427,-175.619415,0.740309,0.840415,0.336603
671,11.183333,174.063065,6.307256,-175.325928,0.740034,0.840823,0.334863
672,11.200000,173.779343,6.641294,-174.695068,0.739095,0.841079,0.333412
673,11.216667,173.975418,6.579488,-174.413406,0.738979,0.840997,0.331028
674,11.233333,173.848801,6.623502,-174.712372,0.739170,0.841825,0.329656
675,11.250000,173.536530,6.883522,-174.730286,0.740133,0.841947,0.328007
676,11.266667,173.621399,6.760891,-174.685593,0.740601,0.842246,0.325870
677,11.283333,173.628159,7.072256,-174.806122,0.740783,0.842310,0.323702
678,11.300000,174.428085,6.658414,-175.201706,0.741459,0.842125,0.321148
679,11.316667,174.302383,6.807861,-174.491211,0.740620,0.842698,0.318837
680,11.333333,174.300476,6.942807,-174.827713,0.740717,0.843446,0.316714
681,11.350000,174.137711,7.127954,-175.362946,0.741901,0.843254,0.314688
682,11.366667,173.970367,7.276631,-174.853790,0.741670,0.843167,0.312625
683,11.383333,174.600250,6.982835,-176.274368,0.743293,0.842780,0.309794
684,11.400000,174.027313,7.215493,-175.446014,0.742246,0.842885,0.307906
685,11.416667,174.125290,7.349122,-175.286514,0.742145,0.842611,0.305302
686,11.433333,173.866776,7.172763,-175.343292,0.742199,0.843065,0.303384
687,11.450000,174.147949,7.319066,-175.369186,0.742868,0.842077,0.300907
688,11.466667,174.343689,7.297240,-174.675613,0.741994,0.841433,0.298159
689,11.483333,174.491638,7.216280,-175.133026,0.742495,0.840782,0.295687
690,11.500000,174.842194,6.800594,-175.514771,0.743078,0.840688,0.292985
691,11.516667,175.159439,7.085344,-175.470261,0.742730,0.839644,0.289879
692,11.533333,174.585098,7.043705,-175.062866,0.742080,0.838561,0.288538
693,11.550000,175.233856,6.731198,-176.466431,0.743511,0.838059,0.285130
694,11.566667,175.240387,6.703951,-175.567230,0.742815,0.836989,0.282464
695,11.583333,175.494553,6.966669,-176.951859,0.744607,0.836411,0.280557
696,11.600000,175.335800,6.515417,-175.083374,0.741628,0.835830,0.277455
697,11.616667,174.915894,6.343729,-175.001404,0.741878,0.835067,0.275915
698,11.633333,175.646820,6.081368,-176.076447,0.743115,0.834213,0.272155
699,11.650000,175.856506,5.874444,-175.466492,0.742113,0.833764,0.269715
700,11.666667,175.847397,5.604362,-174.704636,0.740510,0.834065,0.267678
701,11.683333,175.637344,5.620152,-174.777420,0.740672,0.833658,0.265572
702,11.700000,175.577881,5.506428,-175.877258,0.741958,0.832935,0.263414
703,11.716667,175.551712,5.465069,-175.079254,0.740762,0.831810,0.261541
704,11.733333,175.859024,4.949893,-176.426651,0.741240,0.831697,0.258417
705,11.750000,176.017456,4.735670,-176.122513,0.741060,0.832168,0.256382
706,11.766667,175.758453,4.730419,-174.960526,0.739868,0.831206,0.254308
707,11.783333,175.764145,4.501133,-174.511902,0.738766,0.830825,0.251943
708,11.800000,175.518509,4.288410,-175.047821,0.739076,0.830211,0.250227
709,11.816667,175.576935,4.092666,-174.496338,0.738852,0.829883,0.248423
710,11.833333,175.595154,3.791126,-175.395248,0.739979,0.829733,0.246413
711,11.850000,175.845688,3.588028,-174.390808,0.738090,0.829008,0.244140
712,11.866667,175.631302,3.282258,-174.674637,0.738521,0.829000,0.242848
713,11.883333,175.861969,2.989655,-175.483353,0.739402,0.828521,0.240261
714,11.900000,175.800339,2.774212,-174.992783,0.738616,0.828437,0.238788
715,11.916667,175.662903,2.382091,-174.759094,0.737196,0.828327,0.237061
716,11.933333,175.526672,3.088775,-170.941635,0.731291,0.826827,0.237177
717,11.950000,175.251389,2.192227,-175.242126,0.738023,0.828259,0.234429
718,11.966667,175.323090,1.565215,-175.407852,0.738230,0.827359,0.232636
719,11.983333,175.443100,1.351741,-175.341797,0.737892,0.827099,0.230834
720,12.000000,176.018021,0.836113,-175.189758,0.737602,0.826616,0.228480
721,12.016667,175.834564,0.569172,-174.980759,0.737245,0.826260,0.227623
722,12.033333,176.285446,0.003614,-174.878082,0.736780,0.825861,0.225690
723,12.050000,176.467789,-0.261229,-175.277878,0.737282,0.825456,0.223829
724,12.066667,176.063797,-0.335866,-174.727707,0.736674,0.825030,0.223281
725,12.083333,176.131516,-0.905547,-175.726013,0.737519,0.824879,0.221723
726,12.100000,176.106003,-1.189911,-175.550278,0.737192,0.824278,0.220605
727,12.116667,175.895020,-1.600688,-175.593292,0.737234,0.823837,0.219504
728,12.133333,175.342758,-1.928860,-175.351013,0.737215,0.823379,0.219257
729,12.150000,175.227798,-2.463646,-174.874146,0.736587,0.823177,0.218235
730,12.166667,,,,,,
731,12.183333,175.658493,-3.259805,-175.467148,0.737632,0.822292,0.215774
732,12.200000,175.730484,-3.490999,-174.884705,0.736979,0.821957,0.214959
733,12.216667,175.696228,-3.933704,-174.944962,0.736939,0.821893,0.213990
734,12.233333,175.742081,-4.240666,-175.485153,0.737806,0.821614,0.213265
735,12.250000,175.857986,-4.730644,-175.550446,0.737616,0.822158,0.212393
736,12.266667,175.972580,-5.148944,-176.252747,0.738612,0.821449,0.211327
737,12.283333,176.011475,-5.634780,-176.273315,0.738730,0.821122,0.210455
738,12.300000,175.559662,-5.937231,-175.737000,0.737889,0.821080,0.210340
739,12.316667,175.269165,-6.518766,-176.427322,0.739170,0.821524,0.209883
740,12.333333,175.192917,-6.873257,-175.871140,0.738655,0.821298,0.209308
741,12.350000,174.774521,-7.418147,-176.289764,0.739643,0.821820,0.209223
742,12.366667,174.660614,-7.877491,-176.276962,0.739930,0.821866,0.208781
743,12.383333,174.587326,-8.402926,-176.227509,0.740330,0.821859,0.208455
744,12.400000,174.785461,-8.809580,-176.486496,0.740969,0.821496,0.207488
745,12.416667,174.770111,-9.266567,-176.495285,0.740897,0.821643,0.206974
746,12.433333,174.733200,-9.621581,-176.636642,0.741250,0.821620,0.206358
747,12.450000,174.763321,-10.063494,-176.871216,0.741730,0.821719,0.205665
748,12.466667,174.470352,-10.581072,-177.097000,0.742290,0.822002,0.205334
749,12.483333,174.357086,-11.227733,-177.309204,0.743303,0.821498,0.204883
750,12.500000,174.219757,-11.606874,-177.120438,0.743321,0.821778,0.204347
751,12.516667,173.987534,-12.096151,-176.869232,0.743434,0.821836,0.204016
752,12.533333,173.833420,-12.852822,-175.989975,0.742788,0.822113,0.203681
753,12.550000,173.817230,-13.045362,-175.924866,0.743314,0.822253,0.203137
754,12.566667,173.875931,-13.552776,-176.550446,0.744091,0.822507,0.202274
755,12.583333,173.825058,-13.822036,-176.410843,0.744330,0.822315,0.201606
756,12.600000,173.868240,-14.266612,-176.943558,0.745164,0.822244,0.200670
757,12.616667,174.023300,-14.861992,-177.328720,0.746028,0.821783,0.199671
758,12.633333,173.587448,-15.124281,-177.658768,0.746815,0.821295,0.199044
759,12.650000,173.918625,-15.533057,-177.909393,0.747166,0.820225,0.197376
760,12.666667,173.375900,-16.189974,-177.721710,0.747333,0.820377,0.197201
761,12.683333,173.155090,-16.643021,-178.074310,0.748376,0.819824,0.196461
762,12.700000,173.636353,-17.361214,-177.556290,0.748054,0.818878,0.194866
763,12.716667,173.696167,-17.936913,-177.858353,0.749082,0.818303,0.193706
764,12.733333,173.443680,-18.245193,-177.601563,0.748832,0.818135,0.193001
765,12.750000,173.944565,-18.850203,-177.292450,0.748980,0.816750,0.191512
766,12.766667,174.199371,-19.424810,-177.074188,0.749318,0.815760,0.190154
767,12.783333,174.027863,-20.087555,-177.556763,0.750214,0.815170,0.189152
768,12.800000,174.044312,-20.566406,-177.916687,0.750810,0.814396,0.187888
769,12.816667,170.987640,-21.665417,-174.035248,0.745973,0.815604,0.191745
770,12.833333,174.311630,-21.346985,-178.031372,0.751422,0.813355,0.185002
771,12.850000,174.850052,-22.106981,-178.112961,0.752054,0.812574,0.182970
772,12.866667,174.865967,-22.438677,-177.680634,0.751894,0.811974,0.181889
773,12.883333,174.703751,-22.926327,-177.702133,0.752501,0.811620,0.180661
774,12.900000,174.701202,-23.469774,-177.102325,0.752906,0.810688,0.179555
775,12.916667,175.057358,-24.121664,-177.238144,0.753273,0.810487,0.178013
776,12.933333,175.451096,-24.533468,-176.931030,0.753385,0.810327,0.176327
777,12.950000,175.336212,-25.013081,-176.604828,0.753610,0.810085,0.175445
778,12.966667,175.625519,-25.546448,-176.469742,0.754062,0.809591,0.173992
779,12.983333,175.631302,-26.064150,-176.739243,0.755096,0.809112,0.172615
780,13.000000,175.619003,-26.501442,-176.853851,0.756023,0.808550,0.171429
781,13.016667,175.841660,-26.991270,-177.250244,0.757427,0.807598,0.169804
782,13.033333,176.068512,-27.495428,-177.076569,0.757870,0.807089,0.168569
783,13.050000,175.773529,-27.975172,-176.935776,0.758708,0.807160,0.167848
784,13.066667,175.918472,-28.325636,-176.742096,0.759829,0.806246,0.166462
785,13.083333,176.276047,-28.833797,-176.509323,0.760370,0.805758,0.165212
786,13.100000,176.307526,-29.415979,-176.329117,0.761589,0.805462,0.164373
787,13.116667,176.026215,-29.977953,-176.326614,0.763225,0.805313,0.163731
788,13.133333,176.163910,-30.361013,-176.636414,0.764887,0.804870,0.162350
789,13.150000,176.487869,-30.684353,-176.898682,0.766186,0.804222,0.160893
790,13.166667,176.445313,-30.970472,-176.937531,0.767536,0.803657,0.160144
791,13.183333,176.200607,-31.396820,-177.173477,0.769644,0.803277,0.159456
792,13.200000,175.931992,-31.846962,-177.778305,0.772038,0.803219,0.158472
793,13.216667,176.230423,-32.260712,-177.521667,0.773254,0.802306,0.157536
794,13.233333,176.260101,-32.716221,-177.304382,0.774441,0.802083,0.156969
795,13.250000,176.629807,-33.170078,-176.330948,0.775317,0.801948,0.156309
796,13.266667,175.830032,-33.775677,-177.532211,0.778787,0.801716,0.155923
797,13.283333,175.931198,-34.125980,-177.301254,0.780543,0.801322,0.155299
798,13.300000,175.571716,-34.552376,-177.585052,0.782857,0.801373,0.154850
799,13.316667,175.846924,-34.945805,-177.717255,0.784990,0.800641,0.153846
800,13.333333,175.298431,-35.248474,-178.195923,0.787480,0.800769,0.153670
801,13.350000,175.816925,-35.673702,-177.385315,0.789111,0.800119,0.153154
802,13.366667,175.664154,-36.228134,-178.047775,0.791897,0.800067,0.152590
803,13.383333,174.900803,-36.481133,-179.161209,0.795112,0.800086,0.152027
804,13.400000,174.945236,-36.759041,-178.632050,0.796667,0.800224,0.152198
805,13.416667,175.054276,-37.249832,-178.499756,0.798981,0.800075,0.151831
806,13.433333,174.371094,-37.564751,-179.321838,0.802553,0.800382,0.151454
807,13.450000,174.277374,-37.740276,-178.982315,0.804508,0.800058,0.151580
808,13.466667,174.530426,-38.213459,-178.581497,0.806460,0.800188,0.151021
809,13.483333,173.989853,-38.522152,-179.757721,0.810212,0.799835,0.150355
810,13.500000,174.311188,-38.941441,-178.905350,0.811609,0.800086,0.150421
811,13.516667,173.657486,-39.322227,-179.834167,0.815173,0.799937,0.150187
812,13.533333,173.731110,-39.465073,179.627258,0.817880,0.799562,0.149326
813,13.550000,174.005737,-39.897255,179.832413,0.820174,0.799192,0.148990
814,13.566667,173.723663,-40.193260,179.607971,0.823128,0.799353,0.148793
815,13.583333,173.341446,-40.530403,179.680573,0.825323,0.799437,0.148969
816,13.600000,173.582397,-40.951180,179.711060,0.828057,0.799491,0.148556
817,13.616667,173.911270,-41.378948,-179.916962,0.830047,0.799669,0.148115
818,13.633333,173.675491,-41.570839,179.911652,0.833025,0.800043,0.148010
819,13.650000,173.687347,-41.989716,179.848648,0.835369,0.800401,0.147843
820,13.666667,173.609711,-42.303616,179.938629,0.837809,0.800946,0.147663
821,13.683333,173.700012,-42.491093,179.866196,0.840478,0.801137,0.147248
822,13.700000,173.327271,-42.848579,179.691467,0.842830,0.801546,0.147446
823,13.716667,173.200516,-43.222881,179.249908,0.845973,0.801910,0.146939
824,13.733333,173.156601,-43.400482,179.149673,0.848390,0.802358,0.146717
825,13.750000,173.244446,-43.830269,179.063660,0.851031,0.802121,0.146220
826,13.766667,172.977356,-44.000389,179.493393,0.853230,0.802402,0.146753
827,13.783333,173.340118,-44.298973,179.533508,0.855717,0.802438,0.145959
828,13.800000,173.189362,-44.743637,179.346054,0.858316,0.802465,0.145889
829,13.816667,173.281662,-44.919628,179.546234,0.860635,0.802287,0.145677
830,13.833333,173.583908,-45.293571,179.610184,0.863427,0.802106,0.145465
831,13.850000,173.825333,-45.642384,179.552078,0.865766,0.801836,0.144856
832,13.866667,173.472198,-45.655510,179.683823,0.868255,0.801787,0.145292
833,13.883333,173.783127,-45.988594,179.686218,0.870564,0.801379,0.144667
834,13.900000,173.365753,-46.241520,179.201889,0.873513,0.801642,0.144538
835,13.916667,173.210739,-46.383137,178.886734,0.876335,0.801076,0.144468
836,13.933333,172.637070,-46.563839,178.476868,0.879322,0.801308,0.144390
837,13.950000,172.479889,-46.925690,178.467819,0.881898,0.801404,0.144498
838,13.966667,173.360443,-47.174778,179.437958,0.883418,0.800686,0.144104
839,13.983333,173.486099,-47.539116,179.571548,0.886162,0.800849,0.144048
840,14.000000,173.482407,-47.643242,179.750580,0.888673,0.800623,0.143824
841,14.016667,173.145752,-48.020443,179.665894,0.891155,0.800467,0.143828
842,14.033333,173.346802,-48.119221,179.938553,0.893920,0.800481,0.143484
843,14.050000,172.626572,-48.253933,178.720047,0.897194,0.800431,0.143176
844,14.066667,172.564636,-48.613102,179.027893,0.899681,0.800876,0.143479
845,14.083333,172.274567,-48.613705,178.500580,0.902748,0.800675,0.142948
846,14.100000,171.976501,-48.869118,178.343369,0.905505,0.800596,0.143016
847,14.116667,171.966278,-49.017395,178.257797,0.908024,0.800982,0.142462
848,14.133333,172.088715,-49.183464,178.425797,0.910697,0.800675,0.142373
849,14.150000,172.698380,-49.327183,179.394852,0.912345,0.800720,0.142284
850,14.166667,172.652740,-49.569992,179.182785,0.915424,0.801140,0.141595
851,14.183333,172.606522,-49.695690,178.655716,0.918601,0.800608,0.140878
852,14.200000,172.608383,-49.721317,178.732483,0.921384,0.801038,0.140840
853,14.216667,172.524490,-49.823563,178.378082,0.924269,0.801191,0.140370
854,14.233333,172.415512,-50.041687,178.243210,0.927074,0.801468,0.139929
855,14.250000,172.498352,-50.031940,178.058899,0.929559,0.801340,0.139545
856,14.266667,172.314987,-50.143822,177.785461,0.932547,0.801484,0.138914
857,14.283333,172.415314,-50.449581,177.631119,0.935046,0.801778,0.138382
858,14.300000,172.429108,-50.308327,177.604523,0.938100,0.801977,0.137949
859,14.316667,173.540390,-50.766300,179.302155,0.939405,0.801734,0.137809
860,14.333333,172.848404,-50.609440,178.135452,0.943036,0.802558,0.137268
861,14.350000,172.446930,-50.830601,178.027893,0.945784,0.803014,0.137260
862,14.366667,172.865082,-50.786446,177.742554,0.948839,0.803329,0.136288
863,14.383333,172.261276,-50.838657,177.509491,0.951844,0.803581,0.136451
864,14.400000,172.879395,-50.807625,177.528030,0.954144,0.803403,0.135393
865,14.416667,172.449905,-51.023991,177.191010,0.957007,0.803525,0.135520
866,14.433333,172.311813,-51.221268,176.937820,0.959710,0.803662,0.135364
867,14.450000,172.234009,-51.074444,176.977081,0.962031,0.803688,0.135193
868,14.466667,171.748886,-51.248711,176.142593,0.965562,0.803464,0.134732
869,14.483333,171.741959,-51.228539,176.252350,0.968050,0.803627,0.134794
870,14.500000,171.420181,-51.380413,176.192688,0.970743,0.803592,0.134818
871,14.516667,171.941757,-51.321430,176.897659,0.972708,0.803290,0.134942
872,14.533333,171.886032,-51.474319,176.789413,0.974940,0.803354,0.134899
873,14.550000,171.687622,-51.272945,176.410461,0.978108,0.802808,0.134520
874,14.566667,170.988770,-51.413040,175.538849,0.981092,0.802927,0.134484
875,14.583333,171.609131,-51.199940,176.010757,0.982991,0.802173,0.134261
876,14.600000,171.023911,-51.263458,175.394745,0.985602,0.802123,0.134551
877,14.616667,171.370316,-51.392773,175.982742,0.987573,0.802609,0.134937
878,14.633333,171.620712,-51.206856,176.266632,0.989533,0.802333,0.134910
879,14.650000,170.989304,-51.168858,175.507721,0.992318,0.802038,0.135065
880,14.666667,171.692017,-51.292526,176.512665,0.993600,0.801897,0.135306
881,14.683333,171.306412,-51.540825,176.100479,0.995951,0.802440,0.135719
882,14.700000,171.830826,-51.386871,177.142151,0.997428,0.801835,0.136429
883,14.716667,170.979355,-51.376228,176.112518,1.001050,0.802065,0.136562
884,14.733333,171.700104,-51.220131,176.656433,1.002104,0.801922,0.136376
885,14.750000,172.405426,-51.363564,176.882645,1.003928,0.801571,0.136146
886,14.766667,172.191345,-51.285446,177.074051,1.005500,0.801702,0.137188
887,14.783333,171.734985,-51.076683,176.541702,1.008121,0.801468,0.137623
888,14.800000,172.134598,-50.809368,176.314835,1.010078,0.801036,0.137408
889,14.816667,172.462616,-50.873718,176.694641,1.011311,0.801347,0.137850
890,14.833333,172.223007,-51.059982,176.667664,1.013118,0.801420,0.138497
891,14.850000,171.916534,-50.873421,176.516495,1.015095,0.801632,0.139543
892,14.866667,172.012573,-50.782124,177.267532,1.016505,0.801493,0.140599
893,14.883333,172.496384,-50.706169,177.419769,1.018261,0.801397,0.140565
894,14.900000,171.432419,-50.939281,176.354828,1.020656,0.801902,0.141587
895,14.916667,171.375275,-50.641605,176.251541,1.023021,0.801756,0.142359
896,14.933333,171.596436,-50.564320,176.827515,1.023415,0.802063,0.143580
897,14.950000,170.974152,-50.371155,175.731750,1.025860,0.801964,0.143778
898,14.966667,171.105362,-50.244003,175.746078,1.027542,0.802344,0.144501
899,14.983333,171.150253,-50.153301,175.407104,1.029195,0.802512,0.144814
900,15.000000,171.596436,-50.241447,176.122162,1.029775,0.802268,0.145967
901,15.016667,171.554962,-49.957878,175.966995,1.031290,0.802254,0.146980
902,15.033333,172.932831,-50.100609,177.038651,1.030919,0.802639,0.147157
903,15.050000,172.137177,-50.032776,176.871948,1.033010,0.803002,0.148920
904,15.066667,171.729736,-49.656178,176.363754,1.034771,0.803219,0.149823
905,15.083333,172.084854,-49.595840,176.947250,1.034933,0.803094,0.151067
906,15.100000,172.133682,-49.318726,177.142868,1.036471,0.802507,0.152351
907,15.116667,171.637314,-49.051277,176.619171,1.037600,0.802529,0.153556
908,15.133333,171.794464,-49.231709,176.932022,1.038772,0.801872,0.154923
909,15.150000,171.961319,-49.219398,177.452408,1.039434,0.801292,0.156370
910,15.166667,171.405807,-49.028934,176.501465,1.041132,0.801329,0.157256
911,15.183333,171.658646,-48.954044,176.590958,1.041469,0.801460,0.158582
912,15.200000,173.149872,-48.727673,177.746185,1.041867,0.799869,0.158463
913,15.216667,172.540573,-48.613674,177.918610,1.042733,0.800196,0.160761
914,15.233333,172.186081,-48.307232,177.720200,1.043858,0.800163,0.162176
915,15.250000,172.191193,-48.253304,177.593079,1.044936,0.799604,0.163549
916,15.266667,172.429596,-48.013924,177.799683,1.045620,0.799083,0.164825
917,15.283333,173.050125,-47.953781,178.613266,1.045677,0.798853,0.166455
918,15.300000,173.050751,-47.862576,178.265610,1.046323,0.798538,0.167396
919,15.316667,172.670685,-47.567249,178.503265,1.047372,0.799063,0.169883
920,15.333333,172.589279,-47.033257,177.856781,1.048239,0.799236,0.171003
921,15.350000,173.239151,-47.217575,178.419464,1.048660,0.799231,0.172307
922,15.366667,173.477921,-46.940392,178.570984,1.049265,0.799293,0.173709
923,15.383333,174.474838,-47.183983,179.416809,1.048777,0.800254,0.174820
924,15.400000,173.629501,-46.587456,179.090652,1.050336,0.800102,0.176978
925,15.416667,173.780930,-46.218750,179.730423,1.050525,0.801203,0.179307
926,15.433333,173.398621,-46.430317,178.722260,1.052522,0.801260,0.180322
927,15.450000,173.302948,-45.921013,178.799927,1.053135,0.802135,0.182623
928,15.466667,173.143433,-45.878311,178.077438,1.053792,0.803020,0.183869
929,15.483333,173.632431,-45.617588,178.596207,1.054130,0.803696,0.185821
930,15.500000,173.983765,-45.393238,178.634705,1.054870,0.804309,0.187102
931,15.516667,174.386703,-45.298286,178.978180,1.054889,0.805190,0.188752
932,15.533333,173.008118,-44.802082,177.922424,1.056971,0.806837,0.192184
933,15.550000,174.469498,-44.451168,179.637894,1.055491,0.807311,0.193462
934,15.566667,173.888000,-44.335487,178.761642,1.057058,0.808267,0.195773
935,15.583333,174.135345,-44.198418,179.602753,1.057285,0.809277,0.197981
936,15.600000,173.789597,-43.731094,179.235657,1.058493,0.810861,0.200856
937,15.616667,173.404434,-43.515064,178.606979,1.059460,0.811716,0.202811
938,15.633333,173.482544,-43.303265,178.703384,1.060542,0.812455,0.205242
939,15.650000,173.684143,-43.522404,178.520721,1.060803,0.813668,0.207398
940,15.666667,173.531494,-43.079979,178.651154,1.061333,0.813902,0.210062
941,15.683333,173.893616,-42.177883,178.231400,1.062400,0.814120,0.211851
942,15.700000,173.293625,-42.212379,177.989929,1.062663,0.815230,0.214987
943,15.716667,173.360931,-41.766682,178.251205,1.062585,0.815953,0.217704
944,15.733333,173.589737,-41.575859,178.118332,1.063543,0.815870,0.220116
945,15.750000,173.287643,-41.308220,178.027634,1.063918,0.816232,0.223109
946,15.766667,173.461105,-41.183254,178.742081,1.063834,0.816289,0.226075
947,15.783333,173.321304,-40.745163,178.335724,1.064655,0.817014,0.228627
948,15.800000,172.697403,-40.333580,178.344589,1.065053,0.817182,0.232374
949,15.816667,173.799622,-40.228279,178.636185,1.065306,0.816805,0.234012
950,15.833333,173.038651,-39.788742,178.566452,1.065280,0.817495,0.238165
951,15.850000,172.747253,-39.216671,178.258820,1.065663,0.818114,0.241022
952,15.866667,174.586365,-39.047401,179.025803,1.064780,0.816637,0.242355
953,15.883333,173.555252,-38.979359,179.075821,1.064889,0.818120,0.246767
954,15.900000,173.131210,-38.719273,178.969315,1.065227,0.818981,0.250258
955,15.916667,173.203354,-38.348206,178.727951,1.065627,0.819125,0.253181
956,15.933333,173.343597,-38.026371,179.430222,1.064942,0.819935,0.256546
957,15.950000,173.900391,-37.703609,179.582642,1.064373,0.820459,0.258738
958,15.966667,173.596817,-37.537754,179.966888,1.064255,0.821859,0.262970
959,15.983333,173.170120,-36.910542,179.518066,1.064727,0.822219,0.266165
960,16.000000,173.756821,-36.862701,179.833313,1.064169,0.822328,0.269113
961,16.016667,173.735550,-36.164524,179.779251,1.064306,0.822479,0.272039
962,16.033333,172.894638,-35.881969,179.655640,1.064363,0.823245,0.276215
963,16.050000,173.438843,-35.735298,-179.740601,1.063363,0.823379,0.278979
964,16.066667,173.329285,-35.267738,179.556763,1.064182,0.823347,0.282042
965,16.083333,173.082870,-34.969685,-179.804398,1.063571,0.823237,0.286149
966,16.100000,173.539780,-34.469486,-179.394028,1.062867,0.823272,0.288676
967,16.116667,173.596191,-34.245640,-179.970016,1.062819,0.823312,0.291548
968,16.133333,173.706635,-34.089466,-178.907806,1.061950,0.823248,0.295541
969,16.150000,174.792282,-33.369625,-179.186539,1.061996,0.822324,0.297536
970,16.166667,173.895721,-33.285160,-179.348541,1.062679,0.822619,0.301579
971,16.183333,173.963547,-33.053127,-179.444412,1.061841,0.822543,0.304565
972,16.200000,174.112564,-32.211246,-178.320389,1.060761,0.821751,0.307939
973,16.216667,174.118637,-31.958410,-179.268875,1.061241,0.821262,0.310634
974,16.233333,173.871750,-31.772282,-179.115753,1.061309,0.820316,0.314255
975,16.250000,174.113403,-31.316339,-179.058212,1.060927,0.819501,0.317081
976,16.266667,174.045425,-30.784203,-179.285995,1.060908,0.818924,0.320362
977,16.283333,174.018600,-30.692196,-179.165894,1.060610,0.818093,0.323593
978,16.300000,173.963333,-29.968695,-178.756500,1.060066,0.817008,0.326998
979,16.316667,174.376801,-29.694548,-178.822845,1.060500,0.815651,0.329686
980,16.333333,174.185760,-29.037146,-179.416718,1.060475,0.814384,0.332737
981,16.350000,174.337326,-28.865025,-178.595474,1.059379,0.814019,0.336353
982,16.366667,174.624313,-28.403210,-178.596176,1.059267,0.812285,0.339085
983,16.383333,174.713699,-28.050739,-179.104660,1.059992,0.811063,0.342088
984,16.400000,174.292984,-27.527866,-178.872528,1.059174,0.810505,0.345920
985,16.416667,174.179062,-27.031584,-179.244247,1.059347,0.809540,0.348923
986,16.433333,174.329742,-26.430262,-178.684128,1.058684,0.808336,0.352244
987,16.450000,174.018387,-26.104866,-178.793076,1.058383,0.807913,0.355922
988,16.466667,174.243622,-25.847857,-178.459854,1.058385,0.807100,0.359000
989,16.483333,174.413147,-25.407063,-178.202209,1.057740,0.806264,0.362119
990,16.500000,173.881638,-24.768982,-178.903610,1.058278,0.805937,0.365573
991,16.516667,174.030579,-24.331367,-178.931656,1.058454,0.805023,0.368607
992,16.533333,173.908691,-24.073235,-178.768433,1.057486,0.804764,0.372054
993,16.550000,173.656219,-23.324030,-178.943939,1.057702,0.804418,0.375563
994,16.566667,174.052902,-23.000444,-179.120392,1.057818,0.803568,0.378109
995,16.583333,173.836304,-22.005495,-178.880035,1.056730,0.803337,0.381307
996,16.600000,173.176559,-21.674419,-178.399017,1.056076,0.803411,0.385883
997,16.616667,173.463852,-21.253586,-178.177597,1.055418,0.802746,0.388869
998,16.633333,173.447083,-20.890915,-177.971130,1.054772,0.802248,0.391640
999,16.650000,173.424591,-20.398523,-178.432663,1.055537,0.801516,0.394723
1000,16.666667,173.013870,-19.958464,-178.966171,1.055828,0.800970,0.397908
1001,16.683333,173.532394,-19.530516,-178.398972,1.054973,0.800100,0.400563
1002,16.700000,173.628113,-19.201174,-178.014908,1.053945,0.799456,0.403697
1003,16.716667,173.801575,-18.539806,-178.302750,1.053746,0.798806,0.406301
1004,16.733333,173.354111,-17.989202,-178.272720,1.053302,0.797945,0.409894
1005,16.750000,173.687088,-17.446512,-178.444092,1.053215,0.796681,0.412239
1006,16.766667,173.600937,-16.915762,-178.415665,1.052198,0.796700,0.415241
1007,16.783333,173.137527,-16.484785,-178.552399,1.052245,0.796118,0.418644
1008,16.800000,173.312195,-16.196978,-178.499481,1.051978,0.795261,0.421199
1009,16.816667,173.616196,-15.528497,-177.976242,1.050352,0.794289,0.423437
1010,16.833333,172.783646,-14.825940,-178.663971,1.050204,0.794567,0.426761
1011,16.850000,173.257462,-14.541269,-178.996048,1.050345,0.793521,0.428839
1012,16.866667,172.712418,-13.587193,-178.369064,1.048492,0.793450,0.432489
1013,16.883333,172.778336,-13.311658,-178.897568,1.048475,0.792736,0.434695
1014,16.900000,173.066666,-12.988138,-179.014664,1.047746,0.792391,0.436906
1015,16.916667,173.429016,-12.456647,-178.575851,1.046154,0.791740,0.438856
1016,16.933333,172.925522,-11.955123,-179.131073,1.045433,0.791844,0.441653
1017,16.950000,172.603683,-11.124633,-179.123795,1.044773,0.791478,0.444695
1018,16.966667,173.013947,-10.664134,-178.520035,1.043184,0.790572,0.446291
1019,16.983333,173.271423,-10.179077,-178.694000,1.042086,0.790281,0.448469
1020,17.000000,173.082901,-9.648433,-178.290726,1.040081,0.790210,0.450735
1021,17.016667,172.986237,-8.936904,-177.317505,1.037976,0.789279,0.453266
1022,17.033333,172.669846,-8.603805,-178.482742,1.037502,0.789556,0.455630
1023,17.050000,173.405212,-8.214565,-178.635437,1.036279,0.789084,0.456653
1024,17.066667,173.606018,-7.691400,-178.140884,1.034526,0.788348,0.458349
1025,17.083333,172.953812,-7.367603,-177.484756,1.031435,0.789107,0.461271
1026,17.100000,173.180481,-6.756693,-177.555420,1.030067,0.787711,0.462777
1027,17.116667,173.113785,-6.094991,-177.939972,1.028612,0.787907,0.464443
1028,17.133333,172.863342,-5.666430,-177.728531,1.026186,0.788052,0.466597
1029,17.150000,172.849197,-5.240787,-177.684540,1.023959,0.787710,0.468170
1030,17.166667,173.043549,-4.607699,-178.076996,1.022886,0.786591,0.469248
1031,17.183333,173.285583,-4.167852,-177.059891,1.019907,0.786229,0.470773
1032,17.200000,172.882629,-3.560508,-178.508743,1.019316,0.785638,0.472100
1033,17.216667,173.195389,-3.004785,-176.647034,1.014855,0.786783,0.473566
1034,17.233333,172.967422,-2.589016,-177.260742,1.013079,0.786851,0.475105
1035,17.250000,173.198517,-2.044345,-176.774170,1.010233,0.786593,0.476184
1036,17.266667,173.121338,-1.504782,-176.534164,1.007392,0.786979,0.477428
1037,17.283333,173.515442,-1.302177,-176.993835,1.006081,0.786748,0.477938
1038,17.300000,173.756287,-0.422918,-175.542175,1.001526,0.786041,0.478700
1039,17.316667,173.232056,0.022116,-176.300995,1.000012,0.786665,0.480179
1040,17.333333,173.081223,0.518127,-176.114578,0.997188,0.787470,0.481178
1041,17.350000,173.242783,0.709672,-176.697922,0.995745,0.787092,0.481632
1042,17.366667,173.286102,1.394575,-176.079910,0.992135,0.787304,0.482427
1043,17.383333,173.730591,1.733980,-175.843216,0.989619,0.788584,0.482444
1044,17.400000,173.556564,2.529465,-175.977295,0.987027,0.789087,0.483214
1045,17.416667,173.519669,3.045351,-174.795670,0.982593,0.789523,0.484109
1046,17.433333,173.476410,3.148330,-175.527542,0.980858,0.790904,0.484758
1047,17.450000,173.993942,3.921777,-175.910599,0.978631,0.790885,0.484320
1048,17.466667,173.255447,4.346969,-175.785828,0.975406,0.791624,0.485363
1049,17.483333,173.536896,4.670161,-175.588181,0.972629,0.791925,0.485548
1050,17.500000,173.604294,5.198580,-175.463257,0.970041,0.792129,0.485690
1051,17.516667,173.850403,5.707333,-174.892319,0.966500,0.792520,0.485552
1052,17.533333,173.344864,6.036103,-174.428574,0.963739,0.792840,0.486250
1053,17.550000,173.690247,6.595429,-175.578171,0.961658,0.792672,0.486023
1054,17.566667,173.747498,7.058948,-174.395615,0.958034,0.793025,0.485957
1055,17.583333,174.040298,7.434214,-174.789749,0.955271,0.793062,0.485808
1056,17.600000,174.618607,7.774095,-175.303726,0.953063,0.792905,0.485368
1057,17.616667,174.509155,8.370375,-175.122055,0.950136,0.793114,0.485360
1058,17.633333,174.320206,8.868756,-174.292007,0.946623,0.792845,0.485697
1059,17.650000,174.702271,9.209236,-175.370544,0.945094,0.793053,0.484974
1060,17.666667,174.490906,9.934206,-175.166153,0.941868,0.793291,0.485257
1061,17.683333,174.290771,10.032282,-174.827225,0.938946,0.793287,0.485226
1062,17.700000,173.976440,10.673079,-174.965134,0.936290,0.794014,0.485823
1063,17.716667,174.362076,11.181347,-174.064056,0.932652,0.793662,0.484875
1064,17.733333,174.333618,11.463866,-174.145691,0.929857,0.794900,0.484801
1065,17.750000,174.339447,11.986859,-174.885635,0.928549,0.794789,0.484655
1066,17.766667,175.014359,12.904058,-173.908646,0.923827,0.793995,0.483194
1067,17.783333,174.311096,12.608100,-173.863571,0.921327,0.795996,0.484278
1068,17.800000,174.329880,13.305265,-174.893448,0.920558,0.795483,0.484096
1069,17.816667,174.493256,14.163763,-174.353165,0.916619,0.795203,0.483419
1070,17.833333,174.443054,14.006600,-174.044128,0.913681,0.795701,0.483573
1071,17.850000,175.174927,14.145653,-174.315292,0.911011,0.796231,0.482507
1072,17.866667,174.415543,15.011009,-174.042542,0.908909,0.795370,0.483046
1073,17.883333,174.496964,15.123652,-174.680847,0.906173,0.795641,0.482765
1074,17.900000,174.552490,15.628576,-174.635254,0.903813,0.794605,0.482379
1075,17.916667,174.037796,15.989200,-173.754837,0.900227,0.794086,0.482679
1076,17.933333,174.225449,16.507296,-173.279663,0.897073,0.793444,0.481876
1077,17.950000,174.713242,16.702950,-173.528336,0.894399,0.792933,0.481160
1078,17.966667,174.557510,16.981684,-174.205185,0.892421,0.792506,0.481247
1079,17.983333,174.298782,17.938671,-174.501480,0.889995,0.792111,0.481019
1080,18.000000,174.783173,17.759308,-174.481934,0.887168,0.791976,0.480602
1081,18.016667,174.740036,18.114738,-174.957870,0.884819,0.791722,0.480570
1082,18.033333,174.855652,18.666527,-174.241867,0.880920,0.791328,0.479839
1083,18.050000,174.479568,19.125999,-174.540955,0.879545,0.791373,0.480368
1084,18.066667,174.586136,19.437239,-175.228088,0.876627,0.792082,0.480026
1085,18.083333,174.772629,19.724638,-173.866287,0.872756,0.791813,0.479255
1086,18.100000,174.933868,19.828850,-174.544174,0.870636,0.791877,0.478837
1087,18.116667,174.108353,20.461555,-174.592896,0.867910,0.793276,0.479612
1088,18.133333,174.790634,20.489256,-174.289581,0.864498,0.793826,0.478596
1089,18.150000,174.937775,20.864326,-173.907898,0.861389,0.794384,0.478118
1090,18.166667,174.466263,21.219406,-173.825546,0.857946,0.795119,0.478398
1091,18.183333,174.763458,21.688114,-174.465607,0.855488,0.795947,0.477844
1092,18.200000,174.962769,21.804279,-174.457672,0.852380,0.797221,0.477418
1093,18.216667,175.016479,22.343222,-174.630936,0.849892,0.797795,0.477477
1094,18.233333,174.502243,22.487318,-174.507782,0.846784,0.798325,0.477854
1095,18.250000,174.644150,22.907579,-174.515289,0.843564,0.798630,0.477295
1096,18.266667,174.753265,23.275467,-173.799759,0.840189,0.798695,0.476745
1097,18.283333,174.822144,23.237103,-174.376892,0.837258,0.799518,0.476727
1098,18.300000,174.469131,23.440302,-173.622955,0.833356,0.800162,0.476626
1099,18.316667,174.697144,23.981186,-173.634476,0.830770,0.799359,0.475936
1100,18.333333,174.847275,23.857220,-173.706787,0.827191,0.800068,0.475844
1101,18.350000,174.687408,24.463221,-173.634933,0.824180,0.800792,0.476089
1102,18.366667,174.671005,24.554272,-172.964706,0.820596,0.800003,0.475252
1103,18.383333,174.546524,24.885983,-173.841019,0.818127,0.800690,0.476073
1104,18.400000,173.737457,25.035486,-173.259232,0.813989,0.801457,0.476451
1105,18.416667,174.119675,25.214409,-173.086548,0.810949,0.800595,0.475635
1106,18.433333,173.826462,25.480995,-172.942245,0.807536,0.801114,0.475776
1107,18.450000,173.675186,25.722166,-172.636566,0.804558,0.800665,0.475644
1108,18.466667,173.611710,25.824478,-173.246323,0.801444,0.801722,0.476016
1109,18.483333,173.945923,26.164509,-172.975601,0.798615,0.800695,0.475065
1110,18.500000,174.057709,26.294821,-172.415085,0.795218,0.800914,0.474884
1111,18.516667,173.377518,26.343046,-171.755310,0.791176,0.800893,0.475044
1112,18.533333,173.564255,26.799650,-172.825195,0.789463,0.801037,0.475257
1113,18.550000,173.748871,26.864658,-172.208038,0.786302,0.800691,0.474794
1114,18.566667,173.279419,27.210297,-172.840515,0.783530,0.800606,0.475155
1115,18.583333,173.600235,27.366465,-173.125702,0.781398,0.800173,0.475011
1116,18.600000,173.444153,27.471872,-172.050949,0.777301,0.800420,0.474595
1117,18.616667,173.605423,27.548750,-171.866501,0.774448,0.799648,0.474028
1118,18.633333,173.695984,27.665560,-172.224228,0.772162,0.799534,0.473770
1119,18.650000,173.009079,27.591389,-171.358337,0.768167,0.800200,0.474318
1120,18.666667,173.496872,28.135656,-171.906387,0.766947,0.798703,0.473597
1121,18.683333,173.801056,27.856535,-171.859848,0.764172,0.799135,0.473651
1122,18.700000,173.739395,27.989046,-172.416687,0.761569,0.799537,0.473531
1123,18.716667,173.760788,28.181274,-171.899109,0.759439,0.798899,0.473447
1124,18.733333,174.137955,28.615620,-173.106857,0.758066,0.797683,0.473269
1125,18.750000,173.658768,28.398785,-172.268005,0.754367,0.798659,0.473423
1126,18.766667,173.688232,28.669970,-172.558960,0.752347,0.798253,0.473285
1127,18.783333,173.776215,28.838156,-172.613510,0.750501,0.797825,0.473206
1128,18.800000,173.157669,28.933849,-171.931778,0.747534,0.797500,0.473442
1129,18.816667,173.244370,28.856730,-172.199310,0.745615,0.797946,0.473402
1130,18.833333,173.443497,28.883890,-172.359085,0.743857,0.798226,0.473078
1131,18.850000,173.624725,29.199055,-171.914627,0.741242,0.797810,0.472307
1132,18.866667,173.313141,29.353951,-171.620163,0.739167,0.797741,0.472455
1133,18.883333,173.275330,28.916853,-171.190506,0.736358,0.797988,0.472381
1134,18.900000,173.308716,29.261890,-171.672241,0.735038,0.797285,0.472199
1135,18.916667,173.407532,29.207958,-171.749222,0.733110,0.797388,0.471927
1136,18.933333,173.285843,29.482710,-172.278046,0.731992,0.797433,0.472546
1137,18.950000,173.019379,29.647715,-171.832108,0.729915,0.796702,0.472075
1138,18.966667,172.907120,29.523989,-171.414276,0.727673,0.796681,0.471701
1139,18.983333,173.352600,29.333662,-172.040710,0.726475,0.797303,0.471842
1140,19.000000,172.939743,29.484058,-172.046875,0.724644,0.797351,0.471930
1141,19.016667,172.988327,29.468575,-171.932053,0.722914,0.797655,0.471769
1142,19.033333,172.835541,29.573784,-171.527298,0.721192,0.797526,0.471361
1143,19.050000,172.372513,29.781326,-171.540741,0.720324,0.797100,0.471776
1144,19.066667,173.525650,30.104685,-172.943680,0.719643,0.797018,0.470395
1145,19.083333,173.141006,29.497635,-171.161087,0.716172,0.799088,0.470194
1146,19.100000,172.766479,29.667070,-171.229279,0.715052,0.799147,0.470244
1147,19.116667,173.476822,29.619976,-171.357361,0.713700,0.798923,0.468684
1148,19.133333,172.606201,29.529242,-172.057236,0.713125,0.800223,0.470008
1149,19.150000,172.531219,29.382061,-171.938293,0.711463,0.801187,0.469507
1150,19.166667,172.369308,29.819742,-171.418396,0.710514,0.800813,0.469091
1151,19.183333,172.593750,29.401608,-171.237701,0.708910,0.802113,0.468493
1152,19.200000,173.088470,29.845331,-172.207733,0.708857,0.801536,0.467263
1153,19.216667,172.392426,29.405512,-171.245346,0.706997,0.802757,0.467466
1154,19.233333,172.627899,29.362059,-171.814514,0.706143,0.803310,0.466678
1155,19.250000,172.621094,29.178503,-171.134232,0.704839,0.803309,0.465965
1156,19.266667,172.758087,29.275537,-171.846970,0.704588,0.803832,0.465625
1157,19.283333,172.429550,29.319817,-171.495377,0.703613,0.804067,0.465137
1158,19.300000,172.427368,29.006048,-171.026184,0.702719,0.804389,0.464057
1159,19.316667,172.473450,29.044382,-171.311447,0.702217,0.805378,0.463228
1160,19.333333,172.256729,29.149445,-171.208725,0.702000,0.805125,0.462987
1161,19.350000,172.324646,29.035404,-171.536514,0.701317,0.806014,0.461963
1162,19.366667,171.984314,28.904844,-171.450531,0.700727,0.806360,0.461229
1163,19.383333,172.193802,28.803318,-171.548187,0.700346,0.806637,0.460237
1164,19.400000,172.335052,28.432068,-171.450836,0.700320,0.806517,0.458957
1165,19.416667,172.364151,28.239023,-171.763794,0.699717,0.807052,0.458320
1166,19.433333,172.989944,28.462490,-171.037308,0.698920,0.806316,0.455877
1167,19.450000,173.195602,28.516970,-171.873901,0.699469,0.806281,0.454811
1168,19.466667,172.854141,28.325722,-172.574493,0.699638,0.806808,0.454446
1169,19.483333,173.141251,28.079195,-172.974411,0.699368,0.807026,0.452835
1170,19.500000,172.523346,27.830128,-172.980438,0.699285,0.807036,0.452323
1171,19.516667,172.934479,27.634542,-172.853485,0.698852,0.807236,0.450785
1172,19.533333,173.027542,27.653759,-172.141754,0.698343,0.806629,0.448712
1173,19.550000,172.886307,27.597593,-172.616592,0.699268,0.806469,0.447644
1174,19.566667,172.783920,27.675489,-172.664200,0.699131,0.806931,0.446538
1175,19.583333,173.097015,27.144243,-173.137589,0.699562,0.806921,0.444774
1176,19.600000,173.753799,26.733620,-173.359818,0.699556,0.806804,0.442770
1177,19.616667,173.143906,27.049013,-173.028519,0.698973,0.806674,0.441417
1178,19.633333,173.613068,26.874437,-173.276962,0.699164,0.806026,0.439345
1179,19.650000,173.548141,26.815346,-173.604523,0.700218,0.805316,0.438492
1180,19.666667,173.406204,26.314289,-172.832657,0.698955,0.805070,0.436371
1181,19.683333,173.729095,26.045654,-173.977814,0.699715,0.805374,0.434837
1182,19.700000,173.735092,25.716280,-173.525482,0.699602,0.804949,0.432867
1183,19.716667,173.367462,25.733309,-173.474487,0.699560,0.805024,0.431669
1184,19.733333,173.298080,25.727364,-172.898010,0.699295,0.804310,0.429623
1185,19.750000,173.313751,25.406843,-172.540619,0.699100,0.803500,0.427712
1186,19.766667,173.298172,25.165623,-172.759796,0.699428,0.803159,0.426350
1187,19.783333,173.665573,24.814156,-173.988129,0.700018,0.803054,0.424396
1188,19.800000,173.692474,24.885626,-174.052094,0.700656,0.802670,0.422690
1189,19.816667,174.100830,24.460386,-173.818298,0.700292,0.802552,0.420378
1190,19.833333,174.039139,24.272984,-173.236816,0.699697,0.802292,0.418522
1191,19.850000,174.292847,24.033440,-173.855789,0.700188,0.802371,0.416562
1192,19.866667,174.734879,23.664545,-173.999084,0.700254,0.802641,0.414360
1193,19.883333,174.400375,23.467701,-173.489532,0.700213,0.802605,0.412904
1194,19.900000,174.125916,23.141260,-173.973587,0.700486,0.803090,0.411217
1195,19.916667,174.070770,23.051901,-173.750061,0.700569,0.802903,0.409086
1196,19.933333,174.083725,22.738405,-172.744080,0.699493,0.803221,0.406770
1197,19.950000,173.715729,22.570631,-173.795197,0.700817,0.803496,0.406143
1198,19.966667,174.138626,22.118542,-173.900177,0.700709,0.803674,0.403772
1199,19.983333,173.958267,21.951181,-173.490189,0.700194,0.804017,0.401717
1200,20.000000,174.436981,21.557613,-174.211838,0.700426,0.805005,0.399393
1201,20.016667,174.439209,21.117691,-173.613586,0.700600,0.804621,0.397706
1202,20.033333,174.310944,21.095156,-173.809021,0.700206,0.804990,0.395198
1203,20.050000,173.851883,20.977604,-174.415176,0.700522,0.805737,0.394058
1204,20.066667,173.634064,20.546780,-173.856308,0.699817,0.806793,0.392100
1205,20.083333,173.969635,20.155542,-173.450272,0.699568,0.806706,0.389538
1206,20.100000,174.121689,20.072136,-173.194809,0.699362,0.806629,0.387199
1207,20.116667,173.700912,19.555588,-173.252090,0.699350,0.807189,0.385844
1208,20.133333,173.775513,19.368380,-173.606537,0.699375,0.807083,0.383632
1209,20.150000,174.251129,18.877918,-174.009659,0.699537,0.807256,0.381134
1210,20.166667,174.151474,19.076124,-173.586487,0.699253,0.807123,0.379258
1211,20.183333,174.186523,18.583431,-173.450226,0.699201,0.806986,0.377468
1212,20.200000,174.985764,18.015280,-174.478989,0.699687,0.806751,0.374486
1213,20.216667,174.786865,17.786539,-174.108734,0.699214,0.806692,0.372614
1214,20.233333,174.647141,17.433638,-174.369659,0.699212,0.806530,0.370343
1215,20.250000,174.506378,17.325724,-175.169235,0.700050,0.806159,0.368854
1216,20.266667,174.607758,16.929884,-174.944199,0.699895,0.806174,0.366654
1217,20.283333,174.367432,16.712311,-174.822891,0.699214,0.806196,0.364622
1218,20.300000,173.945648,16.296936,-174.358795,0.698795,0.805595,0.362663
1219,20.316667,174.096390,15.833752,-173.773682,0.697906,0.805385,0.360420
1220,20.333333,174.305038,15.388152,-174.571014,0.698038,0.805572,0.358382
1221,20.350000,174.933121,14.984433,-174.989319,0.698443,0.805383,0.355611
1222,20.366667,174.921585,14.588159,-174.660126,0.698540,0.804731,0.353551
1223,20.383333,175.087753,14.363937,-173.929916,0.697111,0.803771,0.351134
1224,20.400000,174.670868,14.003878,-175.162384,0.697702,0.803953,0.349882
1225,20.416667,174.912521,13.705084,-175.620911,0.698066,0.804033,0.347739
1226,20.433333,174.828613,13.229844,-174.367310,0.696994,0.802436,0.345234
1227,20.450000,174.730057,12.931515,-175.178070,0.697333,0.802331,0.343480
1228,20.466667,174.745468,12.381977,-174.765594,0.696659,0.801950,0.340964
1229,20.483333,174.655334,12.118107,-174.415665,0.695936,0.801886,0.339237
1230,20.500000,174.797653,11.799877,-173.824402,0.695484,0.800827,0.336559
1231,20.516667,174.488464,11.489093,-173.587677,0.694374,0.800831,0.335153
1232,20.533333,174.936401,10.887042,-174.190811,0.695006,0.800082,0.332578
1233,20.550000,174.975677,10.752111,-174.681549,0.695553,0.799535,0.330491
1234,20.566667,175.122620,10.179472,-174.943787,0.695428,0.799805,0.328425
1235,20.583333,175.075974,9.755837,-174.528473,0.694509,0.799663,0.326315
1236,20.600000,174.782120,9.344640,-174.562973,0.694030,0.799954,0.324726
1237,20.616667,174.667389,8.925355,-174.923767,0.694768,0.799387,0.322763
1238,20.633333,174.650116,8.554348,-175.009186,0.694533,0.799107,0.320692
1239,20.650000,174.717010,8.285344,-174.228455,0.693266,0.799832,0.318299
1240,20.666667,174.437515,7.711269,-174.630692,0.693927,0.799937,0.316816
1241,20.683333,174.536499,7.342602,-174.309189,0.693294,0.800276,0.314381
1242,20.700000,174.774323,6.923836,-174.601334,0.693368,0.800550,0.312209
1243,20.716667,174.695526,6.476390,-174.439178,0.692867,0.801132,0.310690
1244,20.733333,174.979401,6.165748,-174.685944,0.693140,0.801511,0.308040
1245,20.750000,175.188614,5.658531,-174.021118,0.692143,0.801965,0.305598
1246,20.766667,175.213684,5.118484,-174.836349,0.692933,0.802336,0.303919
1247,20.783333,174.949829,4.807487,-174.296844,0.691983,0.802944,0.301967
1248,20.800000,174.849121,4.563068,-174.989899,0.692913,0.802806,0.300155
1249,20.816667,174.957184,3.941840,-175.106232,0.693292,0.802926,0.298146
1250,20.833333,174.721634,3.670223,-174.419647,0.692392,0.802953,0.296096
1251,20.850000,174.954971,3.259214,-174.631836,0.692877,0.803124,0.293885
1252,20.866667,175.116974,2.819358,-174.945358,0.693209,0.802771,0.291674
1253,20.883333,175.149231,2.310136,-175.193619,0.693436,0.803024,0.289570
1254,20.900000,175.137543,2.044517,-175.094864,0.693543,0.802666,0.287777
1255,20.916667,174.769943,1.783652,-175.251907,0.693733,0.802209,0.286465
1256,20.933333,174.971069,1.411541,-176.056259,0.694691,0.802396,0.284158
1257,20.950000,175.182434,0.895359,-176.067657,0.695026,0.801934,0.282009
1258,20.966667,175.470093,0.422430,-175.447235,0.694177,0.801371,0.279654
1259,20.983333,175.131638,-0.004587,-175.987610,0.694839,0.800959,0.278200
1260,21.000000,174.707642,-0.287998,-174.861526,0.693521,0.800780,0.276809
1261,21.016667,175.377060,-0.752666,-175.381561,0.694189,0.800872,0.273956
1262,21.033333,175.226974,-1.342321,-175.318985,0.694770,0.800093,0.272373
1263,21.050000,175.485962,-1.710621,-175.697006,0.695203,0.799973,0.270359
1264,21.066667,175.603943,-2.000712,-175.247269,0.695002,0.799169,0.268510
1265,21.083333,175.511353,-2.380537,-175.354568,0.695205,0.799217,0.266908
1266,21.100000,175.838837,-2.790452,-175.502899,0.695187,0.799110,0.265001
1267,21.116667,176.288071,-3.319703,-176.461075,0.696343,0.798431,0.262498
1268,21.133333,175.791397,-3.557958,-176.290039,0.696387,0.798608,0.261354
1269,21.150000,175.708115,-3.769195,-176.325134,0.696555,0.798274,0.259972
1270,21.166667,175.447876,-4.175835,-175.950455,0.696354,0.797838,0.258760
1271,21.183333,175.796005,-4.776609,-176.227386,0.697120,0.797125,0.256752
1272,21.200000,175.932205,-5.199260,-175.628754,0.696564,0.796771,0.255019
1273,21.216667,175.528412,-5.494041,-175.960724,0.697557,0.796654,0.254155
1274,21.233333,175.604492,-5.911007,-176.438675,0.698253,0.796208,0.252686
1275,21.250000,175.754013,-6.272766,-176.073929,0.697870,0.795992,0.251188
1276,21.266667,176.022049,-6.720175,-176.199097,0.698282,0.795724,0.249515
1277,21.283333,176.097137,-7.289853,-175.951859,0.698380,0.795330,0.248267
1278,21.300000,175.983734,-7.608151,-176.578796,0.699038,0.795195,0.247174
1279,21.316667,176.017151,-8.070792,-176.642731,0.699169,0.795178,0.245942
1280,21.333333,175.781464,-8.463879,-176.822998,0.699668,0.795278,0.244907
1281,21.350000,175.747620,-8.782552,-176.520523,0.699684,0.795268,0.243791
1282,21.366667,175.461960,-9.128073,-176.547012,0.700127,0.795454,0.243036
1283,21.383333,175.118622,-9.365744,-175.879791,0.699645,0.795540,0.242448
1284,21.400000,175.302475,-10.004718,-176.460922,0.700922,0.795307,0.240964
1285,21.416667,175.263046,-10.620605,-176.444443,0.701039,0.795435,0.240251
1286,21.433333,174.951065,-10.758795,-176.175781,0.701079,0.795535,0.239750
1287,21.450000,174.827011,-11.093522,-176.675079,0.701883,0.795422,0.238837
1288,21.466667,175.182037,-11.433181,-176.705994,0.702102,0.795329,0.237359
1289,21.483333,175.249374,-11.818573,-176.928787,0.702593,0.795336,0.236471
1290,21.500000,175.228638,-12.175200,-176.956375,0.703276,0.795129,0.235489
1291,21.516667,175.150208,-12.543974,-176.681152,0.703209,0.795160,0.234656
1292,21.533333,175.070435,-12.940034,-175.596542,0.701771,0.795361,0.234200
1293,21.550000,175.055573,-13.237763,-176.347931,0.703581,0.795590,0.233087
1294,21.566667,174.933044,-13.632278,-176.337662,0.704033,0.795367,0.232518
1295,21.583333,174.739853,-13.959568,-176.366425,0.704390,0.795221,0.231782
1296,21.600000,174.544113,-14.435713,-176.746582,0.705668,0.795440,0.230973
1297,21.616667,174.574417,-14.709854,-176.586136,0.706009,0.795199,0.230130
1298,21.633333,174.455750,-14.983002,-176.769897,0.706734,0.795073,0.229313
1299,21.650000,174.503098,-15.376775,-177.021118,0.707639,0.795010,0.228206
1300,21.666667,174.850021,-15.694298,-177.186829,0.708458,0.794608,0.226881
1301,21.683333,174.795013,-16.028296,-177.346924,0.709305,0.794405,0.226050
1302,21.700000,174.809158,-16.469280,-177.210922,0.709848,0.794336,0.225176
1303,21.716667,174.691849,-16.761366,-176.839249,0.709946,0.794592,0.224525
1304,21.733333,174.754425,-17.120529,-176.671677,0.710525,0.794714,0.223509
1305,21.750000,174.760834,-17.393795,-176.645828,0.711284,0.794514,0.222484
1306,21.766667,174.761688,-17.669056,-176.007141,0.710990,0.794519,0.221803
1307,21.783333,174.657516,-18.011324,-176.435471,0.712726,0.794846,0.220837
1308,21.800000,174.464996,-18.229889,-176.586182,0.713741,0.795190,0.220140
1309,21.816667,174.710648,-18.597471,-176.889999,0.714859,0.794994,0.218809
1310,21.833333,174.645355,-18.850180,-177.886139,0.717052,0.794416,0.217548
1311,21.850000,174.826019,-19.285311,-177.959015,0.717906,0.794286,0.216295
1312,21.866667,174.593246,-19.586332,-178.503998,0.719370,0.794072,0.215494
1313,21.883333,174.388306,-19.706335,-177.701233,0.719223,0.794676,0.214952
1314,21.900000,174.446167,-20.093666,-177.048752,0.719718,0.794817,0.213829
1315,21.916667,174.758621,-20.440714,-177.027512,0.720618,0.794699,0.212496
1316,21.933333,174.726807,-20.591896,-177.114655,0.721901,0.794498,0.211333
1317,21.950000,174.732025,-21.011599,-176.857117,0.722748,0.795125,0.210349
1318,21.966667,174.862976,-21.377491,-176.769821,0.723966,0.795142,0.209204
1319,21.983333,174.790451,-21.592144,-176.788834,0.724966,0.795195,0.208414
1320,22.000000,174.876328,-21.880951,-177.035629,0.726390,0.795233,0.207172
1321,22.016667,174.687057,-22.027424,-177.354584,0.727766,0.795275,0.206228
1322,22.033333,174.799484,-22.350405,-177.448502,0.729070,0.795452,0.204971
1323,22.050000,174.757095,-22.638842,-177.717438,0.730691,0.795621,0.203907
1324,22.066667,174.898804,-22.921635,-177.277878,0.731257,0.795751,0.202789
1325,22.083333,174.934143,-23.366302,-177.037338,0.732513,0.795538,0.201722
1326,22.100000,174.735367,-23.562862,-177.094925,0.734105,0.795293,0.200908
1327,22.116667,174.998001,-23.854715,-176.694489,0.734977,0.794882,0.199740
1328,22.133333,174.810791,-24.045597,-176.900330,0.736857,0.795138,0.198566
1329,22.150000,175.134247,-24.250126,-176.812439,0.738368,0.794930,0.197018
1330,22.166667,174.993896,-24.522631,-176.705429,0.739714,0.795117,0.196369
1331,22.183333,175.206573,-24.766932,-177.002075,0.741623,0.795174,0.195151
1332,22.200000,175.131790,-25.020338,-177.789139,0.744443,0.795560,0.193747
1333,22.216667,175.006226,-25.040129,-177.815903,0.745928,0.796072,0.192912
1334,22.233333,175.453461,-25.420021,-176.987274,0.746244,0.797105,0.191806
1335,22.250000,174.946411,-25.560343,-177.860550,0.749286,0.797189,0.190961
1336,22.266667,174.940277,-25.831793,-177.622452,0.750825,0.797934,0.189982
1337,22.283333,175.510788,-26.186924,-177.186539,0.752310,0.797991,0.188387
1338,22.300000,175.285080,-26.251257,-177.675537,0.754880,0.798820,0.187482
1339,22.316667,175.553085,-26.392115,-176.935623,0.756236,0.799120,0.186587
1340,22.333333,175.481277,-26.656855,-177.162003,0.758576,0.799731,0.185615
1341,22.350000,175.607635,-26.995256,-177.319046,0.760821,0.800260,0.184513
1342,22.366667,175.677078,-27.282360,-177.057190,0.762542,0.800411,0.183827
1343,22.383333,175.671448,-27.273184,-177.411850,0.765093,0.801052,0.182838
1344,22.400000,174.914703,-27.468729,-178.028015,0.768047,0.801912,0.182859
1345,22.416667,175.519653,-27.528633,-177.355988,0.769544,0.802203,0.181422
1346,22.433333,175.581848,-27.764521,-177.412491,0.771743,0.803075,0.180558
1347,22.450000,175.418793,-28.162197,-177.495056,0.774360,0.803242,0.180060
1348,22.466667,175.479950,-28.250521,-176.912338,0.776297,0.803726,0.179480
1349,22.483333,175.328522,-28.266619,-177.432037,0.779350,0.804425,0.178682
1350,22.500000,175.551239,-28.690702,-176.776413,0.780935,0.804838,0.178121
1351,22.516667,175.463181,-28.847185,-177.256165,0.783867,0.804912,0.177189
1352,22.533333,175.270905,-29.063210,-177.610413,0.787288,0.805536,0.176527
1353,22.550000,175.515274,-29.222729,-177.201447,0.789186,0.805516,0.175907
1354,22.566667,175.412643,-29.390430,-177.038239,0.791713,0.806249,0.175596
1355,22.583333,175.540024,-29.618956,-177.411819,0.794840,0.805917,0.174657
1356,22.600000,175.227417,-29.575029,-177.852249,0.798246,0.805035,0.174203
1357,22.616667,175.022964,-29.603113,-177.616043,0.800525,0.805982,0.174312
1358,22.633333,175.133743,-29.875477,-177.904434,0.804180,0.805593,0.173555
1359,22.650000,175.497498,-29.748978,-178.121170,0.807419,0.804947,0.172586
1360,22.666667,175.467331,-30.174786,-177.931366,0.810119,0.804873,0.172469
1361,22.683333,175.324142,-30.109755,-177.951843,0.813230,0.804723,0.171914
1362,22.700000,175.598221,-30.356274,-177.979675,0.816065,0.804343,0.171350
1363,22.716667,175.731842,-30.641848,-178.241470,0.819775,0.803852,0.170777
1364,22.733333,175.375046,-30.728399,-178.422729,0.822628,0.804068,0.170933
1365,22.750000,175.237625,-30.826509,-178.688782,0.826174,0.804027,0.170579
1366,22.766667,175.790955,-30.869856,-178.391968,0.828664,0.803162,0.169951
1367,22.783333,174.937912,-31.032438,-179.158844,0.832858,0.803743,0.170348
1368,22.800000,175.032181,-31.002981,-179.011292,0.835490,0.803558,0.170260
1369,22.816667,175.287018,-31.096252,-179.246124,0.838999,0.802758,0.169283
1370,22.833333,175.082077,-31.191671,-178.962173,0.841730,0.803139,0.169997
1371,22.850000,175.168091,-31.624838,-178.722321,0.844779,0.803314,0.169938
1372,22.866667,175.211029,-31.428471,-179.595505,0.849184,0.802342,0.168837
1373,22.883333,175.141174,-31.493149,-178.712280,0.851067,0.802580,0.169770
1374,22.900000,174.537048,-31.745768,-179.253250,0.855317,0.802359,0.170221
1375,22.916667,174.714691,-31.658268,-179.680328,0.858488,0.802081,0.169636
1376,22.933333,174.118301,-31.826651,-179.639175,0.861679,0.802700,0.170522
1377,22.950000,174.092331,-32.116409,-179.736389,0.865093,0.802629,0.170512
1378,22.966667,174.021194,-31.975889,-179.877121,0.868106,0.802670,0.170499
1379,22.983333,173.949692,-32.009346,-179.958374,0.871174,0.803042,0.170720
1380,23.000000,173.952454,-32.399929,-179.664734,0.874233,0.803522,0.171110
1381,23.016667,174.192200,-32.256641,-179.921524,0.877467,0.803341,0.170493
1382,23.033333,173.859879,-32.477375,-179.449814,0.880075,0.804582,0.171569
1383,23.050000,174.116211,-32.629501,-179.526154,0.883209,0.804782,0.171416
1384,23.066667,173.956772,-32.549454,179.766678,0.886829,0.804989,0.171022
1385,23.083333,173.876648,-32.616142,-179.783844,0.889022,0.805692,0.171948
1386,23.100000,173.485229,-32.725704,179.359711,0.893239,0.806215,0.171960
1387,23.116667,174.240204,-32.829620,179.656784,0.895238,0.806151,0.171200
1388,23.133333,173.558441,-32.910244,179.518616,0.898641,0.807360,0.172257
1389,23.150000,173.562653,-32.999237,179.449738,0.901220,0.807770,0.172348
1390,23.166667,173.406860,-33.047626,179.505096,0.904166,0.807884,0.172556
1391,23.183333,173.771698,-32.975418,179.721725,0.906415,0.807820,0.172385
1392,23.200000,173.723633,-33.447296,179.974579,0.909356,0.808548,0.172882
1393,23.216667,173.260025,-33.151680,179.854706,0.911879,0.808869,0.173388
1394,23.233333,173.633438,-33.248348,179.671906,0.914521,0.808207,0.172661
1395,23.250000,173.256927,-33.421352,179.325302,0.917627,0.809145,0.173206
1396,23.266667,173.218292,-33.663078,179.290390,0.920335,0.809331,0.173423
1397,23.283333,173.230301,-33.542133,179.434219,0.922320,0.809544,0.173602
1398,23.300000,173.148697,-33.456512,-179.988525,0.924233,0.809506,0.174264
1399,23.316667,173.355850,-33.839043,179.496613,0.927177,0.809358,0.174198
1400,23.333333,173.051468,-34.027500,178.823807,0.930081,0.809415,0.174364
1401,23.350000,173.761093,-33.590691,179.959183,0.931156,0.808643,0.174014
1402,23.366667,173.417328,-33.592224,179.342651,0.934237,0.808630,0.174016
1403,23.383333,173.085876,-34.019894,179.619476,0.935859,0.809371,0.175105
1404,23.400000,173.318893,-34.251598,179.446487,0.938330,0.808731,0.174875
1405,23.416667,173.217636,-34.204437,179.281174,0.940779,0.808833,0.174966
1406,23.433333,173.515259,-33.946529,179.336090,0.942353,0.808250,0.174482
1407,23.450000,173.746872,-34.148872,178.874908,0.944944,0.807725,0.173886
1408,23.466667,173.522491,-34.380028,179.685852,0.946200,0.808101,0.175399
1409,23.483333,173.295456,-34.420757,178.869614,0.948635,0.808654,0.175357
1410,23.500000,173.494156,-34.417751,178.786057,0.950226,0.808013,0.175292
1411,23.516667,173.438263,-34.260342,178.881760,0.952109,0.807553,0.175346
1412,23.533333,173.940781,-34.248135,179.043640,0.953336,0.807184,0.174765
1413,23.550000,173.999802,-34.630013,179.107895,0.955646,0.807135,0.175209
1414,23.566667,174.246796,-34.403984,178.799423,0.957184,0.806717,0.174700
1415,23.583333,173.915207,-34.606602,178.732376,0.958505,0.807088,0.175502
1416,23.600000,173.745193,-34.756908,179.246521,0.959545,0.807158,0.176435
1417,23.616667,174.307770,-34.385948,179.995514,0.960506,0.806430,0.176353
1418,23.633333,174.269348,-34.412033,179.106598,0.962550,0.806277,0.176161
1419,23.650000,174.771851,-34.624989,179.134872,0.963946,0.806058,0.176075
1420,23.666667,175.274490,-34.666378,179.462967,0.964626,0.805679,0.176529
1421,23.683333,174.702301,-34.906406,179.198547,0.966301,0.806251,0.177578
1422,23.700000,174.813980,-35.039654,179.294327,0.967309,0.806306,0.177908
1423,23.716667,175.742035,-34.854713,179.982529,0.967854,0.805064,0.178234
1424,23.733333,174.880875,-34.873329,179.954132,0.969843,0.805513,0.179782
1425,23.750000,175.095657,-34.863098,-179.950928,0.970398,0.805071,0.180186
1426,23.766667,174.788696,-34.870384,-179.912109,0.971426,0.805034,0.181323
1427,23.783333,174.958359,-35.274315,-179.858063,0.972692,0.804898,0.182201
1428,23.800000,175.000305,-35.110634,-179.907806,0.973529,0.804551,0.183066
1429,23.816667,174.860016,-34.770496,179.818329,0.974658,0.804791,0.183996
1430,23.833333,175.103531,-35.082382,179.683960,0.975711,0.805179,0.184713
1431,23.850000,174.837692,-35.021496,179.640884,0.977007,0.805646,0.186124
1432,23.866667,175.411758,-35.190346,-179.527344,0.976871,0.805576,0.187520
1433,23.883333,175.316498,-35.198788,-179.583237,0.977742,0.805597,0.188720
1434,23.900000,174.680222,-35.143867,-179.629410,0.979152,0.806285,0.190808
1435,23.916667,175.238007,-35.202560,-178.896942,0.979485,0.806848,0.192120
1436,23.933333,174.884705,-34.977776,-179.524673,0.980772,0.806983,0.193622
1437,23.950000,174.333389,-34.784000,179.209351,0.983348,0.806527,0.194499
1438,23.966667,175.034180,-35.052299,-178.542831,0.981892,0.807849,0.197312
1439,23.983333,174.668030,-34.909004,-179.928513,0.984013,0.807964,0.198250
1440,24.000000,175.178482,-35.009560,-179.616867,0.985073,0.808343,0.199444
1441,24.016667,174.276703,-34.586266,-179.864182,0.986076,0.808988,0.202032
1442,24.033333,174.701263,-34.914654,-179.970657,0.987399,0.809680,0.203487
1443,24.050000,174.793182,-34.838478,-179.503738,0.987694,0.810282,0.205566
1444,24.066667,175.261932,-35.010372,-178.652359,0.987528,0.811521,0.208132
1445,24.083333,174.801880,-34.939396,-179.508713,0.989769,0.811834,0.209568
1446,24.100000,175.042542,-34.883774,-178.727936,0.990291,0.812869,0.211932
1447,24.116667,175.586365,-34.966740,-178.691010,0.990714,0.813725,0.213235
1448,24.133333,174.693832,-34.660110,-179.422104,0.993011,0.814239,0.215737
1449,24.150000,174.412445,-34.469257,-178.878540,0.993278,0.815422,0.218597
1450,24.166667,173.833923,-34.181004,-179.464920,0.994868,0.815944,0.221190
1451,24.183333,174.737976,-34.487236,179.890793,0.996335,0.815729,0.222031
1452,24.200000,174.107407,-34.152508,-179.580078,0.997298,0.816594,0.225339
1453,24.216667,174.531693,-34.163559,-179.499283,0.998170,0.817121,0.227070
1454,24.233333,175.006348,-34.145985,-179.060379,0.998290,0.817695,0.229107
1455,24.250000,174.268600,-34.191051,-179.394485,0.999304,0.818344,0.232518
1456,24.266667,174.035690,-33.604362,179.837799,1.001641,0.819001,0.234426
1457,24.283333,173.897614,-33.914238,179.360687,1.002937,0.820094,0.236762
1458,24.300000,174.003952,-33.806679,179.818787,1.003410,0.820362,0.239532
1459,24.316667,174.542282,-33.925854,179.845215,1.004145,0.821293,0.241189
1460,24.333333,173.873657,-33.502251,179.786697,1.004953,0.822027,0.244795
1461,24.350000,174.020889,-33.576771,179.534729,1.005789,0.822523,0.247072
1462,24.366667,173.975998,-33.317760,179.567505,1.006497,0.823175,0.249883
1463,24.383333,174.417847,-33.013428,179.591125,1.007176,0.822670,0.251989
1464,24.400000,174.379059,-32.985157,178.816574,1.008662,0.823954,0.254393
1465,24.416667,174.475952,-32.938053,179.672852,1.008464,0.824623,0.257605
1466,24.433333,174.241089,-32.923912,179.356949,1.009603,0.824870,0.260478
1467,24.450000,173.878418,-32.557991,178.673752,1.010916,0.825648,0.263506
1468,24.466667,173.647079,-32.628220,178.724838,1.011096,0.826088,0.266530
1469,24.483333,174.115707,-32.382599,179.759155,1.010504,0.826667,0.269425
1470,24.500000,174.073013,-32.317509,-179.646774,1.010088,0.827212,0.272810
1471,24.516667,173.151917,-31.999983,178.891434,1.012095,0.827264,0.275910
1472,24.533333,173.655762,-31.656357,179.249985,1.011720,0.827361,0.278508
1473,24.550000,173.887054,-31.823235,179.869370,1.011633,0.828285,0.282149
1474,24.566667,173.802368,-31.376558,179.417389,1.012250,0.828781,0.284704
1475,24.583333,173.757431,-31.148741,179.707062,1.011902,0.828946,0.288211
1476,24.600000,174.244781,-31.138313,179.828903,1.012181,0.829326,0.291057
1477,24.616667,173.375061,-30.749750,178.408844,1.013385,0.829166,0.294397
1478,24.633333,174.401596,-30.668558,179.528381,1.012082,0.829605,0.296812
1479,24.650000,174.307953,-30.702677,179.722397,1.011825,0.830359,0.301024
1480,24.666667,173.962723,-30.258537,179.664597,1.011519,0.830653,0.304195
1481,24.683333,173.950897,-30.302500,179.527359,1.011968,0.830621,0.307198
1482,24.700000,173.749481,-29.879345,179.913269,1.010834,0.831876,0.311046
1483,24.716667,173.954727,-29.598305,-179.541779,1.009844,0.832540,0.314225
1484,24.733333,173.512192,-29.362694,-179.893082,1.010096,0.832564,0.317830
1485,24.750000,173.199249,-29.161114,179.452011,1.010143,0.833601,0.321202
1486,24.766667,173.407349,-29.073507,179.869080,1.009661,0.834487,0.324612
1487,24.783333,173.700211,-28.590342,-179.720627,1.008553,0.835042,0.327545
1488,24.800000,173.302704,-28.466473,-179.946426,1.008337,0.835908,0.331422
1489,24.816667,173.341782,-28.467176,-179.959824,1.008121,0.836400,0.334465
1490,24.833333,173.203171,-28.251774,-179.518478,1.006337,0.837729,0.338016
1491,24.850000,173.210724,-27.683954,-179.347733,1.005639,0.838251,0.341492
1492,24.866667,172.924667,-27.629156,-178.671692,1.004284,0.839485,0.344929
1493,24.883333,172.895966,-27.314518,-178.696213,1.003867,0.840249,0.348084
1494,24.900000,172.267975,-26.883459,-179.173294,1.003424,0.841542,0.351528
1495,24.916667,172.296890,-26.799471,-179.286865,1.002816,0.842560,0.354491
1496,24.933333,171.914627,-26.238791,-178.470367,1.001441,0.843622,0.358471
1497,24.950000,172.770782,-25.975225,-178.936951,1.000961,0.843558,0.359861
1498,24.966667,172.673035,-25.567482,-178.484528,0.999744,0.844817,0.363199
1499,24.983333,172.839203,-25.713121,-179.104691,0.999794,0.845233,0.365559
1500,25.000000,173.163254,-25.093395,-178.519974,0.998378,0.845320,0.368185
1501,25.016667,172.780777,-24.668758,-178.632050,0.997632,0.846265,0.371081
1502,25.033333,173.084290,-24.448040,-178.148270,0.996533,0.846764,0.373571
1503,25.050000,172.949326,-24.061993,-177.491043,0.994614,0.847358,0.376410
1504,25.066667,173.028137,-23.787575,-177.364563,0.994130,0.847753,0.378502
1505,25.083333,172.486694,-23.238417,-177.985825,0.994085,0.848210,0.381087
1506,25.100000,172.464279,-22.816103,-178.118835,0.993532,0.848476,0.383549
1507,25.116667,172.674881,-22.663811,-178.354858,0.992556,0.848946,0.385468
1508,25.133333,173.009903,-22.336470,-178.160400,0.991698,0.848876,0.387140
1509,25.150000,173.227432,-21.731140,-178.423599,0.991220,0.847966,0.388676
1510,25.166667,173.361786,-21.219864,-178.544098,0.990368,0.847547,0.390610
1511,25.183333,173.428391,-20.883337,-178.990799,0.989635,0.847667,0.392598
1512,25.200000,173.420792,-20.622589,-178.509033,0.988888,0.846652,0.394930
1513,25.216667,173.849838,-20.282583,-177.895004,0.987162,0.845376,0.396209
1514,25.233333,173.335663,-19.580185,-178.041260,0.986397,0.844913,0.398682
1515,25.250000,173.006577,-19.174810,-179.023270,0.986607,0.843704,0.400359
1516,25.266667,173.056381,-18.919794,-179.577515,0.986199,0.843007,0.401777
1517,25.283333,173.581482,-18.423962,-178.929871,0.984495,0.842316,0.403268
1518,25.300000,173.503326,-17.941412,-178.737579,0.983030,0.841923,0.405417
1519,25.316667,173.828873,-17.609550,-178.559296,0.981520,0.841104,0.406774
1520,25.333333,173.963669,-17.171432,-179.280731,0.981530,0.839954,0.408225
1521,25.350000,174.119293,-16.751343,-179.132935,0.980186,0.839401,0.409726
1522,25.366667,174.161285,-16.088112,-179.302155,0.978990,0.838548,0.411073
1523,25.383333,174.049622,-15.803590,-179.365616,0.977976,0.837694,0.413032
1524,25.400000,174.100067,-15.238055,-179.019791,0.976103,0.837241,0.414695
1525,25.416667,174.067856,-14.769389,-179.628723,0.975322,0.835472,0.415847
1526,25.433333,173.930847,-14.552026,-178.563889,0.972713,0.836139,0.418277
1527,25.450000,173.828857,-13.802239,-179.144791,0.971978,0.834909,0.419834
1528,25.466667,174.219788,-13.054529,-179.317413,0.970052,0.834144,0.420408
1529,25.483333,174.086334,-12.904788,-178.835190,0.968216,0.834206,0.422561
1530,25.500000,174.349350,-12.356086,-178.559860,0.966101,0.833531,0.423984
1531,25.516667,174.205872,-11.896960,-178.516144,0.964308,0.832949,0.425889
1532,25.533333,174.098724,-11.445420,-178.175003,0.961803,0.832884,0.427570
1533,25.550000,174.623672,-11.045864,-177.450180,0.958750,0.832152,0.428430
1534,25.566667,174.004349,-10.399715,-177.811111,0.957655,0.832457,0.430841
1535,25.583333,173.804153,-9.982357,-177.497818,0.955617,0.832469,0.432760
1536,25.600000,173.904388,-9.513211,-177.862823,0.954187,0.832506,0.433675
1537,25.616667,173.649170,-8.664294,-177.021439,0.950607,0.832885,0.435304
1538,25.633333,173.499634,-8.504783,-176.630875,0.947699,0.833391,0.437322
1539,25.650000,173.985107,-8.214699,-176.757004,0.945418,0.833094,0.437853
1540,25.666667,173.869354,-7.517353,-176.804413,0.943788,0.833472,0.439541
1541,25.683333,173.738815,-6.801914,-177.075104,0.941898,0.833570,0.440976
1542,25.700000,174.214722,-6.343650,-176.829910,0.939008,0.833686,0.441819
1543,25.716667,173.854019,-5.727815,-177.202469,0.937293,0.833644,0.443193
1544,25.733333,173.696640,-5.239824,-176.070175,0.933731,0.834084,0.444874
1545,25.750000,174.136917,-4.829751,-176.362106,0.931475,0.834342,0.445759
1546,25.766667,174.285156,-4.211064,-175.594620,0.928834,0.834259,0.446340
1547,25.783333,174.240479,-3.686427,-176.634323,0.927246,0.834945,0.447517
1548,25.800000,174.058548,-3.093706,-176.250565,0.924238,0.835063,0.448869
1549,25.816667,173.882553,-2.761096,-176.443939,0.922673,0.835332,0.449900
1550,25.833333,173.668808,-2.052989,-176.299850,0.919864,0.836188,0.451131
1551,25.850000,174.370682,-1.673581,-176.520172,0.917477,0.836003,0.451319
1552,25.866667,173.565155,-1.138913,-176.609711,0.915212,0.836501,0.453375
1553,25.883333,174.458939,-0.564424,-176.543747,0.912339,0.836765,0.453067
1554,25.900000,174.212921,0.159900,-175.973877,0.909245,0.836233,0.454165
1555,25.916667,174.074005,0.782947,-175.411270,0.906235,0.836075,0.455014
1556,25.933333,173.975693,1.100873,-175.970001,0.904540,0.836173,0.455816
1557,25.950000,173.938644,1.722163,-174.689880,0.900212,0.836018,0.456282
1558,25.966667,173.601410,2.164821,-174.152130,0.897675,0.836217,0.457374
1559,25.983333,173.615097,2.970655,-175.398376,0.896547,0.836137,0.457991
1560,26.000000,173.573898,3.266217,-175.015930,0.893344,0.836575,0.458670
1561,26.016667,173.297577,3.883926,-175.591873,0.891910,0.835956,0.459564
1562,26.033333,173.727814,4.341195,-174.904938,0.888108,0.836164,0.459427
1563,26.050000,173.675491,5.083066,-174.921783,0.885545,0.835938,0.459890
1564,26.066667,173.686447,5.593323,-175.009491,0.883556,0.835638,0.460463
1565,26.083333,173.899567,6.198635,-174.848480,0.880911,0.835265,0.460445
1566,26.100000,173.673111,6.445200,-174.258057,0.877778,0.835927,0.460997
1567,26.116667,174.181488,6.826988,-174.772461,0.875970,0.836065,0.460988
1568,26.133333,173.810272,7.419278,-174.296570,0.873382,0.835448,0.461342
1569,26.150000,173.414124,7.972057,-174.014023,0.870974,0.835170,0.461730
1570,26.166667,173.798279,8.614082,-174.075760,0.868265,0.835467,0.461561
1571,26.183333,173.847168,9.118318,-173.453522,0.865462,0.835388,0.461615
1572,26.200000,173.799515,9.697641,-174.087479,0.863553,0.835660,0.461560
1573,26.216667,173.688721,10.317031,-173.272156,0.860224,0.835404,0.461959
1574,26.233333,173.642090,10.804577,-174.332626,0.859829,0.835430,0.462402
1575,26.250000,173.839432,11.630841,-174.096924,0.857557,0.834664,0.462075
1576,26.266667,173.792618,12.017711,-173.571671,0.854313,0.834599,0.461981
1577,26.283333,173.942825,12.428740,-173.407791,0.852400,0.834372,0.461618
1578,26.300000,174.066086,13.161203,-173.624146,0.850523,0.833810,0.461208
1579,26.316667,173.946335,13.464537,-174.002563,0.849060,0.833256,0.461214
1580,26.333333,173.961426,14.154359,-173.956711,0.847135,0.833005,0.460863
1581,26.350000,173.368011,14.371997,-173.435516,0.844743,0.832743,0.461377
1582,26.366667,173.860046,15.135060,-173.566635,0.842438,0.832510,0.460677
1583,26.383333,173.956528,15.486942,-173.993073,0.841204,0.831908,0.460733
1584,26.400000,173.968719,16.133421,-174.153656,0.839309,0.831601,0.460585
1585,26.416667,174.206757,16.539518,-174.041809,0.837132,0.831443,0.459939
1586,26.433333,174.334396,16.957264,-174.028442,0.834818,0.831698,0.459438
1587,26.450000,174.703857,17.582081,-174.842880,0.834164,0.830910,0.459143
1588,26.466667,174.170380,18.255836,-173.894638,0.831801,0.829970,0.459430
1589,26.483333,174.298553,18.553106,-174.293152,0.830351,0.829659,0.458890
1590,26.500000,173.951736,19.181860,-173.625336,0.827298,0.829035,0.458297
1591,26.516667,173.552322,19.866571,-173.537598,0.825883,0.828328,0.458645
1592,26.533333,173.904083,20.101730,-173.785629,0.823840,0.828594,0.458169
1593,26.550000,174.059769,20.664450,-173.766998,0.822595,0.828025,0.457589
1594,26.566667,173.858994,21.250978,-173.805969,0.820685,0.827840,0.457574
1595,26.583333,174.236633,21.436998,-173.730682,0.818710,0.827748,0.456736
1596,26.600000,174.301941,21.919226,-173.442398,0.816774,0.827931,0.456328
1597,26.616667,174.806641,22.263927,-173.431549,0.815042,0.827812,0.455563
1598,26.633333,174.631973,22.918285,-173.163544,0.812637,0.827722,0.454922
1599,26.650000,174.416183,23.306271,-173.721130,0.811813,0.827523,0.454965
1600,26.666667,173.963364,23.732044,-173.636841,0.809572,0.829065,0.455211
1601,26.683333,174.083679,23.914103,-172.088531,0.807072,0.828806,0.453982
1602,26.700000,174.113174,24.253004,-172.090881,0.805324,0.829305,0.453665
1603,26.716667,174.357239,24.999611,-172.641724,0.804349,0.829332,0.453380
1604,26.733333,174.151443,25.356907,-171.823166,0.801929,0.829799,0.452810
1605,26.750000,174.000641,25.953257,-171.966934,0.800722,0.830203,0.452697
1606,26.766667,174.110413,26.362005,-172.711700,0.799325,0.830918,0.452814
1607,26.783333,174.124893,26.719109,-173.280334,0.798422,0.830533,0.452550
1608,26.800000,173.991074,27.154110,-172.388657,0.796036,0.830549,0.451894
1609,26.816667,174.257370,27.714813,-173.355972,0.795696,0.830320,0.451469
1610,26.833333,173.625092,27.719601,-172.361267,0.792797,0.830573,0.451679
1611,26.850000,173.384781,28.289568,-172.195938,0.791368,0.830194,0.451053
1612,26.866667,173.725128,28.455038,-172.241852,0.790716,0.829323,0.450476
1613,26.883333,172.807388,28.963100,-171.800735,0.789183,0.829054,0.450586
1614,26.900000,172.451828,29.433546,-171.679214,0.787062,0.829023,0.450468
1615,26.916667,172.788086,29.784786,-171.642548,0.785737,0.828989,0.449640
1616,26.933333,172.655701,30.014311,-171.186905,0.784206,0.829209,0.449186
1617,26.950000,173.266632,30.442444,-171.776627,0.784107,0.828604,0.448394
1618,26.966667,172.970718,30.589750,-171.431564,0.782570,0.829211,0.447940
1619,26.983333,173.090149,31.223640,-172.050064,0.781820,0.829338,0.447629
1620,27.000000,173.224594,31.537664,-171.842499,0.780514,0.829305,0.446479
1621,27.016667,172.851654,31.759558,-171.465317,0.779429,0.829763,0.446364
1622,27.033333,172.160385,32.106201,-170.791885,0.778173,0.830454,0.446104
1623,27.050000,171.895844,32.382950,-170.459900,0.777050,0.830939,0.445405
1624,27.066667,171.830948,32.467728,-169.761703,0.776015,0.831040,0.444152
1625,27.083333,172.153778,32.866360,-170.780167,0.776424,0.830988,0.443722
1626,27.100000,172.118591,33.275673,-170.901978,0.776004,0.831269,0.442873
1627,27.116667,172.362289,33.331520,-170.813187,0.775461,0.831534,0.441800
1628,27.133333,172.212799,33.618084,-170.614807,0.774426,0.832423,0.440980
1629,27.150000,172.194504,33.879982,-170.680161,0.773859,0.832510,0.440243
1630,27.166667,172.254059,34.218987,-170.918396,0.774245,0.832171,0.439398
1631,27.183333,172.151520,34.727665,-170.996429,0.773708,0.832412,0.438604
1632,27.200000,172.137680,34.782745,-171.199799,0.773941,0.832535,0.437701
1633,27.216667,171.594467,34.959625,-170.842590,0.773499,0.832787,0.436957
1634,27.233333,171.860596,34.873940,-170.541611,0.773138,0.832941,0.435457
1635,27.250000,172.123001,35.234165,-170.557861,0.772998,0.833067,0.433744
1636,27.266667,172.048492,35.386681,-170.862732,0.773399,0.833493,0.433145
1637,27.283333,172.093750,35.668995,-171.135910,0.773363,0.833880,0.431907
1638,27.300000,172.034607,35.947853,-171.930023,0.773713,0.834422,0.431409
1639,27.316667,172.526932,36.153713,-171.738739,0.774032,0.834161,0.429353
1640,27.333333,173.475174,36.320408,-172.079147,0.774518,0.833983,0.427117
1641,27.350000,173.457565,36.362656,-172.158325,0.774456,0.834100,0.425828
1642,27.366667,173.220596,36.452248,-172.078430,0.774094,0.834018,0.424569
1643,27.383333,172.572632,36.568550,-171.981537,0.774344,0.834038,0.424083
1644,27.400000,172.715790,36.740517,-171.709091,0.774249,0.834179,0.422213
1645,27.416667,172.101959,36.801891,-170.479126,0.773483,0.833906,0.420426
1646,27.433333,172.696991,37.127918,-171.962448,0.775269,0.834159,0.419446
1647,27.450000,172.697647,37.098858,-171.565598,0.774959,0.834242,0.417522
1648,27.466667,172.894119,37.196018,-171.530029,0.775193,0.834208,0.415651
1649,27.483333,172.844025,37.357094,-172.015320,0.775952,0.834321,0.414731
1650,27.500000,172.898468,37.344223,-171.394760,0.775413,0.834906,0.412653
1651,27.516667,172.895126,37.412354,-171.638840,0.775482,0.835860,0.411243
1652,27.533333,172.856766,37.492317,-172.334930,0.776068,0.836706,0.410235
1653,27.550000,173.001556,37.637764,-172.390961,0.776216,0.837109,0.408146
1654,27.566667,173.323410,37.428600,-172.532028,0.776545,0.837817,0.406072
1655,27.583333,173.245514,37.370945,-171.871933,0.775961,0.838061,0.404093
1656,27.600000,172.671371,37.611656,-172.364105,0.776640,0.838890,0.403218
1657,27.616667,172.915359,37.648903,-171.620834,0.776083,0.839620,0.400777
1658,27.633333,172.972733,37.523479,-171.635666,0.775713,0.840625,0.398803
1659,27.650000,173.345139,37.459740,-171.987518,0.776680,0.840803,0.396877
1660,27.666667,173.722168,37.583027,-172.508469,0.777106,0.841533,0.395303
1661,27.683333,173.914581,37.569218,-173.030106,0.777252,0.842359,0.393401
1662,27.700000,173.819611,37.492905,-172.946381,0.776621,0.843535,0.391778
1663,27.716667,174.179626,37.401443,-173.551819,0.777286,0.843278,0.389781
1664,27.733333,174.474182,37.392082,-173.712845,0.777565,0.843349,0.387569
1665,27.750000,173.602875,37.412537,-172.890518,0.776995,0.843394,0.386444
1666,27.766667,173.522369,37.170174,-173.153412,0.776648,0.843496,0.384896
1667,27.783333,174.344727,37.150627,-173.308853,0.776480,0.842903,0.381866
1668,27.800000,173.795578,36.814919,-172.569229,0.775096,0.842935,0.380135
1669,27.816667,174.362869,36.805683,-172.889084,0.775685,0.842210,0.377912
1670,27.833333,174.999619,36.569820,-173.579773,0.775636,0.842104,0.375937
1671,27.850000,175.251877,36.475056,-174.009003,0.775589,0.841559,0.374129
1672,27.866667,174.689194,36.249207,-173.161163,0.774211,0.841063,0.372195
1673,27.883333,174.967682,36.281639,-173.601074,0.774409,0.840313,0.370383
1674,27.900000,175.336105,36.183178,-174.231201,0.773830,0.839909,0.368497
1675,27.916667,174.888184,35.975677,-173.367584,0.772791,0.839481,0.366450
1676,27.933333,174.949860,35.601868,-173.020203,0.771645,0.839431,0.364417
1677,27.950000,174.653427,35.508797,-172.969727,0.770717,0.839239,0.362406
1678,27.966667,174.620331,35.400917,-173.471039,0.770349,0.839595,0.361438
1679,27.983333,174.430359,35.117771,-173.234650,0.769681,0.839174,0.360082
1680,28.000000,174.504608,34.958015,-173.285904,0.768279,0.839242,0.358378
1681,28.016667,174.801056,34.502991,-172.196564,0.766496,0.839072,0.355349
1682,28.033333,175.216843,34.257149,-172.933746,0.766142,0.839323,0.353817
1683,28.050000,174.733536,34.052917,-172.688080,0.764868,0.839739,0.352495
1684,28.066667,174.416748,33.996140,-172.899841,0.764022,0.839880,0.351544
1685,28.083333,174.593414,33.570290,-172.984726,0.763307,0.840205,0.349967
1686,28.100000,175.009796,33.208576,-174.092651,0.763092,0.841088,0.348790
1687,28.116667,174.856018,33.041527,-172.852646,0.760794,0.841793,0.346415
1688,28.133333,174.721405,32.433140,-172.425995,0.759220,0.842734,0.344465
1689,28.150000,174.238815,32.468147,-172.454437,0.758169,0.843456,0.343663
1690,28.166667,174.038223,32.174751,-171.866409,0.756745,0.844288,0.342043
1691,28.183333,174.330536,31.743517,-171.996170,0.755784,0.845152,0.340460
1692,28.200000,174.276138,31.310011,-172.299942,0.754926,0.846126,0.339395
1693,28.216667,174.244873,31.056580,-171.628983,0.753110,0.846638,0.337694
1694,28.233333,174.061356,30.820299,-172.148010,0.752341,0.846802,0.336729
1695,28.250000,173.706619,30.401829,-172.234161,0.751563,0.846976,0.335446
1696,28.266667,173.425079,30.214373,-172.456406,0.750976,0.847108,0.334763
1697,28.283333,173.366730,29.372047,-171.445816,0.749078,0.847437,0.332991
1698,28.300000,173.307510,29.124815,-171.552658,0.748147,0.847555,0.331439
1699,28.316667,173.120819,28.709980,-171.001968,0.746876,0.847841,0.330119
1700,28.333333,173.241608,28.344706,-170.892044,0.745862,0.847769,0.328459
1701,28.350000,173.175385,27.969027,-171.403763,0.745324,0.847613,0.327564
1702,28.366667,173.405106,27.663877,-172.071991,0.745319,0.847705,0.326743
1703,28.383333,173.646149,26.965975,-171.483459,0.744526,0.847508,0.324858
1704,28.400000,173.394913,26.706430,-171.457809,0.743585,0.847569,0.323800
1705,28.416667,173.517700,26.154007,-171.778870,0.743417,0.847202,0.322270
1706,28.433333,173.452255,25.649948,-171.308609,0.742922,0.847119,0.320702
1707,28.450000,173.481537,25.334625,-171.471039,0.742849,0.847286,0.319451
1708,28.466667,173.251740,24.904823,-171.176666,0.742462,0.846949,0.317941
1709,28.483333,172.946304,24.584692,-170.974792,0.741585,0.846976,0.316643
1710,28.500000,173.099365,23.978489,-171.716400,0.742320,0.847127,0.315614
1711,28.516667,173.313324,23.444981,-171.681870,0.742640,0.846844,0.314110
1712,28.533333,173.059753,22.826815,-171.929886,0.742851,0.846938,0.313121
1713,28.550000,173.294708,22.444595,-171.783142,0.742746,0.847033,0.311472
1714,28.566667,173.507004,22.035763,-172.627945,0.743563,0.847056,0.310185
1715,28.583333,174.046310,21.550745,-172.874451,0.743811,0.847263,0.307975
1716,28.600000,174.041672,21.074408,-172.908737,0.744362,0.847344,0.306762
1717,28.616667,174.034439,20.667681,-173.216248,0.744680,0.847624,0.305745
1718,28.633333,174.026459,19.979565,-172.452164,0.744019,0.847983,0.303495
1719,28.650000,173.944458,19.331688,-172.398254,0.744538,0.847859,0.302463
1720,28.666667,174.340820,18.602850,-173.401367,0.745884,0.848449,0.300947
1721,28.683333,173.999680,18.270180,-173.433289,0.747134,0.848117,0.300194
1722,28.700000,174.518173,17.510046,-173.531631,0.747577,0.848508,0.297825
1723,28.716667,174.535248,16.945267,-173.422150,0.748430,0.848620,0.296840
1724,28.733333,174.770142,16.510130,-174.420914,0.749850,0.849263,0.295477
1725,28.750000,175.279877,15.867827,-174.496490,0.750567,0.849000,0.293262
1726,28.766667,174.959991,15.345244,-173.855286,0.750709,0.849209,0.291949
1727,28.783333,175.099380,14.937147,-173.872086,0.751309,0.849238,0.290338
1728,28.800000,174.970184,14.354275,-175.223511,0.753797,0.848849,0.289438
1729,28.816667,175.095627,13.794037,-175.337585,0.754726,0.848902,0.287905
1730,28.833333,174.622070,12.851583,-174.730743,0.754628,0.849986,0.287210
1731,28.850000,174.646194,12.102613,-174.352097,0.754888,0.850228,0.285646
1732,28.866667,174.452087,11.853231,-173.886017,0.755625,0.849896,0.284326
1733,28.883333,174.737183,11.227886,-174.589676,0.757462,0.849375,0.282954
1734,28.900000,174.509506,10.566745,-174.890854,0.758498,0.849657,0.281741
1735,28.916667,174.271759,10.033142,-174.384415,0.758650,0.850016,0.280820
1736,28.933333,174.610245,9.228936,-174.671890,0.760002,0.849609,0.278995
1737,28.950000,174.585464,8.711791,-174.760635,0.760669,0.849711,0.277675
1738,28.966667,174.782578,8.184952,-175.216873,0.762012,0.848983,0.276255
1739,28.983333,174.817596,7.718983,-175.122803,0.762583,0.848549,0.274843
1740,29.000000,175.059906,6.771153,-175.513840,0.763860,0.849077,0.273244
1741,29.016667,174.717957,6.405750,-174.774078,0.763927,0.848735,0.272553
1742,29.033333,175.282639,5.523525,-175.558762,0.765569,0.848581,0.270404
1743,29.050000,175.350433,4.820878,-175.318542,0.765855,0.848583,0.268818
1744,29.066667,175.556473,4.290205,-175.588196,0.767248,0.848242,0.267334
1745,29.083333,175.645462,3.587579,-175.325424,0.768190,0.848003,0.266144
1746,29.100000,175.630676,2.932956,-174.802368,0.768131,0.847900,0.264992
1747,29.116667,175.000687,2.294102,-175.438324,0.769690,0.848623,0.264497
1748,29.133333,175.076050,1.641611,-176.164825,0.771093,0.848974,0.262994
1749,29.150000,175.167816,0.969912,-175.763168,0.771985,0.848636,0.261483
1750,29.166667,175.384262,0.359094,-175.742630,0.772060,0.848645,0.260308
1751,29.183333,174.711166,-0.136909,-174.662399,0.771580,0.849405,0.259742
1752,29.200000,174.566666,-0.887273,-175.388260,0.773461,0.849228,0.258370
1753,29.216667,174.689880,-1.625386,-175.781860,0.774808,0.848850,0.256983
1754,29.233333,174.859543,-2.194870,-175.379547,0.775339,0.848721,0.255528
1755,29.250000,174.880707,-2.900747,-174.419128,0.774729,0.848947,0.254270
1756,29.266667,174.533997,-3.479944,-174.829575,0.776264,0.849166,0.253918
1757,29.283333,174.631363,-4.151364,-174.091095,0.775759,0.849074,0.252430
1758,29.300000,174.581665,-4.821705,-174.837997,0.777801,0.848902,0.251113
1759,29.316667,174.327164,-5.454399,-174.784058,0.778890,0.849144,0.250327
1760,29.333333,174.298660,-6.178314,-174.912842,0.779516,0.849320,0.249126
1761,29.350000,174.472565,-6.736418,-175.468201,0.781323,0.848718,0.247882
1762,29.366667,174.275726,-7.443994,-175.936859,0.783235,0.848677,0.246473
1763,29.383333,174.441101,-8.002754,-175.132629,0.783328,0.848578,0.245137
1764,29.400000,174.447632,-8.788457,-175.239105,0.784557,0.848203,0.244052
1765,29.416667,174.681763,-9.544685,-175.532120,0.786282,0.848127,0.242337
1766,29.433333,174.747131,-10.158581,-175.467224,0.787331,0.848182,0.241085
1767,29.450000,174.722626,-10.842134,-175.339188,0.788776,0.847646,0.240019
1768,29.466667,175.138626,-11.459895,-175.548904,0.790588,0.846858,0.237929
1769,29.483333,175.131531,-12.081866,-174.713867,0.791118,0.846430,0.236789
1770,29.500000,175.063812,-12.792801,-175.276260,0.793504,0.845975,0.235315
1771,29.516667,175.126801,-13.294600,-175.572723,0.795186,0.845895,0.234171
1772,29.533333,175.391891,-14.053269,-175.951965,0.797467,0.845356,0.232564
1773,29.550000,175.467804,-14.713261,-175.799652,0.798798,0.844941,0.231369
1774,29.566667,175.240326,-15.098543,-175.496353,0.800576,0.844336,0.230587
1775,29.583333,174.997452,-15.735363,-175.760315,0.802582,0.844215,0.229714
1776,29.600000,175.698608,-16.496006,-175.790131,0.805155,0.842837,0.227382
1777,29.616667,176.007019,-17.222067,-175.559250,0.806795,0.842407,0.225972
1778,29.633333,175.661194,-17.970875,-175.934082,0.808894,0.842735,0.225387
1779,29.650000,175.775146,-18.513456,-176.383408,0.812156,0.841288,0.224157
1780,29.666667,175.975739,-19.191502,-175.871567,0.813773,0.841241,0.222919
1781,29.683333,175.763138,-19.714520,-176.026703,0.816353,0.840771,0.222035
1782,29.700000,176.025925,-20.404354,-175.944595,0.819007,0.840169,0.220717
1783,29.716667,175.727676,-21.059578,-176.500916,0.821443,0.840189,0.219927
1784,29.733333,175.931274,-21.587061,-176.319061,0.823822,0.839633,0.218873
1785,29.750000,175.841446,-22.177084,-176.283981,0.826768,0.839699,0.218332
1786,29.766667,175.958084,-22.698254,-176.989090,0.829769,0.839626,0.216908
1787,29.783333,175.657043,-23.281038,-176.881073,0.832424,0.839656,0.216579
1788,29.800000,175.582932,-23.794327,-177.105804,0.835356,0.839927,0.215945
1789,29.816667,175.717514,-24.525745,-177.501099,0.838767,0.839528,0.214915
1790,29.833333,175.776932,-25.094486,-177.225784,0.841015,0.839344,0.214205
1791,29.850000,175.551224,-25.547056,-177.281448,0.844488,0.838988,0.213618
1792,29.866667,175.533447,-26.003471,-177.335327,0.847194,0.838741,0.212905
1793,29.883333,175.456757,-26.754580,-177.463104,0.850378,0.838753,0.212602
1794,29.900000,175.694687,-27.453209,-177.919067,0.853917,0.838438,0.211693
1795,29.916667,175.511444,-27.885220,-177.849487,0.856514,0.838731,0.211543
1796,29.933333,175.788956,-28.399456,-177.744186,0.859516,0.838207,0.210766
1797,29.950000,175.550858,-28.961830,-178.167465,0.863154,0.837941,0.210498
1798,29.966667,175.280090,-29.435659,-178.025879,0.866215,0.838150,0.210540
1799,29.983333,175.317261,-30.060144,-178.705643,0.870155,0.837737,0.209765
1800,30.000000,175.064346,-30.588289,-178.203674,0.872679,0.837653,0.210058
1801,30.016667,174.984558,-30.971916,-178.564240,0.876236,0.837535,0.209648
1802,30.033333,174.939285,-31.586309,-178.454315,0.879372,0.837105,0.209624
1803,30.050000,174.709274,-32.019630,-178.675323,0.882846,0.836988,0.209611
1804,30.066667,174.795670,-32.533710,-179.337784,0.886662,0.836223,0.208929
1805,30.083333,174.333420,-33.029827,-179.840164,0.890164,0.836668,0.209162
1806,30.100000,174.381119,-33.590385,-179.060577,0.893116,0.835998,0.209568
1807,30.116667,174.407318,-34.226006,-179.470032,0.896680,0.835654,0.209191
1808,30.133333,174.615570,-34.731136,-179.125824,0.899667,0.835371,0.208983
1809,30.150000,175.673920,-35.198238,-177.488312,0.901095,0.833939,0.209061
1810,30.166667,174.464996,-35.512367,-179.619995,0.906870,0.834489,0.208914
1811,30.183333,174.616119,-35.951031,-179.415710,0.909666,0.833801,0.208929
1812,30.200000,174.575729,-36.601212,-179.317368,0.912781,0.833331,0.209261
1813,30.216667,173.832184,-36.726189,-179.932892,0.916928,0.833301,0.209647
1814,30.233333,174.186020,-37.375942,-179.216354,0.919471,0.832199,0.210031
1815,30.250000,173.652435,-37.907921,-179.902664,0.923359,0.832568,0.210184
1816,30.266667,173.568314,-38.226017,179.293991,0.927416,0.831905,0.210087
1817,30.283333,173.835785,-38.795921,-179.498062,0.929397,0.832087,0.210759
1818,30.300000,173.473419,-39.277714,179.948151,0.933600,0.832194,0.210926
1819,30.316667,173.502686,-39.364563,179.118271,0.937657,0.831526,0.210530
1820,30.333333,172.832108,-39.854347,179.272476,0.940843,0.831832,0.211593
1821,30.350000,173.250809,-40.356571,179.887070,0.943408,0.832259,0.211763
1822,30.366667,173.396927,-40.779156,179.396072,0.946885,0.832267,0.211477
1823,30.383333,173.433990,-41.211426,179.951309,0.949616,0.832726,0.212094
1824,30.400000,173.131256,-41.514095,179.486740,0.953192,0.833010,0.212456
1825,30.416667,172.507233,-41.816635,178.813843,0.957140,0.833335,0.212959
1826,30.433333,172.965790,-42.195698,179.264130,0.959873,0.833689,0.213021
1827,30.450000,172.105957,-42.327381,178.273209,0.964006,0.833892,0.213363
1828,30.466667,172.139130,-42.562256,178.560944,0.966982,0.834550,0.213761
1829,30.483333,172.151108,-43.243111,178.457352,0.969951,0.835057,0.213993
1830,30.500000,171.918427,-43.465740,178.208969,0.973031,0.835271,0.214186
1831,30.516667,171.880936,-43.758041,178.291107,0.976102,0.835897,0.214730
1832,30.533333,171.737900,-44.205883,177.875748,0.979223,0.836674,0.214692
1833,30.550000,171.273422,-44.377724,177.385269,0.982590,0.836790,0.215112
