Format Version,1.23,Take Name,Take 2025-07-31 09.34.12 AM,Take Notes,,Capture Frame Rate,60.000000,Export Frame Rate,60.000000,Capture Start Time,2025-07-31 09.34.13.375 AM,Total Frames in Take,2107,Total Exported Frames,2107,Rotation Type,XYZ,Length Units,Meters,Coordinate Space,Global

,Type,Rigid Body,Rigid Body,Rigid Body,Rigid Body,Rigid Body,Rigid Body
,Name,Ball,Ball,Ball,Ball,Ball,Ball
,ID,"CF199A9F6DD111F05A805CBF6EB0E395","CF199A9F6DD111F05A805CBF6EB0E395","CF199A9F6DD111F05A805CBF6EB0E395","CF199A9F6DD111F05A805CBF6EB0E395","CF199A9F6DD111F05A805CBF6EB0E395","CF199A9F6DD111F05A805CBF6EB0E395"
,,Rotation,Rotation,Rotation,Position,Position,Position
Frame,Time (Seconds),X,Y,Z,X,Y,Z
0,0.000000,7.044956,-44.925007,5.278459,0.768051,0.925713,0.273652
1,0.016667,6.350366,-45.125343,4.526556,0.765618,0.925210,0.278821
2,0.033333,6.412477,-45.544590,4.332350,0.763920,0.923974,0.284006
3,0.050000,6.942144,-45.677277,4.492770,0.762902,0.923095,0.288694
4,0.066667,6.543246,-45.752766,5.023285,0.762422,0.921965,0.294564
5,0.083333,5.792027,-46.608173,3.597280,0.759531,0.921723,0.299614
6,0.100000,5.566070,-46.871449,4.781468,0.759613,0.920966,0.306433
7,0.116667,5.649194,-46.592247,4.548636,0.759129,0.921098,0.311238
8,0.133333,5.330334,-47.099403,4.894877,0.758757,0.920987,0.317645
9,0.150000,3.756827,-47.349701,3.963484,0.757600,0.920597,0.324417
10,0.166667,4.121269,-47.838562,3.364480,0.756487,0.921795,0.328918
11,0.183333,3.868461,-47.961956,3.959558,0.757238,0.922122,0.335558
12,0.200000,3.754827,-48.386776,3.083544,0.756829,0.922881,0.341269
13,0.216667,3.994303,-48.313046,3.711763,0.757821,0.923439,0.347152
14,0.233333,3.207088,-48.982510,3.372211,0.758352,0.924506,0.353617
15,0.250000,3.054799,-49.152687,4.238767,0.759831,0.925491,0.361051
16,0.266667,3.097709,-49.321949,3.536486,0.760400,0.926443,0.365901
17,0.283333,0.981271,-49.579502,3.410663,0.761106,0.926712,0.374595
18,0.300000,1.043392,-49.868340,2.904702,0.762450,0.927367,0.379379
19,0.316667,1.415007,-50.204433,3.982349,0.764378,0.928951,0.385874
20,0.333333,1.412869,-50.126434,3.723855,0.766608,0.929514,0.390993
21,0.350000,0.897722,-50.659523,3.909655,0.768438,0.930161,0.397649
22,0.366667,0.781608,-50.688290,4.291873,0.771113,0.930946,0.403958
23,0.383333,0.689574,-51.202213,2.879178,0.772094,0.931342,0.407592
24,0.400000,0.608520,-51.184036,5.177107,0.776181,0.932804,0.415600
25,0.416667,0.317290,-51.371666,4.403230,0.778691,0.932706,0.420274
26,0.433333,,,,,,
27,0.450000,0.218147,-51.740494,5.075724,0.784977,0.933982,0.430701
28,0.466667,0.641553,-51.955547,5.848034,0.788695,0.935813,0.435356
29,0.483333,0.685559,-51.746822,6.203237,0.792444,0.935868,0.440305
30,0.500000,-1.253417,-52.575111,5.627916,0.795601,0.937207,0.446883
31,0.516667,-1.147430,-52.191074,4.840353,0.798261,0.938084,0.449219
32,0.533333,-0.412745,-52.551514,6.079350,0.803335,0.938481,0.453629
33,0.550000,-0.602054,-52.839409,5.762919,0.806980,0.939235,0.456998
34,0.566667,-0.551208,-52.751835,6.110618,0.811137,0.940286,0.460884
35,0.583333,-1.003192,-53.253750,5.998425,0.814898,0.940406,0.464294
36,0.600000,0.286556,-53.160336,7.495624,0.820593,0.941377,0.467308
37,0.616667,-0.541797,-53.469685,6.814175,0.823956,0.942582,0.470374
38,0.633333,-0.287249,-53.349533,7.670678,0.829625,0.942894,0.473256
39,0.650000,-0.584662,-53.528259,7.708782,0.834008,0.942995,0.475343
40,0.666667,-0.440091,-53.618675,8.434940,0.839362,0.944199,0.477577
41,0.683333,-1.000081,-53.723644,6.772247,0.843181,0.945551,0.478227
42,0.700000,-0.615227,-53.519047,7.394933,0.848446,0.946077,0.479315
43,0.716667,-0.014805,-53.925266,7.992654,0.853566,0.946762,0.479836
44,0.733333,-0.212626,-53.691597,8.112200,0.859075,0.947562,0.480999
45,0.750000,0.159990,-54.048096,8.998767,0.864416,0.948346,0.481603
46,0.766667,0.033298,-53.811741,8.900522,0.869503,0.948813,0.481691
47,0.783333,1.412983,-53.860600,10.747859,0.876079,0.949489,0.481610
48,0.800000,1.328147,-53.579330,10.275905,0.881495,0.949706,0.480594
49,0.816667,1.385039,-53.918518,10.560385,0.886608,0.950411,0.480089
50,0.833333,1.694429,-53.964291,10.993373,0.891983,0.951200,0.478575
51,0.850000,2.589450,-53.665123,11.924259,0.898317,0.951636,0.476759
52,0.866667,2.429659,-53.619408,11.925068,0.903603,0.952029,0.474913
53,0.883333,3.182373,-53.798561,12.507774,0.908733,0.952194,0.472781
54,0.900000,3.856937,-53.780632,13.407063,0.914429,0.952738,0.470918
55,0.916667,4.542602,-53.465332,13.730134,0.919962,0.952559,0.466897
56,0.933333,5.149644,-53.468704,13.026159,0.924868,0.952438,0.462619
57,0.950000,5.617987,-53.423531,13.771565,0.930120,0.952531,0.459650
58,0.966667,5.658579,-53.275101,14.501549,0.935694,0.952152,0.456832
59,0.983333,6.160309,-53.049416,13.738664,0.939716,0.952242,0.451192
60,1.000000,5.960146,-52.875359,13.500028,0.944762,0.951445,0.447197
61,1.016667,7.397482,-52.732601,14.681080,0.950002,0.951244,0.442723
62,1.033333,7.214335,-52.573208,14.639225,0.955360,0.950207,0.438198
63,1.050000,6.448929,-52.397129,14.622705,0.959387,0.950060,0.434537
64,1.066667,8.053039,-52.199158,15.296264,0.964412,0.948626,0.428426
65,1.083333,8.692338,-52.332901,16.823738,0.969523,0.948240,0.424538
66,1.100000,9.069052,-51.927670,16.022896,0.973343,0.947086,0.417807
67,1.116667,9.405073,-51.647724,15.449080,0.976955,0.945688,0.411452
68,1.133333,9.366139,-51.608177,16.415606,0.981062,0.945397,0.407217
69,1.150000,10.162586,-51.509041,15.902579,0.984776,0.943717,0.400302
70,1.166667,10.379005,-51.015945,15.954798,0.988375,0.943048,0.394394
71,1.183333,10.313745,-50.968449,15.815337,0.991477,0.942203,0.388626
72,1.200000,10.767159,-50.633869,16.112743,0.995292,0.941811,0.382181
73,1.216667,9.785005,-50.615532,14.852617,0.997666,0.940482,0.376619
74,1.233333,10.188409,-50.040394,13.613359,0.999456,0.939292,0.368107
75,1.250000,10.723168,-50.083603,15.542186,1.003273,0.939276,0.363781
76,1.266667,11.488799,-49.576088,15.086615,1.006089,0.937999,0.356276
77,1.283333,12.404529,-49.185444,15.245165,1.008386,0.937144,0.348982
78,1.300000,12.175734,-48.952072,15.568182,1.011186,0.936735,0.343899
79,1.316667,12.509356,-48.365917,15.165578,1.012906,0.936188,0.337000
80,1.333333,12.959828,-48.243855,15.580459,1.014934,0.935774,0.330969
81,1.350000,13.289430,-47.798004,15.690806,1.016699,0.935743,0.324663
82,1.366667,13.879942,-47.821583,16.694241,1.019229,0.935999,0.318996
83,1.383333,13.705532,-47.135204,15.356194,1.019241,0.936296,0.311828
84,1.400000,14.481827,-46.664856,15.472810,1.020419,0.935732,0.305228
85,1.416667,14.522541,-46.181438,16.291136,1.021877,0.936680,0.300235
86,1.433333,15.315117,-45.951401,16.068964,1.022222,0.936662,0.293343
87,1.450000,15.157495,-45.434185,16.739946,1.023392,0.937258,0.288863
88,1.466667,15.627796,-45.071213,16.031219,1.022384,0.937549,0.282091
89,1.483333,16.146261,-44.728344,16.299192,1.022520,0.938079,0.276532
90,1.500000,15.216898,-44.217999,16.949295,1.022918,0.939186,0.273397
91,1.516667,16.139759,-43.671696,16.091139,1.021564,0.939361,0.266371
92,1.533333,16.092934,-43.174229,17.624180,1.022197,0.941189,0.263531
93,1.550000,15.912831,-43.190804,16.443729,1.019933,0.941503,0.257908
94,1.566667,16.490915,-42.859406,16.101984,1.018075,0.942331,0.252918
95,1.583333,16.105019,-42.205181,15.771686,1.015834,0.943963,0.248656
96,1.600000,15.858127,-41.582832,15.840466,1.014863,0.943589,0.244724
97,1.616667,15.529935,-41.278839,15.983890,1.012629,0.944344,0.241565
98,1.633333,15.064737,-41.123676,15.086969,1.009322,0.944399,0.237646
99,1.650000,15.660155,-40.686646,15.871344,1.007603,0.944520,0.234153
100,1.666667,14.858976,-39.967152,15.547253,1.004573,0.944907,0.231613
101,1.683333,15.788013,-39.726433,15.446752,1.001141,0.944569,0.227055
102,1.700000,15.001602,-39.273365,15.692083,0.998012,0.944875,0.225206
103,1.716667,14.638035,-38.783348,15.320002,0.993798,0.944174,0.222564
104,1.733333,14.330771,-38.555241,14.550916,0.989452,0.943883,0.219769
105,1.750000,14.271723,-38.072121,13.839945,0.985113,0.943046,0.216906
106,1.766667,13.893620,-37.593132,14.440571,0.981800,0.942897,0.215703
107,1.783333,13.445243,-37.535896,12.496649,0.975060,0.942390,0.212492
108,1.800000,13.398310,-37.139645,12.239578,0.970291,0.941954,0.210989
109,1.816667,13.095853,-36.618965,12.337220,0.965761,0.941840,0.209846
110,1.833333,12.929535,-36.249840,11.323206,0.959554,0.941614,0.207683
111,1.850000,12.257926,-35.927036,10.815645,0.953648,0.940993,0.206837
112,1.866667,12.203279,-35.097126,10.857716,0.948933,0.940744,0.205832
113,1.883333,11.791883,-35.067863,10.362190,0.942330,0.941007,0.205295
114,1.900000,11.859574,-34.702278,10.885821,0.937516,0.940586,0.204805
115,1.916667,11.256143,-34.482048,10.075871,0.931413,0.940207,0.204865
116,1.933333,10.602472,-34.028790,9.351197,0.924962,0.940201,0.205249
117,1.950000,10.135561,-33.848270,9.713784,0.919731,0.939886,0.205762
118,1.966667,10.274628,-33.419220,8.063106,0.911621,0.939469,0.204356
119,1.983333,10.336552,-32.751221,7.837757,0.905355,0.939458,0.204490
120,2.000000,9.571343,-32.777390,8.186789,0.900086,0.938799,0.206283
121,2.016667,9.515401,-32.279522,7.181221,0.892903,0.937661,0.206437
122,2.033333,9.494807,-31.731007,6.668207,0.886063,0.937261,0.206953
123,2.050000,9.451632,-31.335220,7.093326,0.880448,0.937108,0.208259
124,2.066667,9.211317,-31.312740,6.965828,0.874368,0.936106,0.210300
125,2.083333,9.743710,-30.642633,5.728695,0.867208,0.935608,0.209832
126,2.100000,8.836738,-30.572849,6.655394,0.862475,0.934660,0.213275
127,2.116667,8.463029,-30.174206,5.895584,0.855360,0.934262,0.215272
128,2.133333,7.938755,-29.797209,5.511923,0.849232,0.933444,0.217567
129,2.150000,8.325337,-29.142328,4.114901,0.841670,0.932816,0.217152
130,2.166667,8.327617,-28.953951,3.612415,0.835500,0.932609,0.219763
131,2.183333,7.684980,-29.097153,3.012662,0.829344,0.931806,0.223181
132,2.200000,7.670094,-29.114494,3.453529,0.824789,0.931072,0.226431
133,2.216667,7.329526,-28.330690,3.640962,0.819195,0.931276,0.229755
134,2.233333,8.273415,-28.177597,2.173449,0.812578,0.931347,0.230337
135,2.250000,7.136487,-27.836580,2.304108,0.807640,0.930760,0.235245
136,2.266667,7.515130,-27.702784,2.341092,0.802820,0.931218,0.238515
137,2.283333,7.226520,-27.477039,2.365271,0.797851,0.931367,0.242593
138,2.300000,7.098980,-27.013733,1.356123,0.792537,0.931106,0.245547
139,2.316667,6.845201,-27.227324,1.674165,0.788609,0.931099,0.250372
140,2.333333,6.647511,-26.564148,1.622573,0.784315,0.931371,0.254501
141,2.350000,6.519566,-26.392225,1.582916,0.779983,0.931377,0.258757
142,2.366667,6.477195,-26.353266,1.430720,0.776659,0.930836,0.263522
143,2.383333,6.096378,-26.061548,0.529612,0.771747,0.930579,0.267781
144,2.400000,6.314571,-25.868658,1.132534,0.769499,0.929976,0.272659
145,2.416667,5.972986,-25.681005,0.766477,0.765853,0.930331,0.277987
146,2.433333,6.163441,-25.369905,0.061131,0.762172,0.930134,0.282378
147,2.450000,5.771872,-25.332602,-0.621450,0.758220,0.929837,0.287236
148,2.466667,5.546773,-25.290661,0.480805,0.757667,0.929484,0.293782
149,2.483333,5.018278,-25.345366,1.010984,0.756149,0.929010,0.300210
150,2.500000,5.759461,-24.666176,0.543301,0.753483,0.928849,0.304416
151,2.516667,5.397845,-24.371679,0.144134,0.751210,0.927895,0.310024
152,2.533333,4.719298,-24.242556,0.868690,0.750452,0.927525,0.317030
153,2.550000,4.853758,-24.487324,0.425906,0.748873,0.927017,0.322504
154,2.566667,5.237203,-24.230410,0.788081,0.748300,0.926528,0.328122
155,2.583333,4.379977,-23.986341,0.644058,0.747310,0.925453,0.335055
156,2.600000,5.149747,-23.764626,1.036353,0.747019,0.925634,0.340256
157,2.616667,4.101186,-23.814257,1.371049,0.747383,0.924381,0.347455
158,2.633333,4.139682,-23.686811,0.720042,0.746188,0.923930,0.353463
159,2.650000,3.807891,-23.563070,-0.010867,0.745135,0.923141,0.359152
160,2.666667,3.189090,-23.424644,0.794820,0.746782,0.921894,0.366692
161,2.683333,3.020996,-23.392935,0.818312,0.747581,0.921194,0.373105
162,2.700000,2.594484,-23.396906,1.341643,0.748540,0.921163,0.380042
163,2.716667,2.831784,-22.868065,0.921511,0.749383,0.919567,0.385345
164,2.733333,2.376190,-22.766726,1.982927,0.751667,0.918809,0.392653
165,2.750000,2.564558,-23.142958,1.411874,0.752141,0.918064,0.398146
166,2.766667,1.901912,-23.138149,1.723004,0.754744,0.916511,0.405518
167,2.783333,2.258687,-22.888988,1.815319,0.756588,0.916340,0.410610
168,2.800000,1.226312,-22.794516,2.066323,0.758605,0.916540,0.418201
169,2.816667,2.844107,-22.971554,2.587242,0.761327,0.915428,0.421610
170,2.833333,1.565476,-22.565069,1.870725,0.762633,0.916562,0.428388
171,2.850000,0.974987,-22.848391,2.087069,0.766113,0.915604,0.434990
172,2.866667,0.800313,-22.506994,2.115556,0.768506,0.917008,0.440262
173,2.883333,0.328666,-22.743856,2.292884,0.771534,0.915901,0.446212
174,2.900000,0.652856,-22.276533,2.093247,0.774564,0.916168,0.450587
175,2.916667,0.226417,-22.640535,2.313643,0.778226,0.916620,0.456384
176,2.933333,-0.520858,-22.434870,3.211242,0.782478,0.918086,0.463033
177,2.950000,0.734351,-22.345617,1.997758,0.784484,0.918561,0.464409
178,2.966667,0.023352,-22.817516,2.400489,0.789155,0.919137,0.470580
179,2.983333,-0.384638,-22.639931,1.965964,0.791559,0.921503,0.474189
180,3.000000,-0.399113,-22.237904,3.785789,0.798957,0.921846,0.479334
181,3.016667,0.148215,-22.573753,3.011975,0.801344,0.923391,0.481866
182,3.033333,-0.550659,-22.606153,4.592047,0.806960,0.925640,0.486893
183,3.050000,-0.136293,-22.459496,4.911683,0.812295,0.926413,0.489606
184,3.066667,-0.658219,-22.091442,4.769649,0.816329,0.927921,0.493047
185,3.083333,-1.324387,-22.386808,4.388014,0.820439,0.929227,0.496651
186,3.100000,-0.177185,-22.246471,4.947345,0.825287,0.932735,0.497387
187,3.116667,-0.884585,-22.203421,3.772346,0.828697,0.934673,0.499920
188,3.133333,-0.676983,-22.440434,5.287915,0.835430,0.936879,0.502633
189,3.150000,-0.998471,-22.379343,5.233043,0.839748,0.939300,0.504233
190,3.166667,-0.945851,-22.401960,4.769285,0.843691,0.941713,0.504821
191,3.183333,-0.394260,-22.337425,6.631680,0.851147,0.942753,0.505833
192,3.200000,-1.308050,-22.326267,5.896190,0.854469,0.946010,0.507604
193,3.216667,-0.793832,-22.106243,5.452202,0.858567,0.947538,0.506845
194,3.233333,-1.045136,-21.934938,5.820661,0.863817,0.949132,0.507737
195,3.250000,-0.955787,-22.001480,5.824156,0.869063,0.950242,0.507342
196,3.266667,-0.185579,-21.873829,7.047771,0.875093,0.952650,0.506016
197,3.283333,0.031815,-21.883434,7.274680,0.879883,0.953955,0.505152
198,3.300000,-0.845204,-22.252085,7.695512,0.884769,0.957073,0.505868
199,3.316667,-0.683371,-22.009312,6.644946,0.888879,0.957722,0.503518
200,3.333333,-0.649886,-22.440340,7.492361,0.894392,0.959395,0.502455
201,3.350000,-0.090580,-22.111282,7.269950,0.898672,0.961106,0.499749
202,3.366667,-0.538909,-21.825846,8.370453,0.904664,0.962018,0.498217
203,3.383333,-0.511471,-22.081953,6.889057,0.906923,0.963080,0.495150
204,3.400000,-0.110705,-21.539448,7.992689,0.912705,0.964200,0.492271
205,3.416667,-0.190481,-22.019409,7.818789,0.916512,0.965336,0.489179
206,3.433333,-0.336261,-22.017275,8.531131,0.921806,0.966034,0.486787
207,3.450000,0.989906,-22.179281,8.899471,0.925992,0.966630,0.481443
208,3.466667,0.596968,-21.914043,8.391738,0.929632,0.966717,0.478269
209,3.483333,0.990945,-21.931271,8.390150,0.933669,0.967373,0.473864
210,3.500000,2.048430,-21.697340,8.869634,0.937541,0.967985,0.468007
211,3.516667,1.448824,-21.987972,7.529036,0.940094,0.967647,0.464174
212,3.533333,2.213474,-21.675692,9.190354,0.945205,0.968231,0.459238
213,3.550000,2.112764,-21.591364,9.086565,0.948455,0.967707,0.454506
214,3.566667,2.842072,-21.341366,8.781438,0.951058,0.967492,0.447988
215,3.583333,3.325622,-21.532688,9.754741,0.955643,0.967049,0.442937
216,3.600000,4.132054,-21.477131,9.244969,0.956925,0.967613,0.436375
217,3.616667,4.159431,-21.386881,10.848287,0.962383,0.966938,0.431499
218,3.633333,5.119558,-21.107197,10.559061,0.964905,0.966689,0.424270
219,3.650000,5.426564,-20.960283,10.271596,0.966654,0.966612,0.418680
220,3.666667,5.928734,-21.061499,10.043590,0.968076,0.967350,0.411909
221,3.683333,6.485937,-21.117119,9.934083,0.970322,0.966497,0.405494
222,3.700000,7.462772,-20.453825,11.474791,0.973582,0.967489,0.398985
223,3.716667,6.312066,-20.861534,11.277852,0.975504,0.966133,0.394907
224,3.733333,7.053490,-20.702293,10.318195,0.975411,0.966144,0.387309
225,3.750000,7.630013,-20.634813,10.649727,0.977111,0.965157,0.380681
226,3.766667,8.043251,-20.430466,10.677687,0.977883,0.964316,0.373971
227,3.783333,8.134270,-20.272997,11.262824,0.979391,0.964253,0.368612
228,3.800000,8.481955,-20.242422,12.442905,0.981032,0.963767,0.362925
229,3.816667,8.441554,-20.279266,11.578556,0.979936,0.962621,0.356517
230,3.833333,9.322563,-19.853790,12.113504,0.980372,0.962792,0.349889
231,3.850000,9.701573,-19.731842,11.478148,0.979568,0.961851,0.343357
232,3.866667,9.261595,-19.865362,10.715087,0.977758,0.961953,0.337826
233,3.883333,9.339134,-19.531286,11.517860,0.978312,0.962061,0.332816
234,3.900000,9.735933,-19.474571,11.262178,0.977202,0.961684,0.326608
235,3.916667,9.878452,-19.724031,10.487371,0.974734,0.961213,0.320689
236,3.933333,9.359508,-19.323452,11.319279,0.974945,0.961249,0.317000
237,3.950000,10.373159,-19.048679,11.172916,0.973006,0.960748,0.310089
238,3.966667,9.555058,-19.383133,9.568368,0.968637,0.960781,0.305823
239,3.983333,10.075076,-19.056574,9.987122,0.967232,0.960866,0.300184
240,4.000000,10.108915,-19.366415,9.302002,0.964002,0.960534,0.295636
241,4.016667,10.057845,-18.858503,9.948402,0.962176,0.960897,0.291390
242,4.033333,10.271867,-19.097723,9.963430,0.959894,0.960649,0.286678
243,4.050000,10.488562,-18.802423,9.404381,0.955901,0.961359,0.282404
244,4.066667,9.449244,-18.681044,9.958754,0.954228,0.960900,0.280105
245,4.083333,9.812491,-18.563089,8.832961,0.949378,0.961453,0.274913
246,4.100000,10.602065,-18.271519,8.805795,0.945536,0.962691,0.270400
247,4.116667,9.570516,-18.649174,8.384365,0.942297,0.961925,0.268181
248,4.133333,9.880773,-18.455065,7.943105,0.937906,0.962592,0.264579
249,4.150000,9.594289,-18.406487,7.405845,0.933444,0.963024,0.261503
250,4.166667,9.067606,-18.149328,8.114186,0.931082,0.963112,0.259757
251,4.183333,9.529235,-18.412685,7.046484,0.925156,0.963474,0.255863
252,4.200000,9.440795,-18.077822,7.506234,0.921893,0.963870,0.253548
253,4.216667,9.183003,-17.841053,7.943534,0.918396,0.964192,0.251910
254,4.233333,9.343349,-18.159910,7.203891,0.913176,0.964274,0.248908
255,4.250000,8.264596,-17.980183,7.113278,0.909349,0.963844,0.247944
256,4.266667,8.104916,-17.995115,6.872834,0.905218,0.963681,0.246321
257,4.283333,8.561258,-17.893944,5.469606,0.899102,0.963201,0.243261
258,4.300000,8.156319,-17.885139,5.674389,0.895387,0.963140,0.242378
259,4.316667,7.776374,-18.185804,4.051436,0.889103,0.962119,0.240534
260,4.333333,8.131128,-18.330009,3.486838,0.884334,0.961915,0.239170
261,4.350000,8.265040,-18.160501,3.709661,0.880413,0.961865,0.237990
262,4.366667,8.271283,-18.114653,2.884293,0.875975,0.960932,0.236879
263,4.383333,7.722853,-18.264984,2.450161,0.871347,0.960131,0.236648
264,4.400000,7.656978,-18.033728,3.043823,0.868352,0.959643,0.236145
265,4.416667,7.780776,-18.279310,2.403264,0.864151,0.958868,0.235396
266,4.433333,7.884721,-17.961040,1.505311,0.858854,0.958909,0.234181
267,4.450000,6.980888,-18.324030,1.521288,0.855968,0.957965,0.235646
268,4.466667,6.703964,-18.499929,0.310228,0.851258,0.957062,0.235511
269,4.483333,6.647745,-18.178930,0.668548,0.848753,0.957181,0.235544
270,4.500000,6.528341,-18.262930,0.405360,0.845922,0.956003,0.236131
271,4.516667,5.946300,-18.417784,0.487156,0.843380,0.955924,0.237291
272,4.533333,6.077087,-18.598915,-0.737635,0.839159,0.955244,0.237215
273,4.550000,6.281171,-18.161114,0.527744,0.838190,0.955642,0.237524
274,4.566667,5.690877,-18.552202,0.170817,0.836154,0.955134,0.239263
275,4.583333,5.499804,-18.784445,0.657364,0.834713,0.954744,0.240592
276,4.600000,5.857096,-18.579441,-0.331478,0.831547,0.954725,0.240374
277,4.616667,4.950107,-18.570475,0.512424,0.831003,0.954968,0.242965
278,4.633333,4.466824,-18.367268,0.845455,0.830207,0.954600,0.244465
279,4.650000,4.750250,-18.336897,2.031956,0.831081,0.954472,0.245657
280,4.666667,4.172628,-18.656099,0.596724,0.828426,0.953774,0.247254
281,4.683333,4.655341,-18.565950,0.801772,0.828072,0.953429,0.247998
282,4.700000,4.650031,-18.814920,0.462490,0.827211,0.953468,0.249460
283,4.716667,4.236256,-18.920084,1.308895,0.827754,0.953501,0.251651
284,4.733333,4.219597,-18.804680,1.867309,0.828234,0.953187,0.253242
285,4.750000,3.954624,-18.992682,2.177256,0.828612,0.952833,0.254974
286,4.766667,4.114805,-18.839184,3.023069,0.829734,0.951799,0.256476
287,4.783333,4.070905,-19.043776,4.042292,0.831460,0.951227,0.258458
288,4.800000,4.296702,-19.136297,3.887142,0.831557,0.950362,0.259619
289,4.816667,4.283262,-19.416550,4.073328,0.832359,0.949790,0.261267
290,4.833333,3.770912,-19.310469,3.954414,0.832117,0.949610,0.262997
291,4.850000,4.221582,-19.674843,3.863910,0.832961,0.949124,0.264110
292,4.866667,4.207731,-19.778025,4.745691,0.835152,0.948714,0.266119
293,4.883333,4.755107,-20.217392,4.715676,0.835863,0.948139,0.266603
294,4.900000,4.364491,-20.189009,4.540674,0.836225,0.948035,0.268301
295,4.916667,4.358806,-20.365469,4.463778,0.837246,0.947460,0.269723
296,4.933333,4.338813,-20.558500,5.017251,0.838948,0.947200,0.271394
297,4.950000,4.002578,-20.654350,5.965024,0.841124,0.947547,0.273751
298,4.966667,4.065907,-20.968586,6.652347,0.842757,0.947749,0.275061
299,4.983333,4.644981,-20.766222,6.936300,0.843709,0.947139,0.275368
300,5.000000,4.590571,-21.053240,6.737723,0.844746,0.946876,0.276652
301,5.016667,4.508888,-21.288244,6.372822,0.845350,0.946097,0.277629
302,5.033333,4.735403,-21.629120,6.569539,0.846833,0.946055,0.278785
303,5.050000,4.337845,-21.890709,6.342495,0.847556,0.945412,0.280193
304,5.066667,4.535336,-22.375454,5.765491,0.848029,0.945319,0.280628
305,5.083333,4.524747,-22.486544,6.284191,0.849623,0.945097,0.281533
306,5.100000,4.418545,-22.635126,7.429667,0.851767,0.945044,0.283155
307,5.116667,4.569628,-22.877571,7.776746,0.852650,0.945021,0.283753
308,5.133333,4.711851,-23.157145,8.131371,0.853125,0.945303,0.284343
309,5.150000,4.715452,-23.495424,8.334394,0.853827,0.945117,0.285074
310,5.166667,4.867322,-23.839954,8.509221,0.854428,0.945047,0.285747
311,5.183333,4.775167,-23.824615,9.367179,0.856367,0.945254,0.286632
312,5.200000,4.338230,-24.310432,8.960206,0.856798,0.944191,0.287825
313,5.216667,4.867123,-24.704012,9.338540,0.857456,0.944526,0.287987
314,5.233333,5.050398,-25.113888,9.026993,0.857301,0.944322,0.288025
315,5.250000,5.101551,-25.411989,9.110171,0.857503,0.944144,0.288311
316,5.266667,5.285168,-25.900547,9.128428,0.857342,0.943812,0.288563
317,5.283333,5.214366,-26.308571,9.253661,0.857108,0.943468,0.288860
318,5.300000,5.180623,-26.505976,9.787698,0.857406,0.943220,0.289351
319,5.316667,5.397714,-26.944340,9.945488,0.857117,0.943050,0.289031
320,5.333333,5.740111,-27.049456,9.784446,0.856654,0.942287,0.288341
321,5.350000,5.570674,-27.549303,10.291333,0.856708,0.942688,0.288857
322,5.366667,5.534871,-27.973671,9.563561,0.855379,0.942762,0.288088
323,5.383333,5.421822,-28.333641,9.031323,0.854280,0.942308,0.287784
324,5.400000,5.683938,-28.973568,8.694533,0.853051,0.942200,0.287240
325,5.416667,6.115321,-29.218340,9.504002,0.853211,0.942208,0.286854
326,5.433333,5.984330,-29.598177,8.482031,0.851467,0.941666,0.285897
327,5.450000,5.642850,-30.119776,8.269424,0.849840,0.942031,0.285556
328,5.466667,5.691664,-30.297329,8.174134,0.848338,0.941780,0.284883
329,5.483333,5.852730,-30.457617,8.166712,0.847151,0.941681,0.284377
330,5.500000,5.867739,-30.998486,8.279038,0.846304,0.941655,0.284139
331,5.516667,5.978561,-31.496759,7.943052,0.844696,0.941464,0.283389
332,5.533333,5.902512,-31.812485,7.329258,0.842431,0.941279,0.282095
333,5.550000,5.552468,-32.272141,6.963387,0.841060,0.941143,0.281984
334,5.566667,5.966750,-32.532551,7.290676,0.840253,0.940972,0.281348
335,5.583333,6.092112,-33.198318,6.972141,0.839009,0.941449,0.280736
336,5.600000,5.888203,-33.735157,6.897035,0.837628,0.941978,0.280559
337,5.616667,5.970995,-34.011303,6.853955,0.836338,0.941794,0.279698
338,5.633333,6.292373,-34.563770,6.516489,0.834370,0.941652,0.278652
339,5.650000,6.373813,-35.051884,6.582469,0.833155,0.941477,0.278446
340,5.666667,6.249660,-35.401485,6.453269,0.831750,0.940896,0.278176
341,5.683333,6.512939,-35.733929,6.639719,0.830913,0.940459,0.277759
342,5.700000,6.926394,-36.040131,6.555792,0.829522,0.940324,0.276634
343,5.716667,7.394816,-36.340538,6.804160,0.828750,0.940021,0.275995
344,5.733333,7.358006,-36.829426,7.401650,0.828063,0.939367,0.276163
345,5.750000,7.501915,-37.280426,8.162253,0.828180,0.938751,0.276344
346,5.766667,6.859689,-37.571491,6.444329,0.825238,0.938551,0.275615
347,5.783333,6.794209,-37.893414,6.976870,0.825242,0.937946,0.276188
348,5.800000,6.457496,-38.176170,6.659482,0.824039,0.937737,0.276287
349,5.816667,6.489702,-38.402710,6.559723,0.822973,0.937819,0.276139
350,5.833333,6.594143,-38.748493,6.493469,0.821586,0.938157,0.275797
351,5.850000,6.420918,-39.142883,6.795318,0.821135,0.938820,0.276202
352,5.866667,6.203885,-39.620827,6.683540,0.820309,0.939882,0.276459
353,5.883333,6.261797,-39.793278,7.475301,0.820862,0.941596,0.277248
354,5.900000,5.822483,-40.319252,7.067763,0.819917,0.943711,0.277878
355,5.916667,5.822007,-40.654781,6.478406,0.818731,0.947072,0.277686
356,5.933333,5.796980,-40.919952,5.809063,0.818433,0.949909,0.277564
357,5.950000,5.708975,-41.353561,5.799661,0.817916,0.953756,0.277914
358,5.966667,6.179158,-41.975292,5.734421,0.817421,0.957647,0.277236
359,5.983333,5.821815,-42.146053,6.599138,0.818376,0.961557,0.278883
360,6.000000,6.109194,-42.373169,6.049861,0.817996,0.965270,0.278384
361,6.016667,5.879419,-42.838696,6.980216,0.818103,0.969953,0.279908
362,6.033333,7.060348,-42.728279,7.855051,0.818975,0.973956,0.279470
363,6.050000,6.988743,-43.260201,8.197118,0.818983,0.978455,0.280442
364,6.066667,7.232895,-43.656013,8.023844,0.818832,0.982810,0.280468
365,6.083333,7.128406,-44.266033,8.293508,0.819788,0.986529,0.281601
366,6.100000,6.740129,-44.457039,8.116334,0.819652,0.990444,0.282701
367,6.116667,6.731284,-44.509171,7.046553,0.818946,0.994566,0.282025
368,6.133333,7.223579,-45.037601,8.169176,0.820286,0.998408,0.283308
369,6.150000,7.422066,-45.177723,7.472406,0.820178,1.002427,0.282751
370,6.166667,6.627232,-45.560741,8.832276,0.821468,1.006247,0.285990
371,6.183333,7.159092,-45.900887,9.264262,0.821806,1.010097,0.285554
372,6.200000,7.564934,-45.954369,8.778164,0.821643,1.013857,0.285325
373,6.216667,7.369594,-46.176620,8.545609,0.821813,1.018058,0.286104
374,6.233333,7.336697,-46.490734,8.834705,0.822223,1.021677,0.286973
375,6.250000,7.516066,-46.564568,10.081923,0.823707,1.026103,0.288625
376,6.266667,7.356449,-46.535080,9.748011,0.823739,1.030286,0.289262
377,6.283333,7.410761,-46.999889,9.487883,0.824361,1.033476,0.290058
378,6.300000,7.236648,-47.507950,9.003107,0.824203,1.036851,0.290193
379,6.316667,7.577151,-47.672195,10.382853,0.825719,1.040334,0.291624
380,6.333333,7.935490,-47.737869,10.885675,0.826618,1.043608,0.292582
381,6.350000,7.713874,-47.937820,9.545657,0.825792,1.045440,0.292231
382,6.366667,7.737645,-48.305813,10.210566,0.826587,1.047330,0.293782
383,6.383333,8.596694,-48.186382,10.892402,0.827447,1.049339,0.293483
384,6.400000,7.536068,-48.340084,11.634011,0.828323,1.051267,0.296299
385,6.416667,7.529728,-48.100552,11.012128,0.828439,1.051795,0.296377
386,6.433333,8.212520,-48.332039,11.066666,0.828435,1.053827,0.296171
387,6.450000,8.642019,-49.224312,11.598867,0.828529,1.054445,0.296714
388,6.466667,8.015423,-49.088070,10.044568,0.828339,1.055022,0.297150
389,6.483333,7.866565,-49.179615,9.975678,0.828731,1.055619,0.297979
390,6.500000,7.014498,-49.309967,10.227148,0.829498,1.055770,0.300120
391,6.516667,7.627618,-49.422844,10.001223,0.829569,1.056017,0.299395
392,6.533333,7.471871,-49.659634,10.321630,0.829952,1.056311,0.300262
393,6.550000,7.226528,-49.626732,11.102120,0.830692,1.056350,0.302011
394,6.566667,7.399829,-49.697647,11.657285,0.831276,1.056469,0.302891
395,6.583333,7.710979,-49.816532,11.526435,0.831209,1.056697,0.302531
396,6.600000,7.784618,-49.653065,12.094677,0.831894,1.056077,0.303967
397,6.616667,7.546999,-49.676796,11.934691,0.831837,1.055306,0.304618
398,6.633333,7.186259,-49.844341,11.740583,0.831693,1.054620,0.305403
399,6.650000,7.019459,-50.113865,10.983472,0.831223,1.053684,0.305305
400,6.666667,7.018582,-50.189598,10.234747,0.830946,1.052211,0.304986
401,6.683333,6.902175,-50.186634,9.912414,0.831093,1.051338,0.304807
402,6.700000,6.568526,-50.271011,9.752657,0.831057,1.050286,0.305372
403,6.716667,6.347569,-50.157406,9.379443,0.830747,1.049092,0.305437
404,6.733333,6.304240,-50.197815,10.404939,0.832100,1.047895,0.306727
405,6.750000,6.332583,-50.316074,10.820938,0.832409,1.046748,0.307019
406,6.766667,5.938961,-49.953350,9.922698,0.831737,1.045699,0.306775
407,6.783333,6.000583,-50.062000,9.745898,0.831782,1.044984,0.306412
408,6.800000,6.321581,-50.016617,10.225436,0.832525,1.043819,0.306500
409,6.816667,6.497109,-50.062325,10.228697,0.832964,1.043103,0.306309
410,6.833333,6.378308,-50.078655,10.105968,0.832939,1.042775,0.306324
411,6.850000,6.031672,-50.097694,9.638170,0.833100,1.042353,0.306272
412,6.866667,5.472163,-50.118938,8.712633,0.832720,1.041798,0.305883
413,6.883333,5.466777,-50.113411,8.498072,0.832843,1.041794,0.305267
414,6.900000,5.247038,-49.963554,8.267701,0.833161,1.041680,0.304811
415,6.916667,4.835305,-49.936237,7.886880,0.833698,1.041672,0.304451
416,6.933333,4.554377,-49.756886,7.172181,0.834002,1.041787,0.303722
417,6.950000,3.866338,-49.959000,7.215538,0.834558,1.042610,0.304543
418,6.966667,3.727154,-49.740528,6.991134,0.835298,1.042874,0.303604
419,6.983333,3.581873,-49.619175,6.324155,0.835876,1.042890,0.302490
420,7.000000,3.433974,-49.695503,6.009485,0.836605,1.043058,0.302192
421,7.016667,3.738590,-49.544384,6.094786,0.838388,1.042189,0.301189
422,7.033333,4.120162,-49.573147,4.802774,0.838662,1.042483,0.298686
423,7.050000,3.843692,-49.341209,4.294343,0.839707,1.041991,0.297806
424,7.066667,3.105722,-49.271492,3.834782,0.841278,1.041724,0.297621
425,7.083333,3.223053,-49.061760,3.686660,0.842558,1.041891,0.296816
426,7.100000,3.245135,-48.765446,4.463821,0.844900,1.040627,0.296430
427,7.116667,3.966308,-48.739208,4.433753,0.847002,1.039663,0.294674
428,7.133333,4.040570,-48.528759,4.896244,0.849459,1.039189,0.294153
429,7.150000,4.654433,-48.484489,5.471530,0.851847,1.038429,0.293582
430,7.166667,4.173937,-48.378407,6.030183,0.854673,1.037611,0.293811
431,7.183333,4.909122,-48.197662,5.793075,0.857002,1.037310,0.291953
432,7.200000,4.758136,-48.081093,5.143404,0.859191,1.037065,0.290771
433,7.216667,4.999251,-47.898434,5.317392,0.861521,1.036744,0.289863
434,7.233333,5.585783,-47.515949,6.603160,0.866374,1.035060,0.289438
435,7.250000,5.224036,-47.381687,6.130532,0.868938,1.035796,0.288335
436,7.266667,5.832207,-47.253674,7.297335,0.872449,1.035514,0.288238
437,7.283333,5.763507,-47.033421,7.371501,0.875502,1.034804,0.287464
438,7.300000,6.036095,-46.890999,8.121223,0.879839,1.034220,0.287275
439,7.316667,7.065615,-46.570850,9.179880,0.883564,1.033874,0.285888
440,7.333333,6.404214,-46.237324,7.532324,0.885051,1.034009,0.284579
441,7.350000,7.635389,-46.050522,8.709074,0.890049,1.033621,0.283027
442,7.366667,6.856179,-45.797077,9.298667,0.893377,1.032927,0.283949
443,7.383333,7.834462,-45.999931,8.410107,0.896419,1.031777,0.280815
444,7.400000,7.592831,-45.333599,8.582589,0.900105,1.032147,0.280831
445,7.416667,7.209499,-45.089947,8.985018,0.904113,1.031005,0.281354
446,7.433333,7.414775,-44.709068,9.105345,0.907662,1.030528,0.279730
447,7.450000,7.164615,-44.558117,9.087242,0.911211,1.029743,0.280192
448,7.466667,7.327321,-44.251789,9.502197,0.915046,1.029312,0.279140
449,7.483333,7.312034,-43.874676,9.339683,0.918006,1.029377,0.277845
450,7.500000,8.272502,-43.521248,9.711924,0.921245,1.028477,0.276203
451,7.516667,7.554929,-43.458908,9.739309,0.925571,1.028401,0.276937
452,7.533333,8.169500,-42.909657,10.299700,0.929210,1.027629,0.276174
453,7.550000,8.410939,-42.800419,10.005437,0.932072,1.027904,0.274484
454,7.566667,7.867649,-42.725502,9.471148,0.935047,1.027745,0.274817
455,7.583333,8.226287,-42.233032,9.357131,0.938291,1.027815,0.273039
456,7.600000,7.649835,-41.893509,8.838924,0.940706,1.027645,0.272816
457,7.616667,7.608525,-41.566826,9.340526,0.944805,1.027245,0.272671
458,7.633333,7.827355,-41.285778,10.042512,0.948395,1.027185,0.272426
459,7.650000,7.565217,-40.866959,9.025703,0.950363,1.026623,0.271258
460,7.666667,7.195179,-40.568542,9.137743,0.953579,1.026063,0.271396
461,7.683333,7.638307,-40.069286,10.104048,0.957670,1.025458,0.271236
462,7.700000,8.598564,-39.478161,11.199242,0.961468,1.025127,0.269904
463,7.716667,7.909134,-39.446915,10.124050,0.963022,1.024277,0.269373
464,7.733333,8.483251,-38.943211,9.678144,0.965627,1.023452,0.267884
465,7.750000,8.563702,-39.118805,10.592590,0.969000,1.022615,0.268609
466,7.766667,8.186792,-38.588997,9.740173,0.971376,1.021729,0.267797
467,7.783333,8.381717,-37.923168,10.046701,0.974367,1.020961,0.267197
468,7.800000,7.968421,-37.852158,9.479930,0.976158,1.019733,0.267036
469,7.816667,8.072974,-37.467731,8.988982,0.978250,1.019027,0.266288
470,7.833333,8.436968,-36.763062,9.892287,0.981345,1.018690,0.266032
471,7.850000,8.329003,-36.571571,9.738972,0.982993,1.018414,0.265513
472,7.866667,8.987231,-36.322948,9.202216,0.984957,1.017498,0.263978
473,7.883333,8.881471,-35.995140,9.591475,0.987645,1.017271,0.264485
474,7.900000,9.036211,-35.925587,9.680143,0.989637,1.017145,0.264507
475,7.916667,8.749146,-35.556999,9.744788,0.991245,1.017280,0.264964
476,7.933333,8.458780,-35.076809,9.641675,0.993492,1.016594,0.265412
477,7.950000,7.621005,-34.468349,9.018088,0.995009,1.016324,0.265952
478,7.966667,8.186011,-33.997643,9.070484,0.997541,1.014784,0.265712
479,7.983333,7.854673,-33.780136,8.091558,0.998092,1.014923,0.265635
480,8.000000,7.522845,-33.295673,8.634633,1.000806,1.014905,0.266430
481,8.016667,8.187533,-33.096161,7.928403,1.001920,1.013837,0.265526
482,8.033333,8.045815,-32.715450,8.135359,1.003709,1.013712,0.266603
483,8.050000,7.642248,-32.400822,8.220008,1.005159,1.013610,0.268055
484,8.066667,7.297571,-31.703266,8.805641,1.007359,1.013579,0.269442
485,8.083333,8.537879,-31.276793,8.468387,1.008426,1.012777,0.268199
486,8.100000,8.164741,-31.094652,8.560040,1.009815,1.012604,0.269712
487,8.116667,8.415805,-30.514133,8.525331,1.010774,1.012369,0.270122
488,8.133333,8.384892,-30.304890,8.173492,1.012036,1.011990,0.271010
489,8.150000,8.146609,-30.108643,7.626745,1.013226,1.012087,0.272175
490,8.166667,7.888544,-29.646341,7.369402,1.014272,1.011869,0.273390
491,8.183333,7.105205,-29.156244,8.252627,1.017154,1.011645,0.276505
492,8.200000,7.959318,-28.660393,7.099026,1.016355,1.011309,0.275395
493,8.216667,8.344091,-28.434141,8.282646,1.018854,1.011956,0.277604
494,8.233333,7.140380,-27.932238,7.092372,1.018445,1.011520,0.279621
495,8.250000,7.255716,-27.805700,7.468627,1.019979,1.011550,0.281522
496,8.266667,7.783923,-27.463552,7.541478,1.020913,1.011086,0.283063
497,8.283333,8.186997,-27.014856,8.161381,1.022661,1.011085,0.284602
498,8.300000,7.890265,-26.459484,7.692491,1.023245,1.010514,0.286194
499,8.316667,7.742465,-26.220715,7.423759,1.023807,1.009806,0.288390
500,8.333333,7.326851,-25.991669,7.784331,1.025300,1.009256,0.291175
501,8.350000,7.315115,-25.543941,6.961496,1.025080,1.009007,0.292695
502,8.366667,7.737700,-24.980984,7.046275,1.026208,1.008440,0.294535
503,8.383333,7.782022,-24.438442,6.971653,1.027305,1.006959,0.296418
504,8.400000,7.180710,-24.523870,6.680177,1.027569,1.006486,0.299379
505,8.416667,7.236742,-24.088268,6.675235,1.028347,1.005639,0.301901
506,8.433333,7.064456,-23.521162,6.855374,1.029251,1.005154,0.304511
507,8.450000,6.744893,-23.150728,7.032874,1.030257,1.004499,0.307541
508,8.466667,6.975091,-22.561129,6.482904,1.029530,1.003763,0.309243
509,8.483333,6.984882,-22.213987,6.565817,1.030283,1.003136,0.312152
510,8.500000,6.936599,-21.987947,7.254496,1.031777,1.002803,0.315213
511,8.516667,6.702117,-21.665833,7.370365,1.032304,1.002573,0.318306
512,8.533333,6.713148,-21.170074,5.513166,1.030790,1.001325,0.320027
513,8.550000,6.282340,-20.765036,6.793398,1.032910,1.001309,0.324154
514,8.566667,6.067815,-20.370407,6.577524,1.032667,1.001550,0.327040
515,8.583333,6.484002,-19.895649,6.153348,1.032629,1.001101,0.329391
516,8.600000,6.198487,-19.640608,6.542222,1.033523,1.001111,0.333053
517,8.616667,5.700562,-19.150021,7.004168,1.034261,1.001677,0.336520
518,8.633333,5.696594,-18.752827,6.623175,1.033551,1.001850,0.339696
519,8.650000,6.179652,-18.392273,7.125400,1.034627,1.001958,0.341987
520,8.666667,6.016423,-18.048326,6.702302,1.034147,1.002732,0.345038
521,8.683333,5.548734,-17.740765,6.026394,1.032962,1.002952,0.348159
522,8.700000,5.353097,-17.080452,5.930727,1.032679,1.003034,0.351175
523,8.716667,5.153467,-16.887413,7.223522,1.034494,1.004198,0.355373
524,8.733333,4.829700,-16.588684,5.618377,1.032233,1.004474,0.357893
525,8.750000,5.108256,-15.987966,5.834387,1.032452,1.005232,0.360469
526,8.766667,5.392229,-15.552332,5.021428,1.031226,1.005337,0.362672
527,8.783333,5.013136,-15.236440,5.938628,1.032540,1.006035,0.366851
528,8.800000,4.995704,-14.932228,5.732004,1.031453,1.006464,0.369547
529,8.816667,5.232273,-14.379557,5.345443,1.030825,1.006683,0.371985
530,8.833333,4.722635,-14.100738,6.181043,1.031818,1.007474,0.375896
531,8.850000,4.951495,-13.898930,5.205696,1.030187,1.007615,0.378048
532,8.866667,5.150558,-13.203076,3.993470,1.027998,1.007974,0.379768
533,8.883333,3.701289,-12.677779,6.231266,1.030540,1.010135,0.385557
534,8.900000,4.246004,-12.742997,5.399643,1.029514,1.009588,0.387379
535,8.916667,4.122342,-12.125922,4.043324,1.026994,1.010332,0.389749
536,8.933333,3.772112,-11.741293,3.828903,1.027059,1.011197,0.393016
537,8.950000,4.315814,-11.022969,3.870900,1.026849,1.010987,0.394890
538,8.966667,3.997028,-10.806952,3.373379,1.025819,1.011871,0.397595
539,8.983333,3.803872,-10.312361,2.814272,1.025212,1.012213,0.400321
540,9.000000,4.332077,-9.772228,2.301102,1.023988,1.013395,0.402033
541,9.016667,3.883532,-9.391693,2.632996,1.024191,1.013737,0.405111
542,9.033333,4.066012,-8.810700,3.101070,1.025579,1.014541,0.407641
543,9.050000,3.716922,-8.345066,2.436764,1.024359,1.014872,0.410463
544,9.066667,3.309449,-7.981242,1.337469,1.023741,1.015511,0.413100
545,9.083333,2.955060,-7.608522,1.927152,1.023925,1.016370,0.415896
546,9.100000,3.468870,-6.686733,2.403073,1.025553,1.015933,0.417181
547,9.116667,3.857687,-6.162625,1.669541,1.024824,1.015832,0.419071
548,9.133333,3.628073,-5.705410,1.007679,1.024638,1.016068,0.421595
549,9.150000,3.642199,-4.862719,2.156726,1.026856,1.015307,0.423753
550,9.166667,4.043303,-4.337383,0.950801,1.025853,1.014820,0.424997
551,9.183333,3.187355,-3.907942,2.245162,1.028292,1.014873,0.428441
552,9.200000,3.758893,-3.037484,2.030182,1.028362,1.013920,0.429775
553,9.216667,3.868176,-2.681804,2.074399,1.030107,1.013096,0.431605
554,9.233333,3.837418,-1.948245,0.894713,1.029290,1.012778,0.433185
555,9.250000,4.073738,-1.341192,1.640584,1.031000,1.011225,0.434896
556,9.266667,4.207003,-0.630097,2.305268,1.033389,1.010850,0.436612
557,9.283333,3.742754,0.178956,1.973723,1.034138,1.009302,0.438829
558,9.300000,4.205306,1.482693,2.464629,1.036885,1.007906,0.440011
559,9.316667,3.590339,1.538954,3.351802,1.038478,1.007539,0.442315
560,9.333333,3.860052,2.446118,4.173432,1.041417,1.005525,0.443497
561,9.350000,4.165412,2.890340,3.887106,1.042162,1.004556,0.444703
562,9.366667,4.031910,3.784074,3.997454,1.043672,1.003277,0.446313
563,9.383333,4.024912,4.499070,4.272195,1.045089,1.002939,0.447603
564,9.400000,3.512627,5.083087,3.820060,1.045511,1.002249,0.449731
565,9.416667,3.912550,6.063860,3.776566,1.047315,1.000402,0.450497
566,9.433333,3.597775,6.832260,3.973354,1.048660,0.999675,0.452222
567,9.450000,3.680013,7.542533,4.406247,1.050800,0.998557,0.453244
568,9.466667,4.089989,8.796787,4.650218,1.052427,0.997129,0.453677
569,9.483333,3.767102,9.284777,4.575659,1.053013,0.996411,0.455257
570,9.500000,3.684132,9.969657,5.020037,1.054481,0.995770,0.456628
571,9.516667,3.838393,11.186568,6.337052,1.056933,0.994854,0.456803
572,9.533333,3.374605,11.537853,5.962828,1.057173,0.994367,0.458716
573,9.550000,3.141611,12.080033,5.470832,1.056928,0.993989,0.460105
574,9.566667,3.285965,13.104152,5.512542,1.057549,0.993648,0.460991
575,9.583333,4.045117,14.161066,6.715468,1.060138,0.993615,0.460297
576,9.600000,3.711714,14.879792,5.867019,1.059767,0.993488,0.461973
577,9.616667,4.048138,15.734304,5.447460,1.058983,0.994123,0.462232
578,9.633333,4.053826,16.660469,5.640446,1.059484,0.994346,0.462753
579,9.650000,3.626694,17.299536,5.663171,1.059502,0.993800,0.463909
580,9.666667,3.445910,18.168827,5.470713,1.058777,0.993468,0.464780
581,9.683333,3.050822,18.878712,6.192715,1.058738,0.992952,0.465712
582,9.700000,2.854073,19.719833,6.485246,1.058030,0.992872,0.466632
583,9.716667,3.431835,20.713633,6.209902,1.056356,0.993177,0.466847
584,9.733333,2.947203,21.106585,6.985394,1.056430,0.992486,0.467750
585,9.750000,3.011742,22.018599,6.313922,1.054408,0.992037,0.468625
586,9.766667,3.246480,23.041735,6.192081,1.053021,0.991865,0.468728
587,9.783333,3.864526,23.968252,5.828369,1.051173,0.991273,0.468544
588,9.800000,3.734371,24.759972,6.140911,1.049745,0.990683,0.468843
589,9.816667,3.105492,24.794682,5.826313,1.047589,0.990092,0.470629
590,9.833333,3.192256,25.912664,5.691049,1.044875,0.990685,0.470639
591,9.850000,3.082322,26.746101,5.351319,1.042067,0.990807,0.471458
592,9.866667,2.741469,27.417713,5.717280,1.040695,0.990237,0.471943
593,9.883333,2.701605,28.352116,5.354229,1.037059,0.990112,0.472471
594,9.900000,3.187443,29.090254,5.235126,1.033980,0.990309,0.472655
595,9.916667,3.449436,29.903542,5.569919,1.032010,0.990262,0.472480
596,9.933333,3.621146,30.694071,5.820473,1.028803,0.990217,0.472497
597,9.950000,3.976415,31.273674,4.723928,1.024472,0.990229,0.473109
598,9.966667,4.107180,31.950621,4.492664,1.020273,0.990624,0.473516
599,9.983333,4.492207,32.387680,3.864016,1.016792,0.990270,0.473630
600,10.000000,4.877905,33.562828,2.718364,1.011893,0.989633,0.474241
601,10.016667,4.173536,33.985126,3.038176,1.008330,0.989693,0.475077
602,10.033333,4.332271,34.591656,1.655281,1.002690,0.989134,0.476124
603,10.050000,4.751381,35.570477,1.871546,0.999180,0.989369,0.475837
604,10.066667,4.985173,36.183922,1.355456,0.994325,0.988997,0.476405
605,10.083333,4.425775,36.949345,2.430027,0.991399,0.989418,0.476551
606,10.100000,5.068573,37.604237,2.051562,0.986860,0.989253,0.476569
607,10.116667,6.553098,38.675400,0.451675,0.980901,0.988829,0.476541
608,10.133333,6.356730,39.198864,0.525511,0.976701,0.989861,0.477289
609,10.150000,6.004342,39.557121,0.283741,0.972149,0.989311,0.477962
610,10.166667,6.838200,40.238953,-1.482764,0.965970,0.988913,0.478621
611,10.183333,6.463429,40.880768,-0.216677,0.963085,0.988943,0.478192
612,10.200000,6.597042,41.536777,-0.886746,0.958181,0.988754,0.479008
613,10.216667,6.901752,42.053398,-1.169590,0.953816,0.988079,0.479111
614,10.233333,7.029430,42.849785,-1.313966,0.948984,0.987813,0.479667
615,10.250000,7.122330,43.658382,-1.471681,0.944485,0.987161,0.479769
616,10.266667,6.950786,44.223179,-0.712618,0.941087,0.987528,0.479870
617,10.283333,7.652614,44.648666,-1.855749,0.935058,0.986870,0.480565
618,10.300000,7.907716,45.381886,-1.837624,0.931232,0.987071,0.480595
619,10.316667,9.161367,45.806580,-3.649680,0.925033,0.986450,0.481288
620,10.333333,9.308170,46.824211,-3.192115,0.921698,0.986194,0.480914
621,10.350000,9.752038,47.237480,-4.325485,0.916536,0.985617,0.481882
622,10.366667,9.328708,47.607513,-4.118244,0.912501,0.985011,0.482539
623,10.383333,9.926129,48.666481,-4.733852,0.908252,0.984228,0.482573
624,10.400000,9.569954,48.683918,-4.730047,0.903941,0.983848,0.483866
625,10.416667,9.137409,49.608051,-3.554745,0.901227,0.983245,0.483718
626,10.433333,8.963508,50.332561,-2.799310,0.897978,0.982780,0.483978
627,10.450000,8.862775,50.663879,-3.500039,0.893415,0.982656,0.485392
628,10.466667,10.137184,51.220413,-4.353771,0.888640,0.982195,0.484925
629,10.483333,9.753854,51.982716,-3.476817,0.885795,0.982240,0.484892
630,10.500000,9.837363,51.788017,-4.693186,0.880940,0.981913,0.486603
631,10.516667,9.591859,52.537144,-3.998167,0.878268,0.981693,0.486707
632,10.533333,10.559624,53.382912,-5.067534,0.873959,0.981657,0.486896
633,10.550000,10.281369,53.699505,-5.822089,0.870596,0.981559,0.488541
634,10.566667,9.386521,53.862484,-5.139164,0.866909,0.981638,0.489408
635,10.583333,10.280901,54.640541,-4.723029,0.864251,0.982186,0.488067
636,10.600000,9.450337,55.035656,-5.329514,0.860219,0.981930,0.490794
637,10.616667,9.820198,55.121838,-5.633983,0.856593,0.981939,0.490874
638,10.633333,10.723448,55.957230,-6.259259,0.852680,0.982265,0.491265
639,10.650000,10.797667,55.804016,-6.766748,0.849244,0.982069,0.492093
640,10.666667,10.741357,56.642338,-5.902629,0.847442,0.981242,0.491535
641,10.683333,11.108173,56.729607,-7.092557,0.842969,0.982075,0.492927
642,10.700000,10.352597,57.431988,-5.246039,0.841727,0.981353,0.492139
643,10.716667,10.909916,57.963078,-6.233340,0.837955,0.980826,0.492759
644,10.733333,10.231370,57.766354,-5.771690,0.835068,0.981193,0.493167
645,10.750000,10.496430,58.057919,-7.120001,0.831902,0.980543,0.494732
646,10.766667,10.352445,58.842976,-5.939787,0.829970,0.980342,0.493819
647,10.783333,9.680252,59.000179,-5.153416,0.826978,0.981624,0.494498
648,10.800000,10.510676,59.251106,-5.923071,0.824411,0.980647,0.494149
649,10.816667,10.089186,59.291821,-6.066303,0.820645,0.981174,0.495229
650,10.833333,11.199496,60.056980,-6.573772,0.817983,0.981156,0.494437
651,10.850000,9.433369,59.973877,-4.662388,0.816775,0.980803,0.494669
652,10.866667,11.504535,60.125923,-7.164396,0.812140,0.981193,0.494974
653,10.883333,10.283713,60.550251,-5.806500,0.810387,0.981101,0.495029
654,10.900000,11.467631,60.557293,-7.110847,0.807460,0.981259,0.495087
655,10.916667,11.385548,61.326748,-6.514508,0.805247,0.980314,0.494195
656,10.933333,10.492257,60.986137,-6.832200,0.802331,0.981155,0.495830
657,10.950000,9.537120,61.575230,-5.158365,0.800496,0.980517,0.495215
658,10.966667,8.413228,61.393272,-3.418037,0.799635,0.980474,0.494855
659,10.983333,9.867190,61.490746,-5.000122,0.795680,0.980619,0.494723
660,11.000000,11.020596,61.789272,-6.191433,0.792296,0.980164,0.494685
661,11.016667,9.652007,61.666481,-4.765914,0.790883,0.979883,0.494716
662,11.033333,9.410522,61.923508,-3.447937,0.789080,0.979967,0.493835
663,11.050000,11.528487,62.056293,-7.110537,0.784324,0.979973,0.494693
664,11.066667,9.897138,61.868443,-5.296523,0.782093,0.979507,0.494612
665,11.083333,9.411424,61.894798,-4.014941,0.781337,0.978916,0.493907
666,11.100000,8.114187,62.018555,-2.420888,0.779604,0.978607,0.493365
667,11.116667,10.411316,61.698952,-5.734275,0.774692,0.978776,0.494091
668,11.133333,9.889242,61.670094,-4.909687,0.772483,0.977826,0.493997
669,11.150000,8.856653,61.934216,-3.352299,0.770938,0.977285,0.493385
670,11.166667,10.541121,61.770893,-5.559461,0.766983,0.976849,0.493248
671,11.183333,10.448390,62.024826,-5.220128,0.764234,0.976304,0.492906
672,11.200000,9.737703,61.791458,-3.519660,0.763195,0.975691,0.492013
673,11.216667,11.443999,61.734489,-6.537673,0.758748,0.974227,0.492983
674,11.233333,10.348028,61.831032,-3.762733,0.757884,0.974491,0.491491
675,11.250000,11.991879,61.500492,-6.790111,0.753091,0.974199,0.492668
676,11.266667,11.073357,61.133976,-5.859446,0.751401,0.973674,0.492686
677,11.283333,10.918308,61.074009,-5.345835,0.749090,0.972991,0.492158
678,11.300000,11.477180,60.965687,-6.541195,0.745643,0.973036,0.492694
679,11.316667,11.269047,60.820232,-5.538584,0.743992,0.972548,0.491590
680,11.333333,11.667664,60.647278,-6.135055,0.741076,0.972128,0.491990
681,11.350000,11.390866,60.459564,-6.503199,0.738246,0.972237,0.493071
682,11.366667,11.640542,59.971676,-6.665465,0.735388,0.971827,0.492933
683,11.383333,10.989965,59.745647,-4.774333,0.734358,0.971596,0.491547
684,11.400000,10.515458,59.542374,-4.454930,0.732549,0.971031,0.491834
685,11.416667,11.244621,59.176003,-5.688813,0.729013,0.971298,0.492951
686,11.433333,10.346516,59.112991,-6.312846,0.725970,0.970923,0.494374
687,11.450000,10.952846,58.677502,-6.529829,0.723976,0.971481,0.494266
688,11.466667,11.159180,58.410187,-6.105365,0.721265,0.971128,0.493318
689,11.483333,10.560703,57.985649,-6.274918,0.719443,0.970945,0.494739
690,11.500000,10.857621,57.607784,-7.491655,0.715887,0.970285,0.495843
691,11.516667,10.916154,57.569248,-6.508109,0.715020,0.970125,0.494275
692,11.533333,10.426061,56.987488,-6.019096,0.712888,0.970129,0.495038
693,11.550000,10.606236,56.478794,-5.684645,0.711400,0.969353,0.494315
694,11.566667,10.504305,56.445946,-6.766239,0.708765,0.968390,0.495596
695,11.583333,9.735850,56.032330,-5.291482,0.707815,0.967398,0.495094
696,11.600000,10.301895,55.349213,-5.854105,0.704687,0.967767,0.494772
697,11.616667,10.350116,54.903412,-6.516160,0.702544,0.967147,0.495394
698,11.633333,9.923655,54.679924,-5.464101,0.701851,0.966277,0.494545
699,11.650000,9.749285,54.388237,-5.558939,0.700221,0.965476,0.495047
700,11.666667,9.041641,53.608292,-5.504628,0.698097,0.965774,0.495714
701,11.683333,8.539056,53.151474,-4.001796,0.697830,0.965303,0.494561
702,11.700000,9.930227,53.245026,-6.004889,0.694888,0.964608,0.494362
703,11.716667,9.797858,52.505413,-6.316226,0.692859,0.964377,0.494945
704,11.733333,8.139563,51.824261,-3.794691,0.693718,0.964926,0.494608
705,11.750000,8.997307,51.443516,-5.030921,0.691447,0.965149,0.494577
706,11.766667,8.787978,50.953529,-4.905845,0.690052,0.965887,0.493978
707,11.783333,8.805986,50.663670,-4.469001,0.688908,0.965533,0.493353
708,11.800000,8.210250,49.970520,-4.092952,0.688020,0.965490,0.493265
709,11.816667,6.832649,49.498497,-2.589216,0.688237,0.965151,0.493551
710,11.833333,6.496645,49.156696,-1.792758,0.687839,0.964550,0.492440
711,11.850000,6.829230,48.582417,-2.265735,0.686332,0.964279,0.491860
712,11.866667,6.043839,47.848698,-2.253686,0.684688,0.964353,0.492215
713,11.883333,6.044315,47.240536,-1.956767,0.684262,0.963619,0.491192
714,11.900000,5.876894,46.857456,-1.202366,0.683368,0.963338,0.489709
715,11.916667,5.256072,46.620743,0.211341,0.683659,0.963268,0.488602
716,11.933333,4.738159,45.764435,0.213779,0.682033,0.963756,0.488601
717,11.950000,4.847214,44.991577,-0.151695,0.680833,0.963373,0.487821
718,11.966667,5.781005,44.425034,-1.233573,0.679046,0.963627,0.486852
719,11.983333,5.345468,43.569130,-2.032999,0.677328,0.963742,0.487049
720,12.000000,6.252834,43.057251,-2.005274,0.676465,0.963780,0.484666
721,12.016667,6.101183,42.316898,-1.522532,0.676222,0.964159,0.483344
722,12.033333,6.584384,41.659447,-1.220022,0.675905,0.964980,0.481642
723,12.050000,6.054984,40.711300,-1.064831,0.674914,0.965392,0.481251
724,12.066667,6.607749,40.137875,-1.713661,0.673467,0.965886,0.479330
725,12.083333,6.946221,39.524498,-2.595987,0.671714,0.966331,0.478542
726,12.100000,7.035032,38.897240,-2.367595,0.671382,0.966784,0.476581
727,12.116667,6.992320,37.965687,-2.912162,0.670360,0.967208,0.475697
728,12.133333,7.662169,37.223358,-3.910501,0.668899,0.967545,0.474069
729,12.150000,6.904270,36.479687,-2.498134,0.669820,0.968012,0.472310
730,12.166667,6.869285,35.799988,-3.358380,0.667874,0.969372,0.471999
731,12.183333,6.757932,35.074394,-2.683389,0.668465,0.969245,0.469936
732,12.200000,6.503708,34.389324,-2.055366,0.668981,0.969274,0.468097
733,12.216667,5.947073,33.619312,-1.389521,0.669514,0.968759,0.466341
734,12.233333,6.154785,33.062412,-1.955977,0.668140,0.968877,0.464754
735,12.250000,5.980189,32.318211,-1.927627,0.668218,0.968724,0.463147
736,12.266667,5.800663,31.763309,-1.135621,0.668756,0.969149,0.461128
737,12.283333,5.361318,30.799129,-1.165492,0.669079,0.968327,0.459698
738,12.300000,5.107401,30.301363,-0.788093,0.669259,0.967866,0.457793
739,12.316667,4.851220,29.928024,-0.032019,0.670697,0.967293,0.455359
740,12.333333,4.503688,28.746550,0.315037,0.671588,0.967427,0.453787
741,12.350000,4.253557,28.161184,0.988567,0.671924,0.967307,0.451709
742,12.366667,4.408373,27.453815,-0.014427,0.671654,0.966424,0.449885
743,12.383333,4.489293,26.920546,0.860406,0.672662,0.966131,0.447160
744,12.400000,3.911377,26.201429,1.340371,0.673615,0.965154,0.445280
745,12.416667,4.147570,25.365986,0.939621,0.673577,0.964632,0.443009
746,12.433333,3.996030,24.398672,1.284838,0.675097,0.963217,0.440713
747,12.450000,4.784063,23.709663,1.435488,0.675709,0.962981,0.437343
748,12.466667,4.495956,22.644556,0.740420,0.675340,0.961860,0.435958
749,12.483333,5.169129,22.288074,1.626370,0.677234,0.961740,0.432010
750,12.500000,5.274271,21.650564,1.627024,0.677732,0.960848,0.429535
751,12.516667,5.137266,20.481913,1.298592,0.677813,0.960326,0.427552
752,12.533333,5.466146,19.706131,1.394058,0.679467,0.959226,0.424940
753,12.550000,5.676992,19.227272,1.394325,0.679543,0.958679,0.422071
754,12.566667,5.455010,18.189692,2.574920,0.682013,0.958219,0.419485
755,12.583333,5.315226,17.339447,2.438462,0.682423,0.957830,0.417004
756,12.600000,5.309822,16.526945,2.578545,0.683312,0.956769,0.414584
757,12.616667,5.039023,16.041063,1.818765,0.683076,0.956727,0.412502
758,12.633333,5.247622,15.464167,3.193931,0.685756,0.956081,0.409605
759,12.650000,5.085233,14.365637,3.298709,0.686706,0.956559,0.407445
760,12.666667,5.696238,13.755078,2.550683,0.687215,0.955924,0.404841
761,12.683333,5.936436,12.771415,1.649492,0.686269,0.956403,0.402460
762,12.700000,5.931312,12.210833,1.565763,0.687297,0.955760,0.400006
763,12.716667,5.984280,11.339666,2.516883,0.689723,0.956537,0.397604
764,12.733333,5.719601,10.714212,2.412351,0.690604,0.955869,0.395641
765,12.750000,5.530171,9.741872,2.406923,0.691396,0.955996,0.393600
766,12.766667,5.312215,9.242546,2.426499,0.692411,0.956013,0.391867
767,12.783333,5.636104,8.853704,2.579552,0.693095,0.955598,0.389143
768,12.800000,5.069238,7.951484,3.275048,0.695123,0.954937,0.387633
769,12.816667,5.155619,7.425818,3.913649,0.696524,0.955012,0.385624
770,12.833333,5.117970,6.699200,4.283498,0.698239,0.955081,0.383714
771,12.850000,5.563298,5.916502,4.675576,0.699779,0.954712,0.381069
772,12.866667,5.194712,5.491119,4.652274,0.699749,0.955132,0.379600
773,12.883333,4.912854,4.346295,5.243982,0.701697,0.954757,0.378050
774,12.900000,5.543777,3.833343,4.491116,0.701815,0.954025,0.375569
775,12.916667,5.751009,3.185714,4.722080,0.702684,0.954726,0.373595
776,12.933333,4.965547,2.456928,5.731501,0.704399,0.954408,0.372507
777,12.950000,5.049636,1.666024,4.924198,0.703822,0.954149,0.370547
778,12.966667,5.121140,1.170162,4.500336,0.703816,0.953896,0.368694
779,12.983333,4.368750,0.420600,6.035888,0.706440,0.954198,0.367917
780,13.000000,5.049138,-0.242054,5.634893,0.706503,0.954132,0.365412
781,13.016667,4.601732,-1.385606,6.641765,0.708652,0.953142,0.364690
782,13.033333,5.039017,-1.862205,4.353045,0.704661,0.952782,0.362152
783,13.050000,5.406971,-2.328441,5.641353,0.707547,0.952209,0.360290
784,13.066667,5.857174,-2.924677,5.197186,0.706897,0.951929,0.357752
785,13.083333,5.501482,-3.593053,5.181537,0.706743,0.951906,0.356640
786,13.100000,4.862713,-4.002447,5.034498,0.706643,0.950518,0.355801
787,13.116667,5.071139,-4.698123,4.849068,0.706479,0.950497,0.353517
788,13.133333,5.628519,-5.115046,5.314684,0.706590,0.950005,0.351181
789,13.150000,4.715257,-6.016718,5.167299,0.706298,0.949573,0.350844
790,13.166667,4.583126,-6.907626,5.161866,0.706344,0.948829,0.349232
791,13.183333,4.892435,-7.338720,5.137140,0.706500,0.949294,0.347344
792,13.200000,4.920568,-7.886063,5.521297,0.706369,0.949231,0.345857
793,13.216667,5.247097,-8.596365,5.705065,0.706203,0.948896,0.344121
794,13.233333,5.498286,-9.038704,5.215160,0.705468,0.948490,0.342051
795,13.250000,4.946448,-9.693489,6.075228,0.706766,0.948515,0.341398
796,13.266667,4.687169,-10.269330,5.127342,0.705305,0.948651,0.339595
797,13.283333,4.234149,-11.056310,5.918534,0.705739,0.948678,0.339240
798,13.300000,4.964679,-11.530405,5.213110,0.704403,0.948483,0.336167
799,13.316667,4.817204,-12.113379,5.176654,0.703545,0.948746,0.334723
800,13.333333,4.782903,-12.880538,6.673870,0.705175,0.948505,0.333155
801,13.350000,4.198319,-13.384734,5.596571,0.703017,0.949004,0.332398
802,13.366667,4.749850,-13.874068,5.695335,0.703263,0.949013,0.330566
803,13.383333,5.261027,-14.256937,4.682824,0.701378,0.948762,0.327792
804,13.400000,5.205149,-14.653748,5.127183,0.701654,0.948525,0.326594
805,13.416667,5.239230,-15.230208,5.016797,0.701203,0.948837,0.324937
806,13.433333,5.033881,-15.610971,5.947710,0.702236,0.948350,0.324228
807,13.450000,4.989534,-16.449450,4.678671,0.699572,0.948364,0.321832
808,13.466667,5.066576,-16.852741,4.389112,0.698619,0.948631,0.320042
809,13.483333,5.259657,-17.305761,4.817824,0.698573,0.949759,0.318130
810,13.500000,4.867194,-17.582899,3.832031,0.697372,0.948545,0.316576
811,13.516667,4.285441,-18.124063,4.462858,0.698139,0.948584,0.316192
812,13.533333,4.233888,-18.496237,4.243493,0.697231,0.948528,0.314860
813,13.550000,4.891666,-19.097670,4.048885,0.696483,0.948606,0.312296
814,13.566667,5.424680,-19.572714,4.314731,0.696532,0.948474,0.310375
815,13.583333,5.936224,-19.977160,4.496377,0.696879,0.948097,0.308476
816,13.600000,5.870540,-20.472349,4.250495,0.696718,0.947803,0.306856
817,13.616667,5.746469,-20.579563,4.025865,0.695714,0.948157,0.305300
818,13.633333,5.772316,-20.903576,4.292294,0.696466,0.947100,0.303801
819,13.650000,5.547539,-21.218521,4.549521,0.696561,0.947558,0.302883
820,13.666667,5.275663,-21.680693,5.670161,0.697732,0.947575,0.302457
821,13.683333,5.187380,-21.973581,4.952440,0.697309,0.946520,0.300905
822,13.700000,5.374960,-22.265066,5.341918,0.698192,0.945889,0.299213
823,13.716667,5.401810,-22.767260,4.738591,0.697467,0.945195,0.297386
824,13.733333,5.378363,-23.220036,5.144366,0.698170,0.945353,0.296567
825,13.750000,5.562923,-23.539539,5.900071,0.699516,0.945270,0.295610
826,13.766667,5.905946,-23.457224,5.354330,0.699131,0.944827,0.293495
827,13.783333,6.061369,-23.295624,4.676912,0.699153,0.944115,0.291745
828,13.800000,6.039694,-23.985273,5.930190,0.701141,0.943689,0.291160
829,13.816667,5.652128,-24.371027,5.351978,0.701000,0.943946,0.289785
830,13.833333,5.753931,-24.663784,5.073438,0.700651,0.944833,0.288108
831,13.850000,5.803429,-24.863127,5.582859,0.702041,0.944707,0.287350
832,13.866667,5.540878,-25.318216,5.476737,0.702622,0.944124,0.286308
833,13.883333,5.113497,-25.576141,5.749453,0.703693,0.943921,0.286155
834,13.900000,5.106641,-25.795580,5.476410,0.703934,0.945125,0.284575
835,13.916667,5.522989,-26.067606,5.531834,0.704850,0.945458,0.282774
836,13.933333,5.814348,-26.063566,5.597113,0.706110,0.945014,0.281817
837,13.950000,5.565340,-26.490677,5.274146,0.706432,0.945376,0.280856
838,13.966667,5.643689,-26.619282,5.101493,0.706515,0.946863,0.279483
839,13.983333,5.734496,-26.526455,4.889662,0.707420,0.947035,0.278132
840,14.000000,5.802908,-26.496933,4.938988,0.708684,0.946957,0.276816
841,14.016667,5.893749,-26.685787,4.919567,0.709499,0.947552,0.275534
842,14.033333,5.444092,-27.185131,5.431788,0.711481,0.947670,0.275838
843,14.050000,5.662476,-27.106518,5.881486,0.713076,0.948259,0.274882
844,14.066667,5.550854,-27.510118,5.965016,0.713650,0.949078,0.274067
845,14.083333,5.529971,-27.529295,6.086763,0.715162,0.949108,0.273197
846,14.100000,5.491221,-27.482178,5.664645,0.715254,0.949271,0.271890
847,14.116667,6.586653,-27.395990,5.851161,0.716959,0.949252,0.269752
848,14.133333,6.395808,-27.531902,6.195537,0.718483,0.949134,0.269704
849,14.150000,6.442924,-27.699635,6.434025,0.720384,0.948899,0.269453
850,14.166667,6.515635,-27.983810,6.066036,0.721348,0.948224,0.268492
851,14.183333,6.354520,-27.631424,6.455698,0.722635,0.948033,0.267552
852,14.200000,6.852932,-27.334188,6.568175,0.723978,0.948072,0.266117
853,14.216667,6.352505,-27.563705,7.563994,0.726216,0.948102,0.266697
854,14.233333,5.875736,-27.609734,7.628790,0.727392,0.947492,0.266610
855,14.250000,6.553857,-27.565392,6.481965,0.726980,0.945964,0.264047
856,14.266667,6.112617,-27.668718,6.814202,0.728454,0.946288,0.264394
857,14.283333,6.329165,-27.513113,7.174601,0.730176,0.945719,0.263898
858,14.300000,6.584841,-27.589987,7.705360,0.731737,0.945383,0.263592
859,14.316667,7.088532,-27.449970,7.637877,0.732734,0.945606,0.262267
860,14.333333,7.006966,-27.370522,7.390948,0.733374,0.945282,0.261823
861,14.350000,7.052419,-27.221321,7.716025,0.735045,0.945098,0.261571
862,14.366667,5.950862,-27.680521,7.469625,0.735726,0.944395,0.262913
863,14.383333,6.434191,-27.216345,7.275410,0.736217,0.944751,0.261342
864,14.400000,6.308063,-27.030062,7.565944,0.737306,0.944764,0.261147
865,14.416667,6.191204,-27.028662,7.383724,0.738079,0.944699,0.260553
866,14.433333,6.343100,-26.786139,8.464675,0.739822,0.944534,0.260868
867,14.450000,6.201925,-26.952597,7.472935,0.739572,0.944321,0.259832
868,14.466667,6.332038,-26.761663,7.664490,0.740496,0.944104,0.259570
869,14.483333,6.654916,-26.587011,7.289126,0.740453,0.944325,0.258778
870,14.500000,6.679593,-26.586439,6.876243,0.740464,0.944245,0.258198
871,14.516667,6.655729,-26.391006,6.621658,0.740835,0.944132,0.257970
872,14.533333,6.411127,-26.106869,7.258448,0.742380,0.944555,0.258548
873,14.550000,6.184467,-25.947323,6.772530,0.742019,0.944647,0.258212
874,14.566667,5.767953,-25.839878,7.126555,0.743209,0.944385,0.258615
875,14.583333,4.861644,-25.569387,6.896379,0.743513,0.944498,0.259425
876,14.600000,4.809759,-25.375961,7.157429,0.744237,0.944997,0.259332
877,14.616667,4.778565,-25.101089,6.557060,0.743736,0.945207,0.258834
878,14.633333,5.463091,-24.785931,6.382070,0.743868,0.945049,0.257216
879,14.650000,5.377842,-24.655201,6.998244,0.745189,0.945399,0.257522
880,14.666667,4.293169,-24.446720,6.737574,0.745672,0.944995,0.259352
881,14.683333,5.604609,-24.060652,6.323186,0.745980,0.945481,0.256851
882,14.700000,5.335843,-23.853270,5.607265,0.745391,0.945441,0.256640
883,14.716667,5.402928,-23.551451,4.889427,0.745326,0.945213,0.255993
884,14.733333,4.775093,-23.417477,4.729239,0.745770,0.945235,0.256637
885,14.750000,4.684792,-22.972227,4.557651,0.745879,0.945210,0.256292
886,14.766667,4.461681,-22.703949,4.785855,0.746658,0.944842,0.256518
887,14.783333,4.306312,-22.276278,5.274147,0.747847,0.944638,0.256997
888,14.800000,4.267591,-21.971283,5.382854,0.748521,0.944437,0.256981
889,14.816667,4.640513,-21.756544,5.405120,0.749043,0.944286,0.256206
890,14.833333,5.103888,-21.365427,5.571774,0.749988,0.944005,0.255561
891,14.850000,4.601466,-21.099686,5.002658,0.750160,0.943498,0.255812
892,14.866667,4.594841,-20.761007,4.956080,0.751224,0.943090,0.255780
893,14.883333,5.299471,-20.282860,4.615238,0.751812,0.942901,0.254160
894,14.900000,5.034630,-19.719576,4.255740,0.752208,0.942911,0.254168
895,14.916667,4.147943,-19.246199,5.007945,0.754042,0.943089,0.255394
896,14.933333,4.445269,-19.025183,4.800365,0.754755,0.942680,0.254286
897,14.950000,4.082569,-18.594957,5.493262,0.756818,0.942923,0.254399
898,14.966667,4.047412,-18.623278,5.077333,0.757024,0.943085,0.254352
899,14.983333,4.481506,-17.953903,4.496788,0.757387,0.943103,0.253055
900,15.000000,4.553913,-17.420326,5.161248,0.759490,0.943224,0.253200
901,15.016667,4.327013,-17.262728,5.279879,0.760857,0.943726,0.253628
902,15.033333,5.097993,-16.673471,4.740188,0.761478,0.943608,0.252020
903,15.050000,5.240744,-16.410553,4.619797,0.762733,0.943685,0.251714
904,15.066667,5.336524,-15.767729,3.902705,0.762697,0.944389,0.250672
905,15.083333,4.952209,-15.558225,3.488549,0.763985,0.944421,0.250561
906,15.100000,4.136285,-15.210793,4.133215,0.766211,0.945076,0.251799
907,15.116667,4.613497,-14.398158,3.635135,0.766741,0.945347,0.249943
908,15.133333,4.274657,-14.084421,4.044387,0.768203,0.946212,0.250179
909,15.150000,4.434341,-13.594951,4.227194,0.770305,0.946300,0.249498
910,15.166667,4.077555,-13.171682,4.113421,0.771818,0.946985,0.249592
911,15.183333,4.298842,-12.670757,3.907290,0.773066,0.947090,0.248752
912,15.200000,4.198167,-12.290621,4.421989,0.775447,0.947687,0.248931
913,15.216667,5.091992,-11.779688,3.397342,0.775394,0.947926,0.246963
914,15.233333,4.826480,-11.303794,3.069772,0.776732,0.948617,0.246722
915,15.250000,4.502050,-10.913157,3.679250,0.779413,0.948016,0.246839
916,15.266667,4.862087,-10.584398,4.570494,0.782548,0.947940,0.245920
917,15.283333,4.646430,-10.103471,2.363765,0.780988,0.948019,0.245097
918,15.300000,4.322918,-9.376914,3.502758,0.784267,0.948337,0.244997
919,15.316667,4.108727,-8.819416,2.707696,0.785176,0.948059,0.244354
920,15.333333,4.239303,-8.522224,3.509413,0.788622,0.948007,0.244248
921,15.350000,4.550949,-8.191705,2.749208,0.789177,0.948337,0.243115
922,15.366667,4.894212,-7.789909,3.094730,0.792099,0.948068,0.242489
923,15.383333,4.858289,-7.267693,3.233222,0.794511,0.947898,0.241951
924,15.400000,5.298108,-6.574079,2.496154,0.795923,0.947544,0.240690
925,15.416667,4.719965,-6.554695,3.118169,0.798272,0.948262,0.241320
926,15.433333,5.429519,-5.932130,2.363585,0.800165,0.947956,0.239998
927,15.450000,4.734383,-5.423266,3.347244,0.803973,0.947733,0.240389
928,15.466667,5.218833,-4.918777,3.398739,0.806164,0.947248,0.239134
929,15.483333,4.809031,-4.263584,3.238492,0.808621,0.947322,0.238993
930,15.500000,4.816057,-3.866969,2.659047,0.809470,0.947766,0.238418
931,15.516667,4.632045,-3.468011,3.096655,0.813053,0.947551,0.238470
932,15.533333,5.217019,-2.810541,2.754937,0.814899,0.946972,0.236895
933,15.550000,5.330519,-2.551277,3.369568,0.818167,0.947553,0.237153
934,15.566667,5.463225,-2.297276,3.665444,0.821878,0.947018,0.236757
935,15.583333,5.611932,-1.419349,3.535254,0.824134,0.947206,0.236364
936,15.600000,5.503263,-1.036347,3.223197,0.825923,0.947973,0.236030
937,15.616667,5.737695,-0.632751,3.948207,0.829991,0.947397,0.235264
938,15.633333,5.524806,-0.026085,3.783067,0.832277,0.947549,0.235426
939,15.650000,5.334037,0.394504,3.327699,0.834598,0.947908,0.235545
940,15.666667,4.722470,1.104500,3.512014,0.837205,0.947308,0.235942
941,15.683333,5.071526,1.504426,4.091329,0.840976,0.947899,0.235396
942,15.700000,5.859855,2.074020,4.264881,0.843546,0.948604,0.234144
943,15.716667,5.405891,2.645363,4.110068,0.846574,0.948330,0.234864
944,15.733333,4.827533,2.680616,4.419347,0.849711,0.948152,0.236094
945,15.750000,6.155763,3.295119,3.596626,0.850901,0.948564,0.234169
946,15.766667,5.867639,3.902849,3.918207,0.853882,0.949256,0.234669
947,15.783333,5.826492,4.190371,2.867878,0.855174,0.948489,0.234996
948,15.800000,5.642389,4.698804,3.126525,0.858315,0.948418,0.235293
949,15.816667,5.292471,5.181870,3.676995,0.861474,0.949004,0.235833
950,15.833333,5.305492,5.862869,4.295856,0.864850,0.949255,0.235629
951,15.850000,4.939681,6.183484,4.018142,0.866966,0.948879,0.236269
952,15.866667,4.756773,6.570157,4.048584,0.870011,0.948597,0.236448
953,15.883333,4.671745,7.071881,4.194005,0.872759,0.948917,0.237070
954,15.900000,4.807353,7.835972,3.621023,0.874179,0.948602,0.237362
955,15.916667,4.958452,8.109260,3.969028,0.876926,0.948959,0.237364
956,15.933333,4.909031,8.216954,4.547793,0.880561,0.948383,0.237840
957,15.950000,5.420224,8.614489,3.759400,0.881404,0.948424,0.237732
958,15.966667,4.964752,9.155138,3.777788,0.883826,0.948465,0.238487
959,15.983333,4.336134,9.579204,4.600071,0.887191,0.948803,0.239663
960,16.000000,5.206261,10.556156,3.451574,0.888038,0.947843,0.238433
961,16.016667,4.323749,10.553164,3.149465,0.889188,0.948222,0.240403
962,16.033333,4.448573,11.036202,4.114079,0.893236,0.948135,0.240045
963,16.050000,4.323664,11.509733,3.845537,0.894894,0.948089,0.240522
964,16.066667,4.174024,11.837604,3.298456,0.896002,0.947880,0.241210
965,16.083333,4.236476,12.340121,3.776989,0.898481,0.947885,0.241411
966,16.100000,4.686256,12.963750,4.072851,0.900945,0.947983,0.241471
967,16.116667,4.563718,13.385712,4.238068,0.902987,0.948019,0.242059
968,16.133333,4.394327,13.622175,3.603376,0.903721,0.947015,0.242224
969,16.150000,4.266721,13.929845,3.058810,0.904887,0.947100,0.243057
970,16.166667,4.049071,14.418324,3.820448,0.907500,0.947351,0.243767
971,16.183333,3.975595,14.869849,3.793139,0.909256,0.946975,0.243789
972,16.200000,3.655302,15.210345,3.693091,0.910289,0.947307,0.244451
973,16.216667,3.904900,15.536331,3.861668,0.912150,0.947256,0.243959
974,16.233333,3.692388,15.924834,3.427020,0.913144,0.947481,0.244727
975,16.250000,3.561119,16.037743,3.064689,0.914354,0.947738,0.245389
976,16.266667,3.244459,16.344654,3.741337,0.916966,0.947254,0.245414
977,16.283333,3.396619,16.643215,3.764513,0.918575,0.947692,0.245523
978,16.300000,3.801979,17.168386,3.219896,0.919227,0.947737,0.245265
979,16.316667,3.918976,17.410881,3.239188,0.920118,0.948242,0.245290
980,16.333333,3.703267,17.864580,3.031521,0.920850,0.948302,0.245574
981,16.350000,3.835508,18.281160,2.496548,0.921140,0.948098,0.245422
982,16.366667,4.212451,18.838835,2.896957,0.923229,0.948100,0.244496
983,16.383333,3.768167,18.814745,2.332385,0.923739,0.948045,0.245501
984,16.400000,3.866269,19.223797,2.285439,0.925290,0.947474,0.244668
985,16.416667,3.847902,19.175768,1.668704,0.925572,0.947976,0.245334
986,16.433333,3.734908,19.723919,1.487827,0.926768,0.948132,0.245073
987,16.450000,3.963512,19.906221,1.783792,0.928240,0.948363,0.244581
988,16.466667,4.142409,20.188677,1.409413,0.929017,0.948314,0.244291
989,16.483333,4.196788,20.720894,1.941971,0.931237,0.947657,0.243411
990,16.500000,4.517345,20.859674,1.791294,0.931603,0.948284,0.242573
991,16.516667,4.367658,21.051607,1.508843,0.932104,0.948600,0.242155
992,16.533333,4.235926,21.593214,2.216843,0.934669,0.948541,0.241574
993,16.550000,4.014393,21.891191,2.250107,0.935659,0.948279,0.241467
994,16.566667,4.424462,22.421749,1.399687,0.935408,0.948234,0.240558
995,16.583333,4.154838,22.519039,2.262476,0.938238,0.947749,0.239625
996,16.600000,4.086736,22.633224,1.940949,0.938814,0.947514,0.239459
997,16.616667,4.323153,22.765133,2.231100,0.940547,0.946953,0.238296
998,16.633333,4.731021,23.098345,2.342027,0.941847,0.946713,0.236992
999,16.650000,4.358486,23.542662,2.395507,0.943332,0.946744,0.237027
1000,16.666667,5.163008,23.971579,1.769481,0.943378,0.946183,0.235652
1001,16.683333,4.985909,24.145136,1.949077,0.944493,0.946219,0.235242
1002,16.700000,5.232882,24.484522,2.106256,0.945637,0.945491,0.233841
1003,16.716667,4.851441,24.729889,2.448721,0.947371,0.944865,0.233206
1004,16.733333,4.770459,24.737818,2.121329,0.947546,0.944747,0.233041
1005,16.750000,4.570962,24.763830,1.925777,0.948134,0.944189,0.232475
1006,16.766667,4.630103,24.904034,2.596351,0.950448,0.944184,0.231310
1007,16.783333,4.521738,25.031538,2.827378,0.951645,0.944140,0.230631
1008,16.800000,4.678707,25.571186,2.899690,0.952867,0.943951,0.229803
1009,16.816667,5.158533,25.726646,3.158700,0.953788,0.943952,0.228401
1010,16.833333,5.283657,25.800545,2.815703,0.953860,0.944164,0.227968
1011,16.850000,5.788724,26.057199,2.745920,0.954462,0.944587,0.226196
1012,16.866667,5.669301,26.318436,2.784736,0.954966,0.944846,0.225565
1013,16.883333,5.512486,26.649714,2.982733,0.955522,0.945047,0.224997
1014,16.900000,5.347053,26.828804,3.158289,0.956193,0.944934,0.224546
1015,16.916667,5.256819,26.872766,2.838242,0.956028,0.944818,0.224244
1016,16.933333,5.080545,27.087276,3.052761,0.956716,0.944949,0.223729
1017,16.950000,4.935255,26.901443,2.885925,0.956766,0.945090,0.223460
1018,16.966667,5.161215,27.140633,3.973557,0.958460,0.944789,0.222199
1019,16.983333,5.339161,27.267895,3.939938,0.958547,0.944806,0.221606
1020,17.000000,5.575744,27.375700,3.651903,0.958224,0.944707,0.221256
1021,17.016667,5.493019,27.505644,3.660358,0.958255,0.944620,0.221072
1022,17.033333,5.830889,27.626287,3.183324,0.957631,0.945023,0.220435
1023,17.050000,5.914871,27.806316,3.301144,0.957621,0.945237,0.220123
1024,17.066667,5.661191,27.893749,3.490759,0.957646,0.945232,0.220203
1025,17.083333,5.652909,27.967274,3.385209,0.957218,0.945262,0.220191
1026,17.100000,5.617364,28.066250,3.367064,0.956940,0.945262,0.220193
1027,17.116667,5.835835,28.060547,2.998015,0.956214,0.945416,0.220085
1028,17.133333,5.970525,28.126562,2.685241,0.955497,0.945510,0.220236
1029,17.150000,5.963633,28.183870,2.291259,0.954579,0.945554,0.220685
1030,17.166667,6.008594,28.173548,2.088250,0.954072,0.945387,0.220971
1031,17.183333,6.210008,28.268318,1.791288,0.952395,0.945388,0.221571
1032,17.200000,6.871650,28.420227,1.331281,0.951149,0.945833,0.221383
1033,17.216667,6.466900,28.562067,1.736872,0.950951,0.945698,0.222195
1034,17.233333,6.511833,28.458307,2.000067,0.950602,0.945753,0.222244
1035,17.250000,6.795573,28.468410,2.154400,0.950277,0.945679,0.222140
1036,17.266667,6.329195,28.464935,2.155377,0.949121,0.945998,0.223578
1037,17.283333,6.383396,28.438707,2.155899,0.948350,0.945942,0.224132
1038,17.300000,6.382242,28.530195,1.649674,0.946751,0.946219,0.225316
1039,17.316667,6.640843,28.469702,1.120288,0.945592,0.946467,0.225963
1040,17.333333,6.484074,28.463741,0.986116,0.944592,0.946125,0.227428
1041,17.350000,6.705907,28.268923,0.904223,0.944129,0.945917,0.228036
1042,17.366667,6.822801,28.265451,1.218350,0.943357,0.946034,0.228813
1043,17.383333,6.808195,28.201561,0.990050,0.943040,0.945496,0.230102
1044,17.400000,6.588648,28.172426,1.110665,0.941524,0.945734,0.231477
1045,17.416667,6.968136,28.473537,1.478852,0.940960,0.945879,0.231966
1046,17.433333,6.807700,28.277157,0.610762,0.938965,0.945428,0.233617
1047,17.450000,6.547123,28.302399,1.062429,0.938986,0.944995,0.234739
1048,17.466667,6.357494,28.065868,0.916250,0.938329,0.944441,0.236704
1049,17.483333,6.697252,28.017160,0.268055,0.936347,0.944595,0.238241
1050,17.500000,7.017173,28.114967,0.575404,0.936784,0.943484,0.238935
1051,17.516667,6.695429,27.761454,0.499773,0.936079,0.943094,0.241173
1052,17.533333,6.859240,27.569324,0.086426,0.934635,0.943199,0.243202
1053,17.550000,7.039744,27.762419,-0.295219,0.933444,0.943067,0.244473
1054,17.566667,7.277680,27.520807,-0.195687,0.933200,0.942011,0.245759
1055,17.583333,7.588361,27.385918,0.028190,0.932545,0.941850,0.246755
1056,17.600000,7.362894,27.421829,0.490223,0.932481,0.942100,0.248960
1057,17.616667,6.936228,27.581120,0.247760,0.931554,0.941815,0.251334
1058,17.633333,6.772385,27.315304,0.680016,0.931627,0.941419,0.253129
1059,17.650000,6.654707,26.973345,-0.074323,0.930204,0.941053,0.255765
1060,17.666667,6.756993,27.165831,0.395065,0.930670,0.940226,0.257116
1061,17.683333,6.290802,27.029150,0.673879,0.930721,0.939956,0.259660
1062,17.700000,6.091100,26.840118,0.555115,0.930077,0.939384,0.262215
1063,17.716667,6.413730,26.710583,0.511148,0.929701,0.939369,0.263780
1064,17.733333,6.278447,26.509752,0.484952,0.929295,0.938750,0.266344
1065,17.750000,6.034864,26.422306,0.275057,0.928769,0.938299,0.268868
1066,17.766667,5.903689,26.365400,1.169803,0.929539,0.938409,0.270549
1067,17.783333,5.908431,26.499296,0.732389,0.928812,0.937866,0.273179
1068,17.800000,5.888725,26.201088,1.610551,0.929667,0.937805,0.274556
1069,17.816667,5.814882,26.150553,0.945601,0.928912,0.938033,0.277690
1070,17.833333,5.795159,26.033995,1.249805,0.928490,0.938699,0.279801
1071,17.850000,5.784726,25.777929,1.695024,0.929126,0.938770,0.281889
1072,17.866667,5.757401,25.549379,1.397505,0.928884,0.938871,0.284401
1073,17.883333,5.475052,25.465014,1.137925,0.928295,0.939087,0.287373
1074,17.900000,5.681027,25.277328,1.102861,0.928486,0.939404,0.289561
1075,17.916667,5.542456,25.409466,0.490432,0.927336,0.939822,0.292032
1076,17.933333,5.228923,24.919033,1.972185,0.928782,0.940030,0.294337
1077,17.950000,5.075137,24.841900,1.653583,0.927914,0.940056,0.297234
1078,17.966667,5.307292,24.649937,1.799688,0.927780,0.940091,0.299024
1079,17.983333,4.944600,24.574245,1.994519,0.927945,0.940028,0.301783
1080,18.000000,4.792485,24.215967,1.923064,0.926991,0.940245,0.304353
1081,18.016667,5.144914,24.153856,1.413629,0.926887,0.940057,0.306527
1082,18.033333,5.485381,24.113926,1.663554,0.926809,0.940436,0.308317
1083,18.050000,5.609680,23.867908,1.258680,0.926203,0.940713,0.310971
1084,18.066667,5.197952,23.608425,1.612927,0.926490,0.940629,0.313597
1085,18.083333,5.327354,23.265131,1.802547,0.926543,0.940466,0.315653
1086,18.100000,5.376280,22.881420,1.439721,0.925821,0.940683,0.318057
1087,18.116667,5.018735,22.885838,1.973487,0.926419,0.941152,0.320655
1088,18.133333,4.904810,22.796928,2.163225,0.925992,0.941418,0.323177
1089,18.150000,4.805727,22.671162,2.566155,0.926433,0.941581,0.325030
1090,18.166667,4.584519,22.628582,2.788591,0.926457,0.941667,0.327596
1091,18.183333,4.730632,22.091494,2.770250,0.926021,0.942470,0.329672
1092,18.200000,4.681031,22.049044,2.355111,0.925353,0.942023,0.332353
1093,18.216667,5.005370,21.785154,2.388380,0.924900,0.942857,0.334115
1094,18.233333,5.015939,21.801905,2.500320,0.924914,0.942793,0.336414
1095,18.250000,5.126863,21.675795,2.811152,0.925086,0.942764,0.338518
1096,18.266667,5.734738,21.250097,2.649358,0.924567,0.943671,0.339943
1097,18.283333,5.236670,20.966263,1.717698,0.923035,0.942912,0.343349
1098,18.300000,5.362827,20.885162,1.283667,0.921437,0.943263,0.345451
1099,18.316667,5.163645,20.821720,3.108806,0.923990,0.943080,0.347424
1100,18.333333,5.184191,20.512218,2.313447,0.921176,0.943293,0.349990
1101,18.350000,5.104005,20.473164,2.980102,0.922186,0.942984,0.351790
1102,18.366667,5.231657,20.269308,2.639704,0.921427,0.942735,0.354071
1103,18.383333,5.212024,20.065836,3.428112,0.921707,0.942972,0.356191
1104,18.400000,5.330203,20.007513,2.821349,0.920440,0.942263,0.358674
1105,18.416667,5.741714,19.726757,2.343490,0.919089,0.942386,0.360707
1106,18.433333,6.182445,19.634752,1.491884,0.917414,0.941827,0.362837
1107,18.450000,5.277579,19.477959,2.999755,0.918826,0.942028,0.365644
1108,18.466667,5.602160,19.163080,3.009403,0.917556,0.942666,0.368184
1109,18.483333,5.701187,19.417303,2.825040,0.916813,0.942084,0.370320
1110,18.500000,5.872595,19.247913,2.588443,0.915330,0.941897,0.372646
1111,18.516667,5.771114,18.939663,3.061923,0.915139,0.941515,0.374913
1112,18.533333,5.335379,18.738596,3.261539,0.914224,0.941697,0.378279
1113,18.550000,5.747689,18.497334,3.055702,0.913163,0.941518,0.380381
1114,18.566667,5.810322,18.680323,3.163162,0.912579,0.941382,0.382696
1115,18.583333,5.580964,18.197794,3.271570,0.911848,0.941994,0.385895
1116,18.600000,5.303878,18.130915,2.418272,0.909881,0.941953,0.389068
1117,18.616667,5.879799,17.967659,2.408222,0.909532,0.941879,0.391150
1118,18.633333,5.369674,17.814617,3.034621,0.908691,0.942677,0.394552
1119,18.650000,5.707535,18.019722,3.477860,0.908186,0.943380,0.396322
1120,18.666667,5.613582,17.834927,3.001812,0.905917,0.944597,0.399592
1121,18.683333,5.202021,17.487072,2.993159,0.904466,0.944497,0.402983
1122,18.700000,5.514790,17.525330,3.131136,0.903148,0.945310,0.405460
1123,18.716667,4.850162,17.476358,3.723239,0.903666,0.944792,0.408584
1124,18.733333,5.030708,17.291328,3.170177,0.901590,0.945164,0.411333
1125,18.750000,5.340642,17.180933,2.639963,0.899354,0.945561,0.414231
1126,18.766667,5.088976,16.935774,2.704484,0.898366,0.945743,0.417473
1127,18.783333,5.192767,16.982929,3.100226,0.898108,0.945650,0.420250
1128,18.800000,4.816304,16.865393,2.775818,0.895818,0.946056,0.423585
1129,18.816667,5.448273,16.789625,1.855842,0.893178,0.945834,0.426059
1130,18.833333,5.053586,16.772200,2.224371,0.891655,0.946222,0.429315
1131,18.850000,4.733016,16.672918,2.771127,0.891491,0.944732,0.431863
1132,18.866667,4.625171,16.688869,1.541412,0.888233,0.944146,0.435403
1133,18.883333,4.098008,16.708364,2.565329,0.887978,0.944771,0.438895
1134,18.900000,4.227633,16.581608,2.889122,0.886919,0.944140,0.441293
1135,18.916667,3.837062,16.403227,2.871274,0.885956,0.943305,0.444417
1136,18.933333,4.271962,16.400436,2.518363,0.883663,0.943334,0.446422
1137,18.950000,3.604085,16.287670,3.236740,0.883368,0.943328,0.450098
1138,18.966667,4.567215,16.372351,2.421121,0.880631,0.944081,0.451920
1139,18.983333,3.679184,16.224512,3.557944,0.880662,0.944487,0.455439
1140,19.000000,4.425634,16.461031,2.157861,0.877475,0.944607,0.457405
1141,19.016667,3.772303,16.045889,2.810817,0.876303,0.945357,0.460640
1142,19.033333,4.086329,16.221296,1.972220,0.874101,0.944779,0.462821
1143,19.050000,3.738079,16.254272,2.565231,0.873186,0.945186,0.465522
1144,19.066667,3.780518,16.135780,2.524891,0.870555,0.946430,0.468398
1145,19.083333,3.479575,16.112856,2.788058,0.869644,0.946035,0.470764
1146,19.100000,4.195605,16.516104,2.080555,0.867392,0.945670,0.472075
1147,19.116667,4.009978,16.267340,2.028615,0.865932,0.945534,0.474757
1148,19.133333,4.226932,16.247290,2.224623,0.864270,0.945656,0.476443
1149,19.150000,3.818836,16.440542,3.002055,0.863946,0.945406,0.479037
1150,19.166667,3.672166,16.405531,2.769147,0.861321,0.945773,0.481453
1151,19.183333,3.890185,16.470934,2.001297,0.858503,0.945316,0.483227
1152,19.200000,3.961732,16.274239,2.282168,0.857909,0.945740,0.485135
1153,19.216667,3.351016,16.436399,3.308098,0.857612,0.945126,0.487435
1154,19.233333,3.771662,16.613909,2.710244,0.854465,0.945274,0.488583
1155,19.250000,2.793208,16.332268,3.572800,0.853495,0.946146,0.491573
1156,19.266667,3.236160,16.705542,2.932056,0.850692,0.945614,0.492910
1157,19.283333,3.701231,16.694220,2.782232,0.849604,0.945688,0.493935
1158,19.300000,3.165486,16.895924,3.409083,0.848516,0.945779,0.495801
1159,19.316667,3.711147,17.014690,3.495302,0.846367,0.946586,0.496736
1160,19.333333,3.688248,16.946833,2.897874,0.843882,0.945957,0.498354
1161,19.350000,3.213969,16.843416,2.862565,0.841999,0.946525,0.500711
1162,19.366667,2.707952,17.003334,3.785355,0.841320,0.946356,0.501902
1163,19.383333,3.164543,17.136576,3.288983,0.838731,0.946241,0.502795
1164,19.400000,2.971389,17.334717,2.778954,0.836102,0.946303,0.504509
1165,19.416667,3.304576,17.557518,2.369918,0.832545,0.947195,0.505132
1166,19.433333,3.481755,17.540688,3.096647,0.831820,0.946482,0.505681
1167,19.450000,3.369568,17.866774,3.739423,0.830521,0.947024,0.506211
1168,19.466667,3.798505,18.063192,2.032236,0.826474,0.946145,0.507206
1169,19.483333,3.308655,17.950447,2.599375,0.825090,0.946452,0.509034
1170,19.500000,3.427082,17.936911,2.504442,0.822851,0.947150,0.509420
1171,19.516667,3.123018,17.823755,2.962409,0.821002,0.947938,0.510421
1172,19.533333,3.820782,18.242296,2.518062,0.818862,0.947919,0.510129
1173,19.550000,3.442246,18.553621,3.084154,0.817782,0.947643,0.510888
1174,19.566667,3.484322,18.424339,1.201773,0.812293,0.947665,0.511888
1175,19.583333,3.251341,18.333052,2.555437,0.811456,0.948857,0.512251
1176,19.600000,3.125315,18.682947,2.375455,0.809247,0.948484,0.512389
1177,19.616667,3.456748,18.939180,1.755052,0.806235,0.948787,0.512475
1178,19.633333,3.442387,18.989611,1.024325,0.802740,0.949375,0.513198
1179,19.650000,3.522042,19.253834,2.558435,0.803087,0.949913,0.512481
1180,19.666667,3.516515,19.078707,2.218464,0.800461,0.950068,0.512806
1181,19.683333,4.459339,19.501141,1.763360,0.797874,0.949686,0.511677
1182,19.700000,4.627304,19.707272,1.578657,0.795362,0.950002,0.511564
1183,19.716667,3.924098,19.334934,2.280105,0.794252,0.950962,0.512168
1184,19.733333,3.837480,19.597950,1.990035,0.791764,0.951016,0.512067
1185,19.750000,4.067014,19.788382,1.220466,0.787974,0.950989,0.511905
1186,19.766667,4.318542,20.067589,1.411659,0.786042,0.951187,0.511209
1187,19.783333,3.711705,19.955688,1.327665,0.783816,0.951031,0.511799
1188,19.800000,4.257378,20.423529,1.663803,0.782199,0.951315,0.510464
1189,19.816667,4.712049,20.293810,1.572823,0.780045,0.952071,0.509728
1190,19.833333,4.207421,20.675392,1.937923,0.778441,0.951380,0.509546
1191,19.850000,4.623167,21.074373,2.293379,0.776892,0.951201,0.508185
1192,19.866667,4.491421,20.942112,1.039015,0.773193,0.951723,0.508406
1193,19.883333,4.408235,20.931786,0.865034,0.771127,0.951233,0.507825
1194,19.900000,3.975293,21.133863,2.006923,0.770216,0.952130,0.507706
1195,19.916667,4.763676,21.471241,1.448737,0.767492,0.952363,0.505883
1196,19.933333,4.943877,21.736235,0.900490,0.764625,0.952373,0.505077
1197,19.950000,4.467636,21.859222,0.987034,0.763222,0.951900,0.504728
1198,19.966667,4.493287,22.186436,2.326174,0.762623,0.952507,0.503472
1199,19.983333,4.628441,22.160221,0.957538,0.759048,0.952469,0.503153
1200,20.000000,4.220588,21.967190,1.625717,0.758212,0.952434,0.502387
1201,20.016667,5.033090,22.610260,1.702317,0.756782,0.952598,0.500461
1202,20.033333,5.019742,22.645247,1.305954,0.753916,0.953060,0.500010
1203,20.050000,4.519943,22.618734,0.806654,0.751877,0.952878,0.500141
1204,20.066667,4.476573,22.997965,1.253512,0.750765,0.952510,0.498762
1205,20.083333,4.764544,23.124054,2.321213,0.750110,0.952878,0.496810
1206,20.100000,4.587625,23.171164,1.231981,0.746978,0.952674,0.496543
1207,20.116667,5.832557,23.581276,0.974922,0.745602,0.952057,0.493960
1208,20.133333,5.386380,23.464062,0.656944,0.743366,0.952179,0.493586
1209,20.150000,5.018759,23.658590,1.537590,0.742625,0.952507,0.492543
1210,20.166667,5.172515,23.808231,0.693092,0.740227,0.952366,0.492033
1211,20.183333,5.331592,24.234398,1.209775,0.739170,0.953187,0.490523
1212,20.200000,5.841807,24.149307,0.911618,0.737289,0.953642,0.488587
1213,20.216667,6.064826,24.456667,1.193408,0.736177,0.953862,0.487061
1214,20.233333,6.361047,24.543594,1.225727,0.735299,0.953435,0.485886
1215,20.250000,6.169299,24.526701,0.502666,0.732979,0.953429,0.485417
1216,20.266667,6.170530,24.570608,0.090535,0.730708,0.953894,0.484812
1217,20.283333,5.817831,24.625919,0.421013,0.730187,0.953811,0.483998
1218,20.300000,5.805906,24.918917,0.469202,0.728942,0.953880,0.482701
1219,20.316667,5.925079,25.035629,1.016414,0.728208,0.953897,0.481179
1220,20.333333,5.510495,25.047962,1.425676,0.727835,0.953599,0.480431
1221,20.350000,5.963243,25.663033,1.774069,0.727822,0.952932,0.478592
1222,20.366667,6.008638,26.091997,1.821285,0.726262,0.952799,0.477355
1223,20.383333,5.946814,25.842550,1.124561,0.724346,0.952224,0.476379
1224,20.400000,5.638937,25.717495,1.658152,0.723554,0.952451,0.475861
1225,20.416667,5.652251,25.939075,1.005214,0.721481,0.952252,0.475632
1226,20.433333,5.711655,26.281300,1.304243,0.721087,0.951519,0.474403
1227,20.450000,6.172265,26.568766,1.120008,0.719632,0.951622,0.472636
1228,20.466667,6.171625,26.613779,0.654631,0.718514,0.951051,0.471903
1229,20.483333,6.077024,26.271778,0.863513,0.717977,0.950957,0.471009
1230,20.500000,5.582046,26.215185,1.694849,0.718142,0.951179,0.470317
1231,20.516667,5.211838,26.494473,1.149525,0.716580,0.951648,0.470279
1232,20.533333,5.927749,26.715273,1.364936,0.716266,0.951500,0.468229
1233,20.550000,6.163983,26.934288,1.084168,0.715105,0.951167,0.466906
1234,20.566667,5.838031,26.696424,0.463308,0.713271,0.951930,0.466873
1235,20.583333,5.594671,26.910240,0.921782,0.712962,0.952381,0.466262
1236,20.600000,6.013339,27.048594,0.350005,0.711402,0.953052,0.465236
1237,20.616667,5.739635,27.078382,0.251084,0.710688,0.953395,0.464808
1238,20.633333,5.617622,27.048990,0.641065,0.710552,0.953463,0.463721
1239,20.650000,5.524483,27.269876,0.625705,0.710150,0.954100,0.462887
1240,20.666667,5.659600,27.311409,0.367843,0.709179,0.954813,0.461905
1241,20.683333,5.431646,27.342083,0.363955,0.709000,0.955029,0.461448
1242,20.700000,5.714952,27.526735,0.183146,0.708085,0.955866,0.460489
1243,20.716667,5.632617,27.435196,0.003049,0.707217,0.956111,0.459770
1244,20.733333,5.676634,27.559114,-0.159037,0.706405,0.956480,0.458871
1245,20.750000,5.505904,27.353428,-0.408972,0.705345,0.957036,0.458348
1246,20.766667,5.198015,27.359446,0.461118,0.706230,0.957270,0.457477
1247,20.783333,5.022331,27.485178,0.613294,0.705874,0.957413,0.456879
1248,20.800000,4.919621,27.504589,1.397764,0.706227,0.958040,0.455303
1249,20.816667,4.639374,27.587648,1.657075,0.706259,0.958072,0.454424
1250,20.833333,4.592220,27.768299,1.819907,0.706072,0.958358,0.453442
1251,20.850000,4.953695,27.575296,1.837549,0.705763,0.958454,0.451670
1252,20.866667,4.906060,28.195082,2.165773,0.706114,0.958634,0.450420
1253,20.883333,5.195143,28.405497,0.954748,0.704442,0.958617,0.449834
1254,20.900000,4.398042,27.667091,1.399591,0.704460,0.958978,0.449712
1255,20.916667,4.664600,27.639338,1.709709,0.704190,0.959627,0.448107
1256,20.933333,4.695969,27.415930,1.076280,0.703194,0.959764,0.447120
1257,20.950000,4.734861,27.669304,1.176286,0.702969,0.960231,0.446037
1258,20.966667,4.922773,27.611160,1.093378,0.702914,0.960221,0.444531
1259,20.983333,5.065446,27.757271,1.394161,0.702334,0.961456,0.443222
1260,21.000000,5.214551,27.864279,1.366172,0.702235,0.961872,0.441459
1261,21.016667,5.323915,27.606041,1.624007,0.702147,0.963074,0.439884
1262,21.033333,5.282794,27.550287,1.630747,0.702016,0.963766,0.438656
1263,21.050000,5.243295,27.457954,1.251687,0.701304,0.964757,0.437264
1264,21.066667,5.214645,27.465496,1.214205,0.701188,0.965691,0.436121
1265,21.083333,4.686085,27.251242,1.547564,0.701019,0.967781,0.435215
1266,21.100000,4.978106,27.046734,0.980336,0.700087,0.968908,0.433949
1267,21.116667,6.052227,27.220795,0.861218,0.699761,0.970958,0.431323
1268,21.133333,5.440508,26.766338,0.993745,0.699624,0.971467,0.430702
1269,21.150000,5.255416,26.654722,1.084109,0.699681,0.972285,0.429292
1270,21.166667,4.546288,26.685905,1.255261,0.699534,0.973239,0.428660
1271,21.183333,5.431754,26.814922,1.229587,0.699419,0.974124,0.426193
1272,21.200000,5.659827,26.573660,1.515933,0.699605,0.974566,0.424165
1273,21.216667,5.219068,26.347460,1.445470,0.699328,0.974777,0.423551
1274,21.233333,5.487122,26.386858,0.521168,0.698035,0.974215,0.421871
1275,21.250000,5.275862,26.356453,2.514243,0.700549,0.974540,0.419468
1276,21.266667,4.938899,26.213266,1.504504,0.699287,0.973625,0.419238
1277,21.283333,4.745328,25.756428,1.839270,0.699166,0.972980,0.417701
1278,21.300000,5.738174,26.217985,1.320805,0.698675,0.973615,0.415412
1279,21.316667,5.544560,25.997570,1.893863,0.699350,0.971998,0.414369
1280,21.333333,6.017272,25.494322,1.623610,0.699044,0.971563,0.412452
1281,21.350000,5.733798,25.240164,1.661384,0.698711,0.971021,0.411331
1282,21.366667,5.037281,24.991617,1.676144,0.698980,0.969584,0.410948
1283,21.383333,5.147624,24.877449,1.802467,0.698713,0.968991,0.409255
1284,21.400000,5.121470,24.833637,1.670820,0.698669,0.967878,0.407941
1285,21.416667,5.129433,24.735844,1.042413,0.697862,0.966103,0.406766
1286,21.433333,4.652696,24.256449,2.345490,0.699665,0.965290,0.405237
1287,21.450000,5.275643,24.245592,1.074026,0.698211,0.964295,0.403867
1288,21.466667,5.415768,24.226139,1.677398,0.698771,0.964252,0.402086
1289,21.483333,5.694735,23.892382,0.829419,0.697653,0.963946,0.401034
1290,21.500000,5.685074,23.824400,0.603404,0.697408,0.963636,0.400154
1291,21.516667,5.556395,23.440279,0.893839,0.698047,0.963749,0.398690
1292,21.533333,5.666880,23.443626,1.724989,0.699234,0.964047,0.396663
1293,21.550000,5.235490,23.283293,1.480225,0.698772,0.964162,0.396099
1294,21.566667,5.505520,22.978973,1.571865,0.699307,0.964332,0.394430
1295,21.583333,5.273951,22.759850,1.280744,0.698861,0.964820,0.393384
1296,21.600000,5.195697,22.958773,1.637857,0.699550,0.964842,0.391985
1297,21.616667,4.883414,22.440601,1.453376,0.699409,0.965081,0.391456
1298,21.633333,4.223287,22.008112,1.544665,0.699580,0.965480,0.390875
1299,21.650000,4.984339,22.134556,1.794143,0.699724,0.966670,0.388465
1300,21.666667,5.381616,22.036331,1.034020,0.699506,0.966228,0.387109
1301,21.683333,5.810577,21.675461,0.997278,0.699878,0.966627,0.385227
1302,21.700000,6.020723,21.348234,1.214935,0.700673,0.967374,0.383675
1303,21.716667,5.363067,21.008739,1.749703,0.701842,0.967789,0.383095
1304,21.733333,4.846350,20.799551,1.348967,0.701565,0.968029,0.382765
1305,21.750000,4.897261,20.710861,1.492363,0.701810,0.968184,0.381268
1306,21.766667,4.380054,20.627432,1.986631,0.702444,0.967750,0.379744
1307,21.783333,4.407096,20.460669,1.343463,0.701848,0.967968,0.378789
1308,21.800000,4.512102,20.003918,2.288126,0.703428,0.967921,0.376908
1309,21.816667,4.729953,19.907743,1.305855,0.702565,0.966643,0.375085
1310,21.833333,4.847459,19.740829,1.713724,0.703815,0.966445,0.373733
1311,21.850000,4.717202,19.442053,1.988129,0.704664,0.966163,0.372462
1312,21.866667,4.323341,19.004921,1.854960,0.704867,0.965691,0.372015
1313,21.883333,4.839859,18.516655,1.999336,0.705455,0.966025,0.369966
1314,21.900000,4.842601,18.200407,2.186676,0.706627,0.965124,0.368107
1315,21.916667,5.155521,18.079676,1.608141,0.706057,0.964548,0.366356
1316,21.933333,4.426429,17.945763,2.856914,0.707388,0.965172,0.364893
1317,21.950000,4.243907,17.465149,2.707301,0.707590,0.964588,0.363855
1318,21.966667,3.692647,17.389938,2.938586,0.708288,0.963530,0.362641
1319,21.983333,3.871554,17.212982,3.174918,0.708804,0.963261,0.360811
1320,22.000000,4.257573,16.965805,2.749434,0.708946,0.962083,0.358737
1321,22.016667,4.394925,16.740685,2.540560,0.708980,0.961163,0.357037
1322,22.033333,4.558744,15.997201,3.071040,0.710453,0.960890,0.355187
1323,22.050000,4.889340,15.439155,1.374676,0.708327,0.960045,0.353964
1324,22.066667,5.189789,15.361564,2.519876,0.710290,0.959331,0.351612
1325,22.083333,5.660333,15.041851,2.502311,0.711151,0.958339,0.349483
1326,22.100000,5.444668,14.788741,1.543970,0.709792,0.957350,0.348169
1327,22.116667,5.175411,14.575981,2.434304,0.711487,0.957123,0.346401
1328,22.133333,4.930417,14.325466,3.717768,0.713261,0.956460,0.344832
1329,22.150000,4.154591,14.158083,4.337873,0.714438,0.955827,0.343597
1330,22.166667,5.725887,14.086324,3.617208,0.713796,0.955991,0.339871
1331,22.183333,4.476718,13.385613,3.350317,0.713652,0.954937,0.340395
1332,22.200000,4.465357,13.081944,2.589414,0.713223,0.953829,0.338666
1333,22.216667,5.184272,12.750523,2.032695,0.712914,0.953824,0.336679
1334,22.233333,5.319585,12.429513,2.142133,0.713618,0.953780,0.335108
1335,22.250000,5.698325,12.331231,2.540241,0.714701,0.952900,0.332619
1336,22.266667,5.432665,11.860422,2.752570,0.715153,0.953377,0.331581
1337,22.283333,5.357366,11.357823,2.266230,0.714873,0.952974,0.330601
1338,22.300000,4.998545,11.057261,2.798439,0.716085,0.953025,0.328905
1339,22.316667,5.184889,10.887523,2.591306,0.716302,0.953189,0.327385
1340,22.333333,5.795125,10.641792,3.343349,0.717564,0.953465,0.324519
1341,22.350000,5.262937,10.302186,2.504826,0.716304,0.953909,0.324313
1342,22.366667,5.073286,9.798954,2.326954,0.716542,0.953618,0.323318
1343,22.383333,4.912319,9.313991,2.907576,0.718206,0.953345,0.321961
1344,22.400000,5.340837,9.139134,2.667398,0.718313,0.953426,0.320316
1345,22.416667,5.828876,8.903668,2.885538,0.718598,0.953621,0.318224
1346,22.433333,5.702882,8.758967,2.690472,0.719530,0.952679,0.317509
1347,22.450000,5.505113,8.525826,3.147527,0.720610,0.952391,0.316531
1348,22.466667,5.839777,8.034348,3.175077,0.720950,0.952180,0.314810
1349,22.483333,5.966307,7.687039,2.731414,0.720378,0.952198,0.313652
1350,22.500000,5.752676,7.609827,2.803025,0.720849,0.952057,0.312865
1351,22.516667,5.337927,7.238780,3.841690,0.722926,0.951520,0.312057
1352,22.533333,5.395105,6.933708,3.638785,0.722851,0.950981,0.311065
1353,22.550000,5.396334,6.830839,3.093146,0.722235,0.951330,0.310206
1354,22.566667,5.289347,6.579547,2.902531,0.722289,0.951112,0.309557
1355,22.583333,5.349444,6.252253,3.856033,0.724801,0.950609,0.308517
1356,22.600000,5.466899,5.969561,4.075968,0.725404,0.950437,0.307612
1357,22.616667,5.836323,5.875544,3.928541,0.725489,0.950345,0.306397
1358,22.633333,5.741250,5.328721,3.202746,0.724746,0.949724,0.305675
1359,22.650000,5.845256,5.016848,2.547674,0.724482,0.949445,0.305026
1360,22.666667,5.661319,4.616664,3.076087,0.725619,0.949333,0.304578
1361,22.683333,5.136538,4.525542,2.949675,0.725693,0.948499,0.304251
1362,22.700000,5.476332,4.162030,3.576772,0.726911,0.948494,0.303274
1363,22.716667,5.324667,3.939630,3.363662,0.726762,0.947986,0.303012
1364,22.733333,5.175199,3.579315,3.038436,0.726658,0.947373,0.302723
1365,22.750000,4.938138,3.179611,2.365690,0.726057,0.947057,0.302805
1366,22.766667,5.127244,2.798272,2.351768,0.727066,0.946221,0.302201
1367,22.783333,5.541436,2.562792,2.489994,0.728018,0.945672,0.301201
1368,22.800000,5.676936,2.275366,2.844107,0.728768,0.945469,0.300640
1369,22.816667,5.513053,2.106626,2.734336,0.729132,0.945079,0.300441
1370,22.833333,5.289394,1.909590,2.649380,0.729457,0.944922,0.300225
1371,22.850000,4.735271,1.583838,2.558897,0.730115,0.944520,0.300371
1372,22.866667,4.779086,1.384792,2.102556,0.730157,0.944498,0.299774
1373,22.883333,4.606774,0.950931,2.121281,0.730861,0.944781,0.299727
1374,22.900000,4.723264,0.874109,2.373204,0.732611,0.944084,0.299444
1375,22.916667,4.460451,0.710527,1.516556,0.732012,0.944015,0.299493
1376,22.933333,4.900939,0.252456,2.068393,0.733958,0.944682,0.298982
1377,22.950000,5.138799,-0.212899,1.952539,0.734672,0.945591,0.298423
1378,22.966667,5.164708,-0.375791,1.199782,0.734777,0.945634,0.298274
1379,22.983333,5.309599,-0.584137,1.364473,0.736175,0.945799,0.297795
1380,23.000000,5.105608,-0.480798,2.114458,0.738910,0.945547,0.297823
1381,23.016667,4.777098,-0.871182,2.376023,0.740589,0.946092,0.297916
1382,23.033333,4.809709,-1.274441,2.074267,0.741274,0.947504,0.297916
1383,23.050000,5.086947,-1.070585,1.882063,0.742285,0.948399,0.296799
1384,23.066667,4.204902,-1.511153,2.118582,0.744908,0.948162,0.298002
1385,23.083333,4.433133,-1.515077,1.710716,0.745991,0.949482,0.297210
1386,23.100000,4.524398,-1.800457,1.985647,0.747966,0.950809,0.297165
1387,23.116667,4.665979,-2.114221,1.710360,0.749958,0.951024,0.297000
1388,23.133333,4.488024,-2.363291,2.114626,0.752397,0.951726,0.297315
1389,23.150000,4.818200,-2.654269,1.497136,0.753777,0.953553,0.296627
1390,23.166667,4.945973,-2.900016,1.235138,0.755292,0.953677,0.296321
1391,23.183333,5.142298,-3.010260,1.264168,0.758037,0.954502,0.295661
1392,23.200000,5.021984,-3.088859,2.434676,0.761793,0.955564,0.295639
1393,23.216667,4.627422,-3.332603,1.620131,0.763254,0.956243,0.295707
1394,23.233333,4.287187,-3.378855,2.063955,0.766301,0.957449,0.296188
1395,23.250000,4.237237,-3.392620,2.252994,0.769072,0.958448,0.295926
1396,23.266667,4.521123,-3.882213,2.566723,0.772581,0.959360,0.295285
1397,23.283333,4.171569,-3.877812,2.515700,0.775105,0.960151,0.295742
1398,23.300000,4.353116,-3.916319,1.569931,0.777483,0.960681,0.295155
1399,23.316667,4.799191,-4.420623,1.939578,0.780722,0.960980,0.294719
1400,23.333333,4.787977,-4.081147,1.794608,0.783626,0.960997,0.294714
1401,23.350000,5.102456,-4.348998,1.463897,0.786251,0.961689,0.293937
1402,23.366667,4.992178,-4.658646,2.169071,0.790426,0.961908,0.294065
1403,23.383333,4.864857,-4.753444,2.678218,0.794460,0.961968,0.294157
1404,23.400000,4.664840,-4.533053,2.979308,0.798040,0.961222,0.293946
1405,23.416667,4.358383,-4.928905,2.817975,0.800919,0.961538,0.293991
1406,23.433333,4.120291,-5.074300,2.576652,0.804286,0.961620,0.294227
1407,23.450000,4.103684,-5.010348,2.809590,0.808267,0.961395,0.293963
1408,23.466667,4.525517,-5.247112,2.331206,0.811603,0.961280,0.293515
1409,23.483333,4.688419,-5.305133,2.446957,0.815159,0.961676,0.293234
1410,23.500000,4.841969,-5.421181,2.487989,0.819188,0.961756,0.292957
1411,23.516667,4.862803,-5.647154,3.041356,0.823885,0.961907,0.293172
1412,23.533333,5.198611,-5.500881,2.892425,0.827313,0.962519,0.292384
1413,23.550000,5.374304,-5.451075,2.988387,0.831391,0.962331,0.292217
1414,23.566667,5.052393,-5.460494,2.512762,0.834499,0.961756,0.291891
1415,23.583333,5.028545,-5.412771,3.796059,0.840380,0.962227,0.292288
1416,23.600000,4.715713,-5.625560,3.725756,0.844187,0.962507,0.292585
1417,23.616667,4.610115,-5.783096,4.203052,0.848710,0.962528,0.292699
1418,23.633333,4.885973,-5.591307,3.686317,0.852339,0.962044,0.292018
1419,23.650000,5.099547,-5.529645,4.732795,0.857546,0.961949,0.291968
1420,23.666667,5.362328,-5.789294,3.758125,0.860453,0.961760,0.291499
1421,23.683333,5.195053,-5.520689,4.974517,0.866418,0.961099,0.292055
1422,23.700000,5.554947,-5.829471,4.155412,0.869105,0.961206,0.291524
1423,23.716667,4.544034,-5.771163,5.328960,0.874678,0.960224,0.293081
1424,23.733333,5.534004,-5.496964,5.766127,0.878785,0.961264,0.291729
1425,23.750000,5.347920,-5.725230,3.834397,0.879863,0.961027,0.291374
1426,23.766667,5.503711,-5.398357,5.869426,0.887121,0.961097,0.291643
1427,23.783333,5.600199,-5.462540,4.494760,0.888858,0.960935,0.291268
1428,23.800000,4.982347,-5.284737,5.985701,0.895320,0.961038,0.292335
1429,23.816667,5.072595,-5.308147,4.627270,0.897408,0.961818,0.292074
1430,23.833333,4.910698,-5.247779,5.193906,0.902467,0.961220,0.292562
1431,23.850000,5.332335,-5.103342,5.066639,0.906037,0.962454,0.292122
1432,23.866667,5.093773,-5.354266,3.511525,0.907668,0.962761,0.292195
1433,23.883333,5.010621,-5.204226,4.954983,0.913672,0.963272,0.292717
1434,23.900000,4.971962,-5.082762,4.357092,0.916676,0.963928,0.292836
1435,23.916667,4.264105,-5.200073,4.846737,0.920830,0.964620,0.293630
1436,23.933333,4.563228,-4.711232,4.586420,0.924516,0.965600,0.293107
1437,23.950000,3.604138,-4.797863,4.481962,0.928175,0.965718,0.294127
1438,23.966667,4.198731,-4.567364,4.861808,0.932136,0.966980,0.293410
1439,23.983333,3.849259,-4.319567,4.754954,0.936597,0.967259,0.294101
1440,24.000000,3.761378,-4.698480,3.685857,0.938984,0.968214,0.294139
1441,24.016667,4.487063,-4.742942,3.806150,0.942685,0.968946,0.292957
1442,24.033333,4.088149,-4.395654,3.029367,0.945902,0.969326,0.293663
1443,24.050000,4.111794,-4.592049,3.136691,0.949665,0.970239,0.293677
1444,24.066667,4.690689,-3.963070,3.618967,0.954312,0.970450,0.292838
1445,24.083333,4.257035,-4.194098,3.430002,0.957649,0.971327,0.293072
1446,24.100000,4.345286,-3.997990,3.137814,0.961119,0.971935,0.292623
1447,24.116667,4.171983,-3.722878,4.203131,0.966458,0.972751,0.292607
1448,24.133333,3.375520,-3.628368,4.090710,0.969876,0.973321,0.293331
1449,24.150000,3.920710,-3.233279,4.185105,0.973757,0.974006,0.292008
1450,24.166667,3.350680,-3.231477,4.713055,0.978427,0.974159,0.292287
1451,24.183333,4.032511,-3.192523,3.784228,0.980412,0.974676,0.291014
1452,24.200000,3.521322,-3.244158,4.109438,0.985279,0.974550,0.291374
1453,24.216667,4.039038,-2.802984,4.022042,0.989019,0.975214,0.290234
1454,24.233333,4.479220,-2.482108,3.806708,0.992075,0.975858,0.289268
1455,24.250000,4.253526,-2.296476,4.014371,0.996385,0.976169,0.289173
1456,24.266667,4.929541,-2.126646,4.357577,0.999539,0.977440,0.287699
1457,24.283333,4.727064,-1.804967,4.166409,1.003783,0.978148,0.287229
1458,24.300000,4.226724,-1.654349,4.977758,1.007892,0.978569,0.287177
1459,24.316667,4.153688,-1.551975,5.739498,1.012678,0.979467,0.286733
1460,24.333333,3.771303,-1.418275,5.865786,1.015797,0.980394,0.286431
1461,24.350000,4.427609,-0.969402,5.311915,1.018817,0.980134,0.284740
1462,24.366667,4.571984,-0.740088,5.461597,1.022017,0.980110,0.283856
1463,24.383333,4.344087,-0.443176,5.467609,1.025544,0.980550,0.283505
1464,24.400000,4.463832,-0.284070,5.712868,1.028897,0.981154,0.282818
1465,24.416667,4.845076,-0.056012,5.185230,1.031337,0.980544,0.281729
1466,24.433333,5.476621,0.195489,5.432491,1.034270,0.980116,0.280100
1467,24.450000,5.716438,0.646942,5.002314,1.037010,0.979871,0.278744
1468,24.466667,5.031036,0.684023,6.418922,1.040753,0.980081,0.278954
1469,24.483333,4.793732,1.438776,6.191333,1.043382,0.979446,0.278152
1470,24.500000,5.587227,1.477815,5.773678,1.045885,0.979367,0.276545
1471,24.516667,5.494095,1.804982,5.993224,1.048110,0.979250,0.276105
1472,24.533333,5.455692,1.727525,7.255369,1.052313,0.978946,0.275662
1473,24.550000,5.458121,2.303879,6.545997,1.052859,0.978764,0.274707
1474,24.566667,5.255532,2.286407,5.571041,1.054092,0.978874,0.274764
1475,24.583333,5.326919,2.544106,6.362180,1.056617,0.979002,0.274294
1476,24.600000,5.886528,3.241682,6.398319,1.058828,0.978745,0.272501
1477,24.616667,6.256495,3.461596,6.507966,1.060511,0.978719,0.271679
1478,24.633333,6.359770,3.813844,6.428098,1.061587,0.978680,0.271150
1479,24.650000,5.809491,4.080022,6.182427,1.062536,0.978454,0.271501
1480,24.666667,5.328243,4.273434,5.540749,1.062399,0.978491,0.271490
1481,24.683333,5.084192,4.551613,6.448152,1.064966,0.977888,0.271247
1482,24.700000,5.430470,4.886872,5.836886,1.065499,0.977359,0.270218
1483,24.716667,5.618262,5.249621,5.965300,1.066816,0.977079,0.269790
1484,24.733333,5.596120,5.484018,5.824545,1.067277,0.977181,0.269841
1485,24.750000,5.797754,5.890704,4.965888,1.066906,0.976962,0.269513
1486,24.766667,5.656723,6.100475,5.135871,1.067733,0.977227,0.269586
1487,24.783333,5.614697,6.430037,5.204657,1.068103,0.977572,0.269514
1488,24.800000,5.253594,6.602924,4.870003,1.067876,0.977870,0.269914
1489,24.816667,5.012808,6.999226,5.096751,1.068306,0.978344,0.269931
1490,24.833333,4.926141,7.480313,5.098887,1.068469,0.978730,0.269879
1491,24.850000,4.841039,7.512931,5.107828,1.068433,0.978951,0.270026
1492,24.866667,4.848075,7.872582,4.647076,1.067539,0.979239,0.270039
1493,24.883333,4.868019,8.431573,4.825496,1.068231,0.979481,0.270006
1494,24.900000,4.995940,8.773709,4.278785,1.067516,0.979779,0.269985
1495,24.916667,5.012492,9.006908,3.770510,1.066840,0.979801,0.269969
1496,24.933333,5.000624,9.368645,3.902240,1.067023,0.980033,0.270047
1497,24.950000,4.987432,9.749719,3.860094,1.066583,0.980188,0.270221
1498,24.966667,5.097365,9.837117,3.049129,1.064578,0.980508,0.270315
1499,24.983333,4.934457,10.154694,2.915315,1.064294,0.980826,0.270775
1500,25.000000,5.093091,10.531632,3.164754,1.064126,0.981330,0.270558
1501,25.016667,5.070247,10.850546,3.325146,1.063829,0.981711,0.270661
1502,25.033333,4.674868,11.368166,3.418038,1.063522,0.981914,0.271307
1503,25.050000,4.418742,11.496345,3.426130,1.062814,0.981761,0.271755
1504,25.066667,4.395964,11.869828,3.014990,1.062032,0.981845,0.271907
1505,25.083333,4.541276,12.325385,2.440826,1.060917,0.981742,0.272112
1506,25.100000,4.513656,12.753057,2.531102,1.060297,0.981085,0.272249
1507,25.116667,4.850319,12.983303,2.435847,1.059738,0.980989,0.272154
1508,25.133333,5.052036,13.342669,2.554444,1.059408,0.980687,0.272211
1509,25.150000,4.899335,13.644916,2.234526,1.058491,0.980551,0.272421
1510,25.166667,5.100601,14.064054,2.767353,1.058075,0.980373,0.272372
1511,25.183333,5.184321,14.405247,2.950105,1.057858,0.979708,0.272464
1512,25.200000,4.799468,14.661992,3.297208,1.057163,0.979517,0.273041
1513,25.216667,4.878919,15.182925,3.249644,1.056561,0.979256,0.272859
1514,25.233333,4.780543,15.542444,3.607841,1.056090,0.979429,0.273263
1515,25.250000,4.487896,15.769735,3.384004,1.054663,0.979421,0.274027
1516,25.266667,4.476622,16.036509,2.889458,1.053071,0.979002,0.274662
1517,25.283333,5.164604,16.894213,3.494206,1.053404,0.978917,0.274147
1518,25.300000,5.828239,17.166571,3.183879,1.052076,0.978975,0.273547
1519,25.316667,5.850220,17.494091,2.682933,1.051053,0.978170,0.273787
1520,25.333333,5.932616,17.488028,2.702400,1.050228,0.978509,0.274255
1521,25.350000,5.893284,17.725080,2.716290,1.049049,0.978677,0.274868
1522,25.366667,5.891757,18.053297,3.510316,1.048768,0.978458,0.274739
1523,25.383333,5.688088,18.547846,2.701952,1.045542,0.979319,0.276090
1524,25.400000,5.228133,18.820261,3.523992,1.045273,0.979174,0.276809
1525,25.416667,5.326492,19.062536,3.658032,1.044377,0.979561,0.277282
1526,25.433333,5.033200,19.255783,3.487678,1.043275,0.979481,0.278194
1527,25.450000,5.012878,19.714254,3.213298,1.041718,0.979193,0.278969
1528,25.466667,5.572163,20.303503,3.064290,1.040400,0.979306,0.279001
1529,25.483333,5.761036,20.614153,3.202235,1.039181,0.979113,0.279211
1530,25.500000,5.699555,20.851017,2.704963,1.036757,0.978947,0.280382
1531,25.516667,5.786364,21.347401,3.193234,1.036013,0.979254,0.280873
1532,25.533333,5.107113,21.436846,3.256765,1.034316,0.979292,0.282852
1533,25.550000,4.961482,22.127396,4.032575,1.033347,0.979501,0.283052
1534,25.566667,5.440098,22.692547,3.936224,1.030869,0.979909,0.283545
1535,25.583333,5.358756,22.673857,3.915754,1.029377,0.979431,0.284629
1536,25.600000,4.956773,22.786354,2.295941,1.025231,0.979184,0.286698
1537,25.616667,5.181690,23.227343,2.928869,1.023939,0.979423,0.287448
1538,25.633333,5.316238,23.624699,3.688177,1.023544,0.979507,0.287928
1539,25.650000,5.057311,23.601362,3.006952,1.020137,0.979346,0.289579
1540,25.666667,5.490434,24.384605,3.197003,1.018578,0.979329,0.290067
1541,25.683333,5.480466,24.505922,2.587640,1.015840,0.978888,0.291412
1542,25.700000,5.203518,24.806618,2.562068,1.013353,0.978917,0.292838
1543,25.716667,5.505581,24.969418,2.215410,1.010705,0.978535,0.293642
1544,25.733333,5.012558,25.395220,2.555187,1.008496,0.978859,0.295455
1545,25.750000,4.650871,25.637838,3.315330,1.006565,0.979203,0.296699
1546,25.766667,4.945930,25.953201,2.695287,1.003493,0.978972,0.297879
1547,25.783333,4.862630,26.124105,2.323738,1.000907,0.978672,0.299278
1548,25.800000,5.439549,26.671406,1.731945,0.997111,0.979281,0.300263
1549,25.816667,5.718824,27.058893,1.614403,0.994818,0.978772,0.300941
1550,25.833333,5.399943,26.757263,0.730863,0.991364,0.979543,0.303285
1551,25.850000,5.181042,27.177837,1.811691,0.990282,0.979667,0.304296
1552,25.866667,5.705828,27.820023,0.768653,0.985753,0.980073,0.305517
1553,25.883333,5.279868,27.642544,1.446552,0.984828,0.979618,0.306892
1554,25.900000,5.243942,27.942865,0.843216,0.981039,0.979263,0.308423
1555,25.916667,4.997543,28.548269,2.107032,0.979479,0.980428,0.309667
1556,25.933333,4.751410,28.270699,2.200751,0.976897,0.979541,0.310675
1557,25.950000,5.154552,28.628574,1.070098,0.972328,0.979401,0.312222
1558,25.966667,4.987808,29.161688,1.671607,0.970096,0.979817,0.313323
1559,25.983333,4.991146,28.935909,1.703078,0.967862,0.979624,0.314448
1560,26.000000,4.488674,28.965883,1.303534,0.964479,0.979938,0.316467
1561,26.016667,5.266380,29.381897,0.039783,0.960519,0.979788,0.317404
1562,26.033333,5.283112,29.687927,0.546539,0.958488,0.980027,0.318187
1563,26.050000,5.609626,29.676264,-0.118292,0.954967,0.980286,0.318998
1564,26.066667,4.857741,29.941313,0.272015,0.952062,0.981119,0.321030
1565,26.083333,5.639223,30.197281,-0.286684,0.949046,0.980882,0.321150
1566,26.100000,4.550664,30.304945,0.671001,0.947640,0.981257,0.322725
1567,26.116667,4.637965,30.463091,0.337217,0.944572,0.981593,0.324153
1568,26.133333,4.997848,30.536814,0.441622,0.942079,0.981536,0.324248
1569,26.150000,4.958014,30.674393,0.333065,0.939350,0.981554,0.324879
1570,26.166667,5.412855,31.025930,-0.493802,0.936052,0.981930,0.325756
1571,26.183333,5.379752,30.767534,-0.679728,0.932855,0.982367,0.327193
1572,26.200000,5.165784,30.953352,-1.384750,0.929851,0.981758,0.328250
1573,26.216667,5.444039,31.104322,-1.423495,0.927830,0.981357,0.328399
1574,26.233333,5.469769,31.361551,-1.050054,0.925537,0.981997,0.328616
1575,26.250000,4.299544,31.532255,-0.598041,0.923783,0.981533,0.330343
1576,26.266667,4.650090,31.140278,-0.818963,0.921599,0.980335,0.330289
1577,26.283333,5.288846,31.957134,-0.202897,0.919402,0.980814,0.329468
1578,26.300000,4.562541,32.059654,-0.297441,0.917432,0.979895,0.330707
1579,26.316667,4.339808,31.899733,-0.601659,0.914523,0.979574,0.331262
1580,26.333333,3.941286,31.975409,0.178306,0.913701,0.979201,0.331372
1581,26.350000,4.510828,32.335705,-0.518547,0.910601,0.978662,0.331163
1582,26.366667,3.910556,32.423153,-0.568562,0.908423,0.977339,0.331837
1583,26.383333,3.929118,32.518654,-0.681819,0.906048,0.976296,0.331509
1584,26.400000,3.321508,32.321888,-0.412332,0.904747,0.973698,0.331900
1585,26.416667,3.275388,32.570656,-0.059356,0.903408,0.972049,0.330947
1586,26.433333,2.875116,32.930035,0.311944,0.901657,0.968951,0.330297
1587,26.450000,1.687100,33.012253,0.701764,0.899592,0.967110,0.330669
1588,26.466667,1.780401,33.175823,1.189581,0.898534,0.964592,0.329410
1589,26.483333,1.345916,33.433178,1.983053,0.896554,0.962700,0.328246
1590,26.500000,0.747864,33.135292,2.084692,0.895109,0.960985,0.327981
1591,26.516667,1.266214,33.400677,1.573733,0.892401,0.958841,0.325928
1592,26.533333,1.031586,33.488510,2.336051,0.891198,0.956783,0.324140
1593,26.550000,1.108382,33.385048,1.844106,0.888775,0.955113,0.322410
1594,26.566667,0.775891,33.389439,1.090339,0.886213,0.953403,0.321465
1595,26.583333,0.983952,33.735661,1.016862,0.883634,0.951878,0.318185
1596,26.600000,0.059350,33.828926,1.485729,0.881809,0.950732,0.316614
1597,26.616667,-0.519992,33.802799,2.603209,0.880393,0.950143,0.313368
1598,26.633333,-1.575940,33.770172,2.000710,0.877195,0.948265,0.311850
1599,26.650000,-1.676299,33.857964,3.335471,0.876007,0.947355,0.307918
1600,26.666667,-1.814384,34.116776,3.431109,0.873466,0.945773,0.304393
1601,26.683333,-1.991714,34.137249,2.727474,0.870159,0.943496,0.300916
1602,26.700000,-2.099817,34.364914,2.933400,0.867942,0.941801,0.296861
1603,26.716667,-2.215081,33.723320,2.385991,0.864423,0.939390,0.293256
1604,26.733333,-1.424093,34.267033,1.152282,0.860400,0.936158,0.288161
1605,26.750000,-2.036051,34.172493,2.041743,0.858351,0.933584,0.283530
1606,26.766667,-2.489171,34.355095,1.853260,0.855609,0.929876,0.278662
1607,26.783333,-2.577178,34.573013,2.744822,0.853155,0.926284,0.272511
1608,26.800000,-3.148967,34.412006,2.216513,0.849137,0.922289,0.267609
1609,26.816667,-3.462121,34.883610,3.350802,0.846790,0.917985,0.260820
1610,26.833333,-3.989502,34.719975,3.383263,0.843447,0.913099,0.255205
1611,26.850000,-3.373732,34.731743,3.195941,0.839993,0.908220,0.247814
1612,26.866667,-2.556851,34.956284,2.552009,0.835614,0.903323,0.240134
1613,26.883333,-3.027589,34.711555,2.991593,0.833379,0.898368,0.233468
1614,26.900000,-2.071612,35.002998,2.468895,0.828815,0.893787,0.224807
1615,26.916667,-1.694471,35.218689,1.795941,0.824474,0.888870,0.216893
1616,26.933333,-1.083462,35.048798,1.735304,0.820592,0.884325,0.207473
1617,26.950000,-0.367495,35.179375,1.162590,0.815830,0.880394,0.198193
1618,26.966667,-0.937373,35.090824,1.462728,0.812200,0.875613,0.189925
1619,26.983333,0.233491,35.171284,1.485072,0.808394,0.871188,0.178940
1620,27.000000,0.472929,35.232750,0.826918,0.803421,0.866862,0.170131
1621,27.016667,1.100584,35.509296,0.996137,0.799909,0.862293,0.159414
1622,27.033333,2.596922,35.388393,0.296926,0.794999,0.857442,0.148232
1623,27.050000,3.261946,35.479492,0.458404,0.791070,0.852835,0.137686
1624,27.066667,4.511948,35.423725,-0.593633,0.786154,0.848082,0.126747
1625,27.083333,4.727887,35.374313,-0.652094,0.781923,0.842854,0.116749
1626,27.100000,5.647832,35.279011,-1.628041,0.777397,0.838254,0.105808
1627,27.116667,6.309038,35.593075,-1.533445,0.772658,0.833849,0.094673
1628,27.133333,6.041194,35.436832,-1.260741,0.769177,0.828206,0.084111
1629,27.150000,6.141016,35.817680,-1.463333,0.764639,0.823102,0.073443
1630,27.166667,5.878294,35.903419,-1.069222,0.760648,0.818228,0.062826
1631,27.183333,5.525923,36.018597,-0.126546,0.757700,0.813620,0.051889
1632,27.200000,5.576990,36.362198,0.318355,0.754073,0.808938,0.040842
1633,27.216667,5.562035,36.419113,0.819416,0.750728,0.804298,0.029624
1634,27.233333,6.599641,36.880337,0.633421,0.746345,0.800898,0.017907
1635,27.250000,7.168715,36.724911,0.033077,0.742140,0.796136,0.007260
1636,27.266667,7.484474,36.735641,-0.105998,0.737940,0.792624,-0.003427
1637,27.283333,8.628694,37.078957,-0.744439,0.733213,0.789277,-0.014730
1638,27.300000,7.826016,37.110504,0.051106,0.730707,0.785234,-0.024894
1639,27.316667,8.828161,37.539768,-1.447921,0.724711,0.782073,-0.035522
1640,27.333333,7.813972,37.790619,0.006923,0.721960,0.779184,-0.045701
1641,27.350000,8.131508,37.704060,-0.586750,0.717486,0.775621,-0.056053
1642,27.366667,8.652893,38.051369,-0.407926,0.713489,0.772849,-0.067032
1643,27.383333,7.728615,38.018639,-0.188736,0.710006,0.770339,-0.075932
1644,27.400000,9.328107,38.190037,-1.158464,0.705464,0.768732,-0.086693
1645,27.416667,10.314528,38.390610,-1.889305,0.701313,0.767008,-0.096781
1646,27.433333,11.685081,38.361980,-3.005030,0.696615,0.765795,-0.106597
1647,27.450000,13.059785,38.373558,-4.472404,0.692479,0.764486,-0.116316
1648,27.466667,13.862782,38.543068,-3.942644,0.690122,0.763796,-0.126747
1649,27.483333,14.625751,38.479515,-5.831835,0.684798,0.763295,-0.134692
1650,27.500000,14.825318,38.804008,-5.339115,0.682507,0.763005,-0.144155
1651,27.516667,15.117394,38.994923,-5.182622,0.679411,0.763170,-0.153029
1652,27.533333,14.070770,39.278564,-4.564458,0.677085,0.763205,-0.160470
1653,27.550000,14.013133,39.615192,-6.185350,0.672985,0.763677,-0.166815
1654,27.566667,14.120293,39.538048,-4.962950,0.671457,0.764193,-0.175638
1655,27.583333,14.665548,39.711231,-6.009807,0.668615,0.764977,-0.182741
1656,27.600000,15.837090,40.098778,-6.314214,0.666907,0.765604,-0.191449
1657,27.616667,15.745552,39.918701,-6.590780,0.664687,0.766139,-0.197400
1658,27.633333,16.713049,40.202866,-6.282596,0.663927,0.766863,-0.205138
1659,27.650000,17.690210,40.342804,-6.923586,0.662347,0.766973,-0.212630
1660,27.666667,17.294397,40.607357,-7.406084,0.660498,0.767660,-0.217559
1661,27.683333,16.438311,40.655384,-7.514815,0.659110,0.767918,-0.222228
1662,27.700000,15.762259,41.164932,-6.414482,0.658656,0.767946,-0.228185
1663,27.716667,14.372714,41.348839,-5.436061,0.658833,0.767219,-0.232970
1664,27.733333,14.023005,42.109146,-4.362145,0.659412,0.766870,-0.238877
1665,27.750000,13.007741,42.441235,-3.828236,0.658882,0.765227,-0.243389
1666,27.766667,12.589548,42.444206,-3.547877,0.658790,0.763114,-0.247979
1667,27.783333,11.971054,42.747055,-3.180790,0.659250,0.760259,-0.252267
1668,27.800000,12.798032,42.942436,-4.219883,0.657781,0.757519,-0.256776
1669,27.816667,13.068148,43.551357,-3.733902,0.658156,0.753530,-0.261963
1670,27.833333,12.649778,43.890614,-2.800527,0.658801,0.749400,-0.266026
1671,27.850000,12.973393,44.133385,-2.688112,0.658501,0.744381,-0.270232
1672,27.866667,11.717298,44.232113,-1.453304,0.659737,0.738044,-0.273565
1673,27.883333,11.828771,44.628403,-0.968393,0.659763,0.731547,-0.278045
1674,27.900000,10.934546,45.002048,-0.211476,0.659658,0.724773,-0.281153
1675,27.916667,9.516941,45.145203,1.084023,0.660214,0.717878,-0.283684
1676,27.933333,7.655967,45.746929,3.350005,0.661710,0.710446,-0.286734
1677,27.950000,6.238543,45.682968,4.243517,0.661779,0.703053,-0.289045
1678,27.966667,6.021327,46.193867,4.973469,0.661402,0.695868,-0.292154
1679,27.983333,5.289770,46.167740,5.263908,0.661146,0.688159,-0.294082
1680,28.000000,5.833016,46.734196,5.441190,0.660302,0.681225,-0.297711
1681,28.016667,5.582643,46.502174,5.035995,0.658952,0.674355,-0.298936
1682,28.033333,4.989976,46.907017,5.916121,0.657809,0.667129,-0.301229
1683,28.050000,3.947464,47.097565,7.081628,0.656965,0.660242,-0.302654
1684,28.066667,3.083466,47.202541,7.883216,0.654737,0.654637,-0.304407
1685,28.083333,1.145291,46.994011,9.065584,0.653405,0.647929,-0.305170
1686,28.100000,-0.581013,47.228451,10.524760,0.651626,0.641703,-0.306064
1687,28.116667,0.122542,47.928841,9.464183,0.646811,0.636848,-0.307958
1688,28.133333,-0.695127,47.680035,9.183888,0.643436,0.631037,-0.308340
1689,28.150000,-2.186941,47.550446,10.692494,0.640746,0.626610,-0.309747
1690,28.166667,-1.680773,47.606056,9.345772,0.635554,0.621327,-0.310440
1691,28.183333,-1.614457,47.870117,9.070923,0.630798,0.616882,-0.311814
1692,28.200000,-1.358699,47.794617,8.376034,0.625618,0.612684,-0.313136
1693,28.216667,-0.587835,48.106548,7.818922,0.619037,0.609002,-0.315014
1694,28.233333,-1.878771,48.063118,8.754486,0.614171,0.605272,-0.316114
1695,28.250000,-1.627759,48.327812,8.022350,0.607433,0.601120,-0.317730
1696,28.266667,-2.101322,48.264412,8.677234,0.601316,0.598100,-0.319404
1697,28.283333,-1.010001,48.450615,6.215118,0.592508,0.594669,-0.320837
1698,28.300000,-2.256796,48.381634,7.348439,0.586270,0.592671,-0.322373
1699,28.316667,-1.322923,48.357124,5.028762,0.577771,0.590681,-0.324180
1700,28.333333,-1.038462,48.021687,3.300920,0.569552,0.588905,-0.325496
1701,28.350000,0.024151,47.914200,1.771342,0.560973,0.587876,-0.328177
1702,28.366667,1.283837,47.691467,-0.990961,0.551283,0.587489,-0.330725
1703,28.383333,1.102161,47.581963,-1.639071,0.543468,0.587027,-0.333376
1704,28.400000,1.989582,47.683968,-3.045250,0.534396,0.587198,-0.336602
1705,28.416667,2.581281,47.492149,-3.478211,0.525819,0.587494,-0.340642
1706,28.433333,2.028617,47.791405,-3.072391,0.517794,0.587338,-0.344320
1707,28.450000,1.489992,48.200848,-1.821503,0.510284,0.587628,-0.348768
1708,28.466667,2.148007,47.945389,-3.008414,0.501438,0.587984,-0.352988
1709,28.483333,2.954401,48.199837,-3.145566,0.493360,0.587857,-0.358804
1710,28.500000,3.494139,47.941704,-4.150708,0.484920,0.587943,-0.363361
1711,28.516667,4.949237,47.756550,-4.391578,0.476972,0.588201,-0.369861
1712,28.533333,5.271738,47.966640,-5.559358,0.468602,0.587257,-0.374764
1713,28.550000,6.035738,47.756897,-6.432484,0.460471,0.587253,-0.380434
1714,28.566667,6.654998,48.223377,-6.876788,0.452012,0.586320,-0.386823
1715,28.583333,5.999666,48.095116,-5.154978,0.445566,0.586087,-0.393306
1716,28.600000,6.275063,48.078766,-4.724355,0.437898,0.585629,-0.399695
1717,28.616667,6.226984,48.659519,-3.230018,0.431228,0.585458,-0.406761
1718,28.633333,7.189687,48.668533,-2.731365,0.424113,0.585336,-0.414249
1719,28.650000,8.215071,48.974072,-2.005476,0.417370,0.585404,-0.422081
1720,28.666667,10.413359,49.024639,-2.912820,0.409723,0.586179,-0.429396
1721,28.683333,12.074185,48.600029,-3.927918,0.402438,0.586581,-0.436284
1722,28.700000,13.494438,48.516506,-6.940526,0.393787,0.586643,-0.441313
1723,28.716667,15.208060,48.448414,-7.129704,0.387026,0.588518,-0.449207
1724,28.733333,15.271451,48.142689,-7.793049,0.380284,0.588753,-0.454888
1725,28.750000,16.458101,48.320942,-8.525872,0.372722,0.590025,-0.460696
1726,28.766667,16.603371,48.604244,-8.178185,0.366466,0.590624,-0.466696
1727,28.783333,16.425037,49.151230,-7.085011,0.360987,0.590358,-0.472379
1728,28.800000,18.543264,49.112434,-8.390484,0.353851,0.589817,-0.478699
1729,28.816667,18.617516,48.909081,-8.529184,0.348050,0.588010,-0.482868
1730,28.833333,20.478172,49.118496,-9.561418,0.341317,0.586817,-0.488301
1731,28.850000,23.808979,48.726738,-12.420262,0.334050,0.586246,-0.493929
1732,28.866667,24.266319,48.597664,-13.638303,0.328524,0.583698,-0.497315
1733,28.883333,25.838350,48.800560,-15.151109,0.323340,0.581498,-0.502066
1734,28.900000,25.673733,48.790806,-16.352638,0.318912,0.576870,-0.504929
1735,28.916667,24.866896,48.919033,-17.971184,0.313236,0.573673,-0.505897
1736,28.933333,24.935598,49.423439,-18.483248,0.309360,0.569479,-0.508936
1737,28.950000,24.597919,50.530041,-17.441841,0.307511,0.565928,-0.512632
1738,28.966667,24.057270,50.953724,-17.488745,0.304498,0.562862,-0.514490
1739,28.983333,23.010136,51.154598,-17.139984,0.301699,0.559677,-0.515577
1740,29.000000,24.080019,51.902081,-17.714245,0.299637,0.556830,-0.518134
1741,29.016667,24.133703,51.984070,-17.971678,0.298303,0.552785,-0.519598
1742,29.033333,25.620090,52.560589,-19.208792,0.296965,0.548920,-0.521382
1743,29.050000,26.509548,52.838291,-20.078802,0.296243,0.545687,-0.523417
1744,29.066667,26.752541,53.148579,-21.232801,0.295811,0.541030,-0.524464
1745,29.083333,27.017416,53.416023,-22.760387,0.294953,0.536738,-0.524552
1746,29.100000,26.546345,54.516506,-22.910301,0.295799,0.531385,-0.525277
1747,29.116667,25.868782,55.508678,-21.922991,0.297510,0.526504,-0.526510
1748,29.133333,23.104845,56.894947,-19.495583,0.300139,0.521725,-0.526386
1749,29.150000,21.930775,57.597805,-18.996304,0.301634,0.516604,-0.526482
1750,29.166667,19.782711,59.171200,-16.158215,0.305652,0.510582,-0.527251
1751,29.183333,20.049818,60.376530,-14.881615,0.308966,0.505810,-0.529543
1752,29.200000,20.647310,61.045883,-15.666024,0.311094,0.500386,-0.529770
1753,29.216667,19.925146,61.897388,-14.404236,0.314957,0.494878,-0.530751
1754,29.233333,19.959112,62.369667,-15.223855,0.317872,0.488434,-0.530343
1755,29.250000,20.464375,63.491608,-14.327975,0.321965,0.482753,-0.532613
1756,29.266667,19.911341,64.124184,-15.548439,0.325149,0.476478,-0.531573
1757,29.283333,17.511749,64.856384,-14.327814,0.329570,0.469822,-0.530661
1758,29.300000,16.565784,65.931923,-13.259810,0.333466,0.464579,-0.531647
1759,29.316667,14.332008,67.426903,-11.244375,0.337585,0.459355,-0.531517
1760,29.333333,11.000455,68.213539,-7.163426,0.343363,0.453930,-0.533018
1761,29.350000,9.250123,68.923668,-6.413635,0.346942,0.449325,-0.531907
1762,29.366667,10.337877,69.797340,-6.958506,0.350978,0.444793,-0.533012
1763,29.383333,12.488299,70.375671,-8.159712,0.354039,0.439935,-0.534666
1764,29.400000,10.728837,70.828926,-7.381587,0.359250,0.434536,-0.534534
1765,29.416667,12.145108,71.265228,-9.452724,0.362487,0.429270,-0.535108
1766,29.433333,13.564892,71.839523,-10.798906,0.366117,0.422660,-0.536179
1767,29.450000,15.745490,72.352219,-13.718337,0.368533,0.417039,-0.536308
1768,29.466667,12.882998,73.105003,-11.182842,0.373608,0.410861,-0.536826
1769,29.483333,12.709805,73.691467,-11.150745,0.377097,0.405702,-0.538039
1770,29.500000,8.956067,75.087395,-6.908892,0.382267,0.401413,-0.539808
1771,29.516667,11.884233,75.413071,-10.123340,0.384558,0.396712,-0.541228
1772,29.533333,14.259636,75.941124,-12.622507,0.387603,0.392197,-0.542690
1773,29.550000,16.760384,76.117538,-15.571614,0.390526,0.389201,-0.543834
1774,29.566667,18.784790,76.594673,-17.871023,0.394025,0.386274,-0.546211
1775,29.583333,21.570717,76.940399,-21.692389,0.396839,0.383703,-0.547341
1776,29.600000,24.836222,76.921516,-25.588678,0.399894,0.381076,-0.549203
1777,29.616667,25.977459,77.981514,-26.667528,0.403643,0.378825,-0.552231
1778,29.633333,24.486814,78.636482,-25.100821,0.407612,0.375449,-0.555487
1779,29.650000,29.227903,78.735748,-31.570299,0.410048,0.371235,-0.556475
1780,29.666667,25.286077,79.900269,-26.718880,0.414755,0.365609,-0.560220
1781,29.683333,29.334543,80.329880,-31.000862,0.417135,0.358632,-0.562935
1782,29.700000,26.005989,81.770149,-25.723494,0.422579,0.351807,-0.568369
1783,29.716667,29.760006,82.142441,-28.219015,0.425301,0.345791,-0.572184
1784,29.733333,36.786427,82.290947,-34.066948,0.427682,0.341202,-0.575791
1785,29.750000,41.133636,83.135803,-36.110199,0.431584,0.337966,-0.581442
1786,29.766667,46.448650,83.576027,-41.087582,0.434677,0.335017,-0.584478
1787,29.783333,52.850155,83.276627,-46.325638,0.437498,0.334852,-0.589578
1788,29.800000,57.643169,83.477203,-51.939381,0.440767,0.334355,-0.592840
1789,29.816667,63.262306,83.751740,-58.343109,0.443586,0.333982,-0.595196
1790,29.833333,63.740513,84.540459,-59.170956,0.447358,0.335067,-0.598453
1791,29.850000,67.412582,84.708946,-62.947571,0.450296,0.336468,-0.602105
1792,29.866667,65.243736,85.728355,-60.686169,0.455638,0.336572,-0.605436
1793,29.883333,81.525085,85.683472,-75.834885,0.457247,0.338679,-0.608924
1794,29.900000,85.310585,86.737465,-77.959953,0.461648,0.339265,-0.613434
1795,29.916667,104.797737,86.636665,-96.313057,0.464531,0.339601,-0.616256
1796,29.933333,107.017975,86.742477,-96.650520,0.468380,0.341228,-0.620689
1797,29.950000,108.989647,84.347595,-98.370155,0.468120,0.341389,-0.622566
1798,29.966667,112.357216,84.327614,-101.203461,0.471591,0.341908,-0.624954
1799,29.983333,119.356850,83.939926,-107.235443,0.474410,0.341881,-0.627924
1800,30.000000,119.240570,83.725174,-107.589165,0.477468,0.341012,-0.629000
1801,30.016667,121.002632,83.522720,-109.595711,0.480404,0.338858,-0.629921
1802,30.033333,130.256638,83.874611,-119.212250,0.484119,0.336512,-0.630495
1803,30.050000,139.861908,84.389603,-129.354904,0.487574,0.332764,-0.630466
1804,30.066667,145.173355,84.570808,-134.651505,0.490864,0.329203,-0.630911
1805,30.083333,156.171524,84.526245,-143.680069,0.493739,0.326320,-0.632585
1806,30.100000,160.393982,84.645912,-148.155045,0.496723,0.322739,-0.631545
1807,30.116667,165.760742,84.173958,-152.265137,0.499555,0.319795,-0.631568
1808,30.133333,163.958984,83.728172,-150.887924,0.501383,0.316536,-0.629326
1809,30.150000,165.999985,83.573181,-152.362793,0.504128,0.314563,-0.627999
1810,30.166667,156.851822,83.354240,-145.544296,0.505299,0.311895,-0.623095
1811,30.183333,167.149338,83.031807,-155.515717,0.508346,0.310611,-0.621719
1812,30.200000,176.374115,83.933571,-166.082596,0.511716,0.310396,-0.617235
1813,30.216667,179.509415,83.506050,-171.094498,0.513056,0.309090,-0.612036
1814,30.233333,-164.497192,83.243675,172.141525,0.516081,0.308613,-0.607681
1815,30.250000,-159.957764,83.343864,166.595184,0.516734,0.309003,-0.602259
1816,30.266667,-154.363495,82.233337,160.619980,0.518017,0.308016,-0.597667
1817,30.283333,-148.497330,82.081032,154.662918,0.519418,0.306762,-0.593166
1818,30.300000,-150.928375,81.886116,156.309494,0.519485,0.303511,-0.587694
1819,30.316667,-153.559753,82.132393,158.652634,0.518905,0.301358,-0.582403
1820,30.333333,-152.093124,81.854675,157.005096,0.519139,0.298193,-0.577205
1821,30.350000,-162.987381,82.200462,167.744186,0.516380,0.296673,-0.572174
1822,30.366667,-163.201126,82.587685,166.898331,0.515476,0.295714,-0.565856
1823,30.383333,-164.408997,82.202141,168.621246,0.513363,0.296232,-0.561693
1824,30.400000,-158.774216,81.841011,162.396729,0.511535,0.298204,-0.555761
1825,30.416667,-157.153580,81.369568,160.521698,0.508690,0.301127,-0.550036
1826,30.433333,-167.706451,81.693680,169.608871,0.503235,0.304499,-0.542777
1827,30.450000,-161.922409,81.527046,164.143463,0.499761,0.309357,-0.537685
1828,30.466667,-166.249680,81.325111,169.136795,0.494826,0.314090,-0.532921
1829,30.483333,-163.921799,80.946541,167.663208,0.490985,0.318508,-0.528168
1830,30.500000,-174.520096,81.649269,176.212738,0.484622,0.322570,-0.520085
1831,30.516667,174.200272,81.087532,-171.062027,0.477334,0.327668,-0.515970
1832,30.533333,171.341354,80.995811,-168.292160,0.472150,0.331624,-0.510510
1833,30.550000,165.184250,80.614304,-162.536957,0.466049,0.335454,-0.504243
1834,30.566667,162.788376,80.362869,-159.439178,0.459171,0.339620,-0.499525
1835,30.583333,164.176880,80.193214,-161.899506,0.453861,0.341771,-0.492824
1836,30.600000,156.888596,79.471840,-155.047089,0.445647,0.343920,-0.486885
1837,30.616667,154.650742,79.067780,-152.184402,0.439139,0.346855,-0.482149
1838,30.633333,152.605621,78.688080,-150.220810,0.433071,0.348330,-0.476587
1839,30.650000,153.944595,78.601593,-150.961395,0.426947,0.347345,-0.471905
1840,30.666667,147.258301,77.535454,-144.854050,0.419613,0.346014,-0.465560
1841,30.683333,141.356308,76.762016,-138.741562,0.412330,0.344375,-0.459863
1842,30.700000,140.465347,75.928612,-137.463684,0.405884,0.344230,-0.454793
1843,30.716667,138.800064,75.510193,-135.300095,0.399955,0.344626,-0.449795
1844,30.733333,134.646164,74.088120,-131.611313,0.392557,0.344808,-0.443726
1845,30.750000,137.977814,74.530807,-133.790070,0.388019,0.346266,-0.439766
1846,30.766667,138.902008,74.351974,-134.505981,0.383221,0.348022,-0.434584
1847,30.783333,144.028793,74.554695,-139.451782,0.379424,0.350177,-0.429130
1848,30.800000,141.568192,74.012550,-137.831711,0.373640,0.352006,-0.422618
1849,30.816667,142.368576,74.049675,-138.186890,0.369367,0.353810,-0.418043
1850,30.833333,145.882065,73.922089,-143.118561,0.366190,0.353857,-0.411429
1851,30.850000,141.788147,73.646545,-139.649750,0.361665,0.354315,-0.405492
1852,30.866667,140.653015,72.740967,-136.815063,0.356643,0.354742,-0.402940
1853,30.883333,138.805649,72.142708,-137.322601,0.353658,0.356149,-0.395132
1854,30.900000,136.194336,70.807701,-135.252670,0.348916,0.356254,-0.389806
1855,30.916667,135.458939,70.861862,-133.215149,0.346046,0.357129,-0.386712
1856,30.933333,133.584183,69.668045,-133.354507,0.342961,0.358356,-0.379686
1857,30.950000,134.974487,70.372528,-135.607208,0.341560,0.359443,-0.374142
1858,30.966667,137.936935,70.574326,-137.089554,0.340695,0.360377,-0.371805
1859,30.983333,136.076202,70.025787,-136.781311,0.338196,0.361803,-0.365533
1860,31.000000,139.423981,70.078018,-139.180145,0.338294,0.363225,-0.363353
1861,31.016667,138.126846,69.448112,-138.636673,0.336669,0.364290,-0.358006
1862,31.033333,137.330170,69.444412,-138.161377,0.336993,0.364418,-0.354193
1863,31.050000,135.795685,67.969078,-135.478653,0.335330,0.366602,-0.352069
1864,31.066667,134.989655,67.756943,-134.759262,0.335803,0.366948,-0.348330
1865,31.083333,136.129913,67.730240,-137.166107,0.337576,0.366813,-0.344059
1866,31.100000,136.851578,67.654816,-136.467819,0.338083,0.367271,-0.343002
1867,31.116667,139.042023,67.596146,-137.733093,0.339710,0.367031,-0.340996
1868,31.133333,141.432037,67.937050,-139.726212,0.341347,0.367038,-0.339036
1869,31.150000,145.344727,68.612228,-143.897446,0.345216,0.365771,-0.336269
1870,31.166667,148.225632,68.918350,-145.949188,0.348081,0.364588,-0.334228
1871,31.183333,153.663773,69.253654,-151.138626,0.351916,0.361965,-0.332274
1872,31.200000,154.198578,69.238869,-151.077835,0.354457,0.361143,-0.330679
1873,31.216667,157.041412,69.716866,-153.622543,0.358126,0.359387,-0.329319
1874,31.233333,158.767731,69.423149,-154.877029,0.361263,0.357072,-0.326970
1875,31.250000,158.397842,69.033188,-155.968735,0.363671,0.354341,-0.322725
1876,31.266667,162.098770,69.812843,-159.755783,0.368809,0.349503,-0.321303
1877,31.283333,165.570953,69.557396,-161.709213,0.371590,0.347761,-0.321106
1878,31.300000,167.198441,69.502739,-164.286575,0.375516,0.342455,-0.317879
1879,31.316667,169.931595,69.878609,-167.418915,0.379451,0.339098,-0.315191
1880,31.333333,172.707062,70.049347,-170.581635,0.383753,0.333671,-0.313172
1881,31.350000,175.778534,69.739563,-173.495010,0.387799,0.328373,-0.311336
1882,31.366667,174.344269,69.856964,-173.446945,0.390192,0.323079,-0.308142
1883,31.383333,169.265167,70.003136,-168.734314,0.391603,0.318436,-0.305761
1884,31.400000,164.930237,69.725388,-165.251205,0.393459,0.313059,-0.303127
1885,31.416667,160.533569,69.643097,-162.055389,0.395798,0.307105,-0.300010
1886,31.433333,158.209747,69.723221,-160.652725,0.398274,0.302111,-0.298039
1887,31.450000,153.791199,68.874855,-157.269470,0.400018,0.296980,-0.295320
1888,31.466667,154.233658,68.964401,-157.702728,0.402193,0.292344,-0.294502
1889,31.483333,151.706085,68.926361,-155.952423,0.404732,0.287859,-0.292561
1890,31.500000,156.092575,69.314072,-159.775040,0.409066,0.282431,-0.292877
1891,31.516667,155.700058,68.965279,-158.201675,0.410802,0.278003,-0.293630
1892,31.533333,158.073364,69.039307,-160.577652,0.414198,0.274101,-0.293578
1893,31.550000,160.882782,69.139877,-162.565277,0.417658,0.269424,-0.294699
1894,31.566667,159.514572,69.351204,-162.449615,0.421252,0.263959,-0.293676
1895,31.583333,159.383469,69.536667,-160.137848,0.423104,0.259987,-0.296157
1896,31.600000,159.340134,69.269463,-160.165237,0.426301,0.254834,-0.296788
1897,31.616667,159.370636,69.272385,-159.145187,0.429144,0.251098,-0.299005
1898,31.633333,162.395752,69.276848,-161.065659,0.432512,0.247837,-0.300614
1899,31.650000,165.834656,69.645798,-162.632919,0.436094,0.245429,-0.303682
1900,31.666667,168.030945,69.874214,-163.984375,0.439329,0.242773,-0.305574
1901,31.683333,172.784836,69.617348,-167.741119,0.443175,0.239986,-0.308030
1902,31.700000,173.195343,69.663986,-168.666992,0.446803,0.236451,-0.308570
1903,31.716667,169.915436,69.489220,-164.816422,0.447844,0.232945,-0.309962
1904,31.733333,168.674789,69.965843,-165.426483,0.451280,0.227200,-0.308615
1905,31.750000,164.620163,69.730469,-160.831223,0.454223,0.222554,-0.310706
1906,31.766667,159.257904,69.165833,-155.229568,0.456059,0.218755,-0.311451
1907,31.783333,160.966446,69.179047,-153.399704,0.459317,0.214065,-0.315746
1908,31.800000,158.166489,69.073769,-150.086517,0.461684,0.211527,-0.315384
1909,31.816667,160.447464,69.447105,-151.017776,0.465268,0.210607,-0.316280
1910,31.833333,163.368622,69.988823,-153.204132,0.469674,0.211566,-0.316311
1911,31.850000,175.445847,71.339920,-162.449875,0.477089,0.212453,-0.321027
1912,31.866667,174.832626,71.240929,-164.916779,0.480116,0.212387,-0.316337
1913,31.883333,176.290909,71.946068,-168.598877,0.484158,0.212047,-0.313733
1914,31.900000,178.660385,72.554985,-173.607239,0.489371,0.210120,-0.310743
1915,31.916667,176.290619,73.251015,-172.758560,0.492720,0.209373,-0.309106
1916,31.933333,179.314987,73.318321,-176.771194,0.497207,0.207578,-0.307573
1917,31.950000,179.734573,74.234955,-177.460678,0.500423,0.205702,-0.306103
1918,31.966667,179.327118,74.511665,-176.184479,0.502839,0.204101,-0.305378
1919,31.983333,179.405884,73.746155,-177.534439,0.505199,0.200643,-0.300964
1920,32.000000,-175.693314,73.949181,179.679565,0.508375,0.199160,-0.301500
1921,32.016667,-175.797989,74.700172,-178.589844,0.510063,0.198512,-0.301505
1922,32.033333,-171.569672,74.988861,176.829407,0.512946,0.197244,-0.299478
1923,32.050000,-176.134644,75.460854,179.685669,0.513528,0.194444,-0.296099
1924,32.066667,-174.823120,76.198395,177.248199,0.516041,0.192864,-0.293656
1925,32.083333,-179.275986,77.177727,-179.903915,0.516385,0.191696,-0.291180
1926,32.100000,-179.896164,77.799355,179.650497,0.517507,0.189604,-0.289617
1927,32.116667,177.629852,78.585068,-178.245865,0.517702,0.187331,-0.287809
1928,32.133333,172.816452,78.798515,-175.396133,0.517518,0.184323,-0.284115
1929,32.150000,163.938400,78.973404,-166.012100,0.515339,0.182967,-0.283252
1930,32.166667,168.227051,79.613686,-169.222000,0.516891,0.179135,-0.283191
1931,32.183333,161.438141,79.704796,-161.230560,0.515207,0.176932,-0.282507
1932,32.200000,159.655441,80.193733,-157.677780,0.514949,0.174906,-0.283515
1933,32.216667,154.431351,80.790939,-152.447662,0.514506,0.172094,-0.282353
1934,32.233333,147.490433,80.473076,-144.982193,0.513160,0.170031,-0.282477
1935,32.250000,139.041412,79.794983,-136.831726,0.511390,0.168746,-0.282179
1936,32.266667,127.183807,78.582367,-126.471786,0.508908,0.167554,-0.279939
1937,32.283333,120.194771,78.548813,-120.426834,0.509029,0.165241,-0.279326
1938,32.300000,111.044899,78.753372,-113.567986,0.509805,0.161630,-0.277965
1939,32.316667,108.508003,78.680450,-110.054390,0.509530,0.160944,-0.279181
1940,32.333333,108.975952,78.876945,-109.530235,0.509705,0.160833,-0.280466
1941,32.350000,110.158440,79.170280,-110.145042,0.510255,0.160460,-0.281413
1942,32.366667,108.946251,78.917427,-108.370827,0.509972,0.160395,-0.282072
1943,32.383333,108.686966,79.762169,-107.561226,0.511510,0.159802,-0.283638
1944,32.400000,107.987228,80.732330,-105.765594,0.513859,0.159154,-0.286898
1945,32.416667,104.692444,80.692017,-104.559990,0.514909,0.159104,-0.285277
1946,32.433333,102.397964,81.689789,-102.138603,0.517979,0.159586,-0.288472
1947,32.450000,95.917244,82.937263,-97.410889,0.520975,0.159682,-0.289687
1948,32.466667,97.563034,82.632378,-99.340889,0.521872,0.163134,-0.291231
1949,32.483333,93.603798,83.494507,-95.573135,0.524927,0.163794,-0.294192
1950,32.500000,87.313080,82.007736,-91.574631,0.524400,0.164658,-0.292950
1951,32.516667,91.055405,83.034088,-92.642532,0.528046,0.166796,-0.299854
1952,32.533333,84.855331,85.605316,-87.123489,0.534063,0.165384,-0.301776
1953,32.550000,83.958382,83.419632,-85.823875,0.532741,0.167130,-0.304573
1954,32.566667,79.765434,83.642494,-80.698784,0.535801,0.165333,-0.308428
1955,32.583333,74.407112,85.119186,-73.876930,0.540573,0.165679,-0.314493
1956,32.600000,70.398834,83.765488,-68.754105,0.541023,0.166043,-0.319018
1957,32.616667,72.518669,84.875458,-71.559547,0.544437,0.165363,-0.321902
1958,32.633333,59.788567,86.161072,-56.545803,0.547817,0.164797,-0.329604
1959,32.650000,56.047363,86.894066,-53.966976,0.550663,0.164614,-0.331881
1960,32.666667,30.844879,86.969971,-28.755516,0.553267,0.163627,-0.335444
1961,32.683333,19.814682,87.845276,-17.025637,0.555815,0.162202,-0.341037
1962,32.700000,-6.242908,87.315956,9.367212,0.558821,0.161436,-0.344492
1963,32.716667,31.619743,86.294945,-27.831972,0.558224,0.159136,-0.349533
1964,32.733333,5.511820,86.504921,1.109801,0.562177,0.158526,-0.357730
1965,32.750000,26.778700,85.784042,-21.340162,0.561886,0.155579,-0.359729
1966,32.766667,16.813269,85.534027,-10.991541,0.564313,0.153911,-0.364353
1967,32.783333,30.801605,85.279144,-25.573666,0.563918,0.153082,-0.368684
1968,32.800000,30.461687,84.973137,-26.698605,0.563841,0.151300,-0.370313
1969,32.816667,20.220469,84.995010,-17.289577,0.564713,0.152311,-0.373111
1970,32.833333,17.230110,84.138718,-14.053478,0.564847,0.153474,-0.377949
1971,32.850000,,,,,,
1972,32.866667,19.217661,84.424606,-12.551533,0.565628,0.161633,-0.389719
1973,32.883333,32.702328,82.744049,-26.017670,0.563579,0.161337,-0.391789
1974,32.900000,36.563404,83.040657,-28.684101,0.563415,0.164743,-0.396500
1975,32.916667,29.273006,83.232368,-20.472122,0.564412,0.166880,-0.400812
1976,32.933333,33.076664,83.930328,-24.345568,0.562603,0.168535,-0.401890
1977,32.950000,38.102413,82.908180,-27.345545,0.560929,0.171821,-0.406919
1978,32.966667,3.526689,83.279167,5.215417,0.566123,0.168613,-0.407752
1979,32.983333,42.839314,82.387108,-31.278357,0.558710,0.177336,-0.412538
1980,33.000000,48.377792,81.406509,-38.865452,0.557019,0.175072,-0.412459
1981,33.016667,49.733044,81.144211,-37.752220,0.556593,0.178195,-0.416477
1982,33.033333,50.209526,80.051743,-38.853642,0.554791,0.176670,-0.417401
1983,33.050000,48.297867,80.152779,-38.412655,0.554439,0.174845,-0.416990
1984,33.066667,53.576340,80.027748,-41.383072,0.553272,0.176275,-0.419352
1985,33.083333,52.263058,80.401367,-39.777294,0.552898,0.175722,-0.419991
1986,33.100000,,,,,,
1987,33.116667,42.508133,81.622711,-29.061161,0.552010,0.175074,-0.419887
1988,33.133333,37.438423,82.911987,-22.557020,0.552215,0.175787,-0.420459
1989,33.150000,31.833654,82.865417,-19.610458,0.550255,0.171932,-0.416187
1990,33.166667,31.408857,83.097466,-20.896645,0.549419,0.169175,-0.412626
1991,33.183333,42.493347,82.383110,-32.715477,0.547403,0.169539,-0.410438
1992,33.200000,46.984985,81.594879,-37.388287,0.545906,0.167650,-0.408515
1993,33.216667,49.856403,80.602844,-41.224251,0.545076,0.165511,-0.405288
1994,33.233333,50.820160,78.908653,-44.033916,0.541890,0.164689,-0.400598
1995,33.250000,58.105507,79.439049,-52.003113,0.539328,0.161986,-0.395714
1996,33.266667,54.269871,80.113220,-47.578384,0.540770,0.163110,-0.393524
1997,33.283333,52.758144,79.855026,-46.513416,0.539389,0.163545,-0.390462
1998,33.300000,51.720161,80.575470,-46.362701,0.538961,0.161523,-0.385310
1999,33.316667,49.565197,80.396034,-45.756275,0.538400,0.160378,-0.380021
2000,33.333333,44.295990,80.743713,-40.648697,0.539225,0.161496,-0.377779
2001,33.350000,48.187443,80.216408,-47.370090,0.538229,0.160679,-0.371027
2002,33.366667,44.567772,80.519356,-45.375980,0.539861,0.160225,-0.366593
2003,33.383333,49.183975,79.499405,-50.034855,0.538842,0.160253,-0.364133
2004,33.400000,57.354862,79.070236,-57.758499,0.535625,0.162399,-0.359697
2005,33.416667,54.960049,79.669899,-57.272114,0.536369,0.162317,-0.354382
2006,33.433333,58.395706,80.458771,-60.978626,0.536738,0.161833,-0.351863
2007,33.450000,48.556961,82.959465,-48.553471,0.541536,0.164685,-0.352754
2008,33.466667,53.929733,83.181534,-55.898869,0.539910,0.164711,-0.346978
2009,33.483333,49.541431,84.243279,-53.440865,0.541174,0.164626,-0.342643
2010,33.500000,43.855656,85.643791,-47.331070,0.543551,0.164958,-0.342340
2011,33.516667,44.325447,85.723015,-48.250607,0.543683,0.166088,-0.340990
2012,33.533333,50.537785,85.212845,-54.534218,0.543709,0.166697,-0.339375
2013,33.550000,41.114506,85.247391,-45.599876,0.546109,0.165364,-0.338205
2014,33.566667,42.869850,85.011360,-47.437298,0.546949,0.165180,-0.337893
2015,33.583333,57.316353,83.990776,-59.888233,0.545335,0.166190,-0.340495
2016,33.600000,68.186737,83.581444,-72.695694,0.544299,0.166064,-0.336706
2017,33.616667,70.920891,85.097687,-74.107452,0.546378,0.166259,-0.338986
2018,33.633333,75.848640,86.321510,-78.472908,0.547539,0.166093,-0.339998
2019,33.650000,85.307190,87.268845,-85.770081,0.548185,0.165230,-0.343601
2020,33.666667,93.402985,87.232712,-92.746880,0.548304,0.166415,-0.346626
2021,33.683333,118.584366,88.091560,-119.385025,0.549751,0.164945,-0.347232
2022,33.700000,121.127762,87.742104,-122.882538,0.548994,0.164111,-0.347205
2023,33.716667,128.673721,87.292305,-130.931992,0.548616,0.164142,-0.348703
2024,33.733333,126.525009,86.541222,-128.613937,0.548339,0.162398,-0.350802
2025,33.750000,130.199509,85.961029,-131.517685,0.547253,0.162536,-0.353015
2026,33.766667,127.646782,85.564354,-128.344650,0.547160,0.163853,-0.357029
2027,33.783333,130.533844,84.649155,-128.879532,0.545839,0.163792,-0.362194
2028,33.800000,156.720795,84.860802,-153.299515,0.547154,0.164503,-0.367863
2029,33.816667,145.916946,84.483330,-143.496368,0.544722,0.164022,-0.368177
2030,33.833333,146.226974,83.751656,-142.520020,0.542849,0.165095,-0.372023
2031,33.850000,154.219833,83.961006,-150.768524,0.543382,0.164650,-0.375928
2032,33.866667,149.507278,83.012527,-144.383057,0.541126,0.166921,-0.379978
2033,33.883333,147.896164,80.821381,-148.915085,0.537281,0.161410,-0.374446
2034,33.900000,147.601089,81.955795,-141.979263,0.538297,0.167632,-0.386242
2035,33.916667,153.324585,81.494362,-147.148956,0.537620,0.169383,-0.389836
2036,33.933333,139.548706,77.187103,-128.732300,0.528690,0.174002,-0.394231
2037,33.950000,154.118637,79.366188,-144.051147,0.532074,0.173303,-0.397792
2038,33.966667,156.367950,79.994781,-145.838028,0.532314,0.171655,-0.400870
2039,33.983333,153.136948,79.075676,-143.261841,0.530365,0.171206,-0.401142
2040,34.000000,154.658691,78.175476,-144.681076,0.527873,0.170407,-0.402544
2041,34.016667,175.561050,80.673401,-167.162674,0.533847,0.166823,-0.405993
2042,34.033333,163.886475,78.742874,-155.929031,0.529112,0.166759,-0.405780
2043,34.050000,155.026398,77.273964,-145.639404,0.523972,0.171024,-0.406505
2044,34.066667,176.411102,78.829300,-167.278473,0.529786,0.165392,-0.408883
2045,34.083333,154.331985,76.606178,-143.244812,0.521957,0.170228,-0.410452
2046,34.100000,155.381683,75.420532,-145.440964,0.519883,0.167897,-0.409915
2047,34.116667,149.625656,74.515282,-143.218414,0.518007,0.166157,-0.404477
2048,34.133333,157.933502,77.543709,-152.253128,0.522914,0.160894,-0.406184
2049,34.150000,154.522598,76.810036,-144.640305,0.519906,0.167473,-0.410055
2050,34.166667,153.658234,74.620323,-148.628601,0.515115,0.161992,-0.400598
2051,34.183333,162.776184,75.679146,-150.959793,0.516734,0.169259,-0.409609
2052,34.200000,162.044006,76.136955,-157.216888,0.518238,0.160475,-0.401310
2053,34.216667,160.177902,73.057182,-152.924484,0.513219,0.166212,-0.398685
2054,34.233333,164.337158,75.768738,-161.031647,0.517614,0.160471,-0.397028
2055,34.250000,158.117111,71.697922,-150.740829,0.510990,0.166174,-0.395034
2056,34.266667,156.151505,71.961273,-147.564255,0.510419,0.168114,-0.395064
2057,34.283333,-179.894531,70.654045,-178.312805,0.518354,0.150911,-0.380136
2058,34.300000,154.899765,70.409126,-154.151932,0.509129,0.162094,-0.378809
2059,34.316667,157.047882,74.656670,-157.323959,0.515611,0.158773,-0.381558
2060,34.333333,,,,,,
2061,34.350000,161.974289,68.785378,-158.294510,0.510223,0.166263,-0.375668
2062,34.366667,152.387650,68.676727,-152.145615,0.506115,0.162612,-0.367568
2063,34.383333,165.115128,70.452667,-154.797684,0.511618,0.175234,-0.381029
2064,34.400000,155.169846,69.566856,-153.357056,0.510618,0.166880,-0.367587
2065,34.416667,155.598282,69.052948,-155.781036,0.511672,0.166979,-0.363287
2066,34.433333,157.974426,68.035912,-163.154404,0.512231,0.160846,-0.351406
2067,34.450000,170.641357,66.244263,-173.197906,0.514534,0.161471,-0.356167
2068,34.466667,152.277069,67.989922,-157.151733,0.511829,0.164039,-0.348768
2069,34.483333,150.655914,66.264198,-162.578308,0.512217,0.161013,-0.338408
2070,34.500000,157.397720,67.124542,-159.504089,0.514308,0.166861,-0.351437
2071,34.516667,152.895615,68.167290,-158.663528,0.514708,0.166175,-0.343181
2072,34.533333,163.618622,68.601875,-162.653320,0.514142,0.157822,-0.347958
2073,34.550000,165.090332,67.635948,-168.186752,0.519475,0.160211,-0.342498
2074,34.566667,158.406631,68.172592,-159.968613,0.519471,0.168190,-0.346768
2075,34.583333,158.420563,67.830620,-160.998215,0.520720,0.168556,-0.344676
2076,34.600000,158.812805,67.472847,-162.057510,0.522019,0.168356,-0.343439
2077,34.616667,158.523041,67.182587,-161.265335,0.522642,0.169083,-0.343880
2078,34.633333,160.353806,67.334671,-164.022919,0.524498,0.168809,-0.342681
2079,34.650000,156.166779,66.935799,-157.944016,0.521113,0.166213,-0.342417
2080,34.666667,154.508942,66.580017,-158.255875,0.521881,0.166432,-0.341402
2081,34.683333,160.704422,66.200851,-163.261536,0.525450,0.168697,-0.344627
2082,34.700000,159.437668,66.760811,-165.126511,0.527716,0.166568,-0.342626
2083,34.716667,160.092590,65.866608,-166.527466,0.527470,0.166570,-0.341566
2084,34.733333,164.024277,66.617645,-166.358047,0.529917,0.169028,-0.349613
2085,34.750000,160.579285,66.320068,-164.447311,0.528826,0.168679,-0.348693
2086,34.766667,157.990372,65.354607,-170.460968,0.532147,0.162307,-0.338403
2087,34.783333,-179.982544,63.874966,175.839645,0.537284,0.156672,-0.348099
2088,34.800000,169.390793,65.821495,-169.845490,0.532993,0.169474,-0.358775
2089,34.816667,171.787354,65.749298,-171.386688,0.534106,0.168510,-0.362223
2090,34.833333,171.352585,65.172112,-168.633362,0.532427,0.170462,-0.367142
2091,34.850000,166.973221,65.056053,-168.386475,0.532941,0.167920,-0.363683
2092,34.866667,169.780289,65.107109,-168.545227,0.532280,0.167476,-0.368875
2093,34.883333,169.039993,65.385986,-168.188278,0.532298,0.166049,-0.370874
2094,34.900000,169.285599,64.474503,-169.147583,0.531426,0.165758,-0.372233
2095,34.916667,171.504822,64.934639,-166.980988,0.530967,0.168233,-0.379681
2096,34.933333,172.245880,64.939758,-168.298050,0.531035,0.166494,-0.381473
2097,34.950000,171.807693,65.306633,-168.199142,0.531242,0.165451,-0.384090
2098,34.966667,174.485413,65.156166,-168.811127,0.530353,0.166394,-0.387874
2099,34.983333,177.276794,65.163315,-170.698868,0.531680,0.168328,-0.391277
2100,35.000000,174.357117,65.301025,-166.270203,0.528101,0.169018,-0.393572
2101,35.016667,172.046600,65.983864,-162.174088,0.525541,0.168402,-0.397494
2102,35.033333,170.767700,65.214134,-164.110077,0.524276,0.165961,-0.393787
2103,35.050000,174.150543,65.059227,-168.460785,0.525753,0.165456,-0.395778
2104,35.066667,173.571945,65.399590,-167.232269,0.525038,0.165593,-0.398113
2105,35.083333,173.110016,65.291100,-166.426773,0.522763,0.165227,-0.398152
2106,35.100000,,,,,,
